sku_record_id,geo_market,brand_name,category,sub_category,product_portfolio,product_name,product_description,variant_flavor_scent,pack_size,form_factor,upc_or_gtin,retailer_sku_id,retailer,product_url,source_type,confidence,date_collected
CL-CA-COLGATE-0001,Canada,Colgate,Mouthwash & Rinse,Mouthwash / rinse,Colgate (core),Colgate 2 In 1 Mouthwash Toothpaste Strawberry 100 Ml,Voila.ca (Sobeys/Safeway Canada) retailer listing.,Strawberry,100 mL,Paste / Gel,n.a.,Voila article 163444EA,Voila.ca (Sobeys/Safeway Canada),https://voila.ca/products/colgate-2-in-1-mouthwash-toothpaste-strawberry-100-ml/163444EA,Retailer listing,High,2026-08-31
CL-CA-COLGATE-0002,Canada,Colgate,Mouthwash & Rinse,Mouthwash / rinse,Colgate (core),Colgate 2 in 1 Toothpaste & Mouthwash,Well.ca retailer listing (Canada).,n.a.,n.a.,Paste / Gel,n.a.,Well.ca sku 1717,Well.ca,https://well.ca/products/colgate-2-in-1-toothpaste_1717.html,Retailer listing,High,2026-08-31
CL-CA-COLGATE-0003,Canada,Colgate,Toothbrush,Electric / battery toothbrush,Colgate (core),Colgate Adult Powered Toothbrush Sonic Floss Tip,Voila.ca (Sobeys/Safeway Canada) retailer listing.,n.a.,n.a.,Brush,n.a.,Voila article 655670EA,Voila.ca (Sobeys/Safeway Canada),https://voila.ca/products/colgate-adult-powered-toothbrush-sonic-floss-tip/655670EA,Retailer listing,High,2026-08-31
CL-CA-COLGATE-0004,Canada,Colgate,Toothpaste,Toothpaste,Colgate (core),Colgate Advance Oxygen White Toothpaste 73 Ml,Voila.ca (Sobeys/Safeway Canada) retailer listing.,n.a.,73 mL,Paste / Gel,n.a.,Voila article 2986EA,Voila.ca (Sobeys/Safeway Canada),https://voila.ca/products/colgate-advance-oxygen-white-toothpaste-73-ml/2986EA,Retailer listing,High,2026-08-31
CL-CA-COLGATE-0005,Canada,Colgate,Floss & Interdental,Floss / picks,Colgate (core),Colgate Dental Floss Mint 50M 1 Pack,Voila.ca (Sobeys/Safeway Canada) retailer listing.,Mint,1 ct,Floss / Pick,n.a.,Voila article 237021EA,Voila.ca (Sobeys/Safeway Canada),https://voila.ca/products/colgate-dental-floss-mint-50m-1-pack/237021EA,Retailer listing,High,2026-08-31
CL-CA-COLGATE-0006,Canada,Colgate,Toothpaste,Toothpaste,Colgate (core),Colgate Elixir Fresh Boost Toothpaste Cool Mint Wintergreen 80 Ml,Voila.ca (Sobeys/Safeway Canada) retailer listing.,Wintergreen,80 mL,Paste / Gel,n.a.,Voila article 902047EA,Voila.ca (Sobeys/Safeway Canada),https://voila.ca/products/colgate-elixir-fresh-boost-toothpaste-cool-mint-wintergreen-80-ml/902047EA,Retailer listing,High,2026-08-31
CL-CA-COLGATE-0007,Canada,Colgate,Toothpaste,Toothpaste,Colgate (core),Colgate Fresh Stripe Toothpaste 120 Ml,Voila.ca (Sobeys/Safeway Canada) retailer listing.,n.a.,120 mL,Paste / Gel,n.a.,Voila article 949771EA,Voila.ca (Sobeys/Safeway Canada),https://voila.ca/products/colgate-fresh-stripe-toothpaste-120-ml/949771EA,Retailer listing,High,2026-08-31
CL-CA-COLGATE-0008,Canada,Colgate,Mouthwash & Rinse,Mouthwash / rinse,Colgate (core),Colgate Hello Mouthwash Naturally Fresh Mint 473 Ml,Voila.ca (Sobeys/Safeway Canada) retailer listing.,Fresh Mint,473 mL,Liquid Rinse,n.a.,Voila article 902161EA,Voila.ca (Sobeys/Safeway Canada),https://voila.ca/products/colgate-hello-mouthwash-naturally-fresh-mint-473-ml/902161EA,Retailer listing,High,2026-08-31
CL-CA-COLGATE-0009,Canada,Colgate,Mouthwash & Rinse,Mouthwash / rinse,Colgate (core),Colgate Liquid Gel 2-in-1 Whitening Toothpaste and Mouthwash,"Colgate 2-in-1 Whitening is a liquid gel that offers a refreshing combination of the cleaning power of toothpaste and the breath freshening power of mouthwash in one simple step. This product packs powerful flavours into a convenient and easy to store package. For more information about this product, please visit http://www.colgate.ca.",n.a.,n.a.,Paste / Gel,058000003712,n.a.,Colgate.com/en-ca (brand site),https://www.colgate.com/en-ca/products/toothpaste/colgate-2in1,Brand site,Medium,2026-08-31
CL-CA-COLGATE-0010,Canada,Colgate,Mouthwash & Rinse,Mouthwash / rinse,Colgate (core),Colgate Mouthwash Daily Repair Fresh Mint 1 L,Voila.ca (Sobeys/Safeway Canada) retailer listing.,Fresh Mint,1 L,Liquid Rinse,n.a.,Voila article 629874EA,Voila.ca (Sobeys/Safeway Canada),https://voila.ca/products/colgate-mouthwash-daily-repair-fresh-mint-1-l/629874EA,Retailer listing,High,2026-08-31
CL-CA-COLGATE-0011,Canada,Colgate,Mouthwash & Rinse,Mouthwash / rinse,Colgate (core),Colgate Mouthwash Peppermint Blast 1 L,Voila.ca (Sobeys/Safeway Canada) retailer listing.,Peppermint,1 L,Liquid Rinse,n.a.,Voila article 373247EA,Voila.ca (Sobeys/Safeway Canada),https://voila.ca/products/colgate-mouthwash-peppermint-blast-1-l/373247EA,Retailer listing,High,2026-08-31
CL-CA-COLGATE-0012,Canada,Colgate,Toothpaste,Toothpaste,Colgate (core),Colgate Optic Fighter Toothpaste White Stain 90 Ml,Voila.ca (Sobeys/Safeway Canada) retailer listing.,n.a.,90 mL,Paste / Gel,n.a.,Voila article 510412EA,Voila.ca (Sobeys/Safeway Canada),https://voila.ca/products/colgate-optic-fighter-toothpaste-white-stain-90-ml/510412EA,Retailer listing,High,2026-08-31
CL-CA-COLGATE-0013,Canada,Colgate,Toothbrush,Manual toothbrush,Colgate (core),Colgate Portable Travel Toothbrush Soft,Walmart Canada retailer listing.,n.a.,n.a.,Brush,n.a.,Walmart.ca item 10223081,Walmart Canada,https://www.walmart.ca/en/ip/Colgate-Portable-Travel-Toothbrush-Soft/10223081,Retailer listing,High,2026-08-31
CL-CA-COLGATE-0014,Canada,Colgate,Toothpaste,Toothpaste,Colgate (core),Colgate Regular Toothpaste 120 Ml,Voila.ca (Sobeys/Safeway Canada) retailer listing.,n.a.,120 mL,Paste / Gel,n.a.,Voila article 627695EA,Voila.ca (Sobeys/Safeway Canada),https://voila.ca/products/colgate-regular-toothpaste-120-ml/627695EA,Retailer listing,High,2026-08-31
CL-CA-COLGATE-0015,Canada,Colgate,Toothpaste,Toothpaste,Colgate (core),Colgate Regular Toothpaste 95 Ml,Voila.ca (Sobeys/Safeway Canada) retailer listing.,n.a.,95 mL,Paste / Gel,n.a.,Voila article 627757EA,Voila.ca (Sobeys/Safeway Canada),https://voila.ca/products/colgate-regular-toothpaste-95-ml/627757EA,Retailer listing,High,2026-08-31
CL-CA-COLGATE-0016,Canada,Colgate,Toothpaste,Toothpaste,Colgate (core),Colgate Stain Fighter Toothpaste 2 Pack 180 Ml,Voila.ca (Sobeys/Safeway Canada) retailer listing.,n.a.,"180 mL, 2 ct",Paste / Gel,n.a.,Voila article 846151EA,Voila.ca (Sobeys/Safeway Canada),https://voila.ca/products/colgate-stain-fighter-toothpaste-2-pack-180-ml/846151EA,Retailer listing,High,2026-08-31
CL-CA-COLGATE-0017,Canada,Colgate,Toothbrush,Manual toothbrush,Colgate (core),Colgate Toothbrush Adult Twister Soft,Voila.ca (Sobeys/Safeway Canada) retailer listing.,n.a.,n.a.,Brush,n.a.,Voila article 26379EA,Voila.ca (Sobeys/Safeway Canada),https://voila.ca/products/colgate-toothbrush-adult-twister-soft/26379EA,Retailer listing,High,2026-08-31
CL-CA-COLGATE-0018,Canada,Colgate,Toothbrush,Manual toothbrush,Colgate (core),Colgate Toothbrush Minion Smiles Soft,Voila.ca (Sobeys/Safeway Canada) retailer listing.,n.a.,n.a.,Brush,n.a.,Voila article 495273EA,Voila.ca (Sobeys/Safeway Canada),https://voila.ca/products/colgate-toothbrush-minion-smiles-soft/495273EA,Retailer listing,High,2026-08-31
CL-CA-COLGATE-0019,Canada,Colgate,Toothbrush,Manual toothbrush,Colgate (core),Colgate Toothbrush Powered Floss Tip Soft,Voila.ca (Sobeys/Safeway Canada) retailer listing.,n.a.,n.a.,Brush,n.a.,Voila article 629877EA,Voila.ca (Sobeys/Safeway Canada),https://voila.ca/products/colgate-toothbrush-powered-floss-tip-soft/629877EA,Retailer listing,High,2026-08-31
CL-CA-COLGATE-0020,Canada,Colgate,Toothbrush,Manual toothbrush,Colgate (core),Colgate Toothbrush Soft Sensation,Voila.ca (Sobeys/Safeway Canada) retailer listing.,n.a.,n.a.,Brush,n.a.,Voila article 26355EA,Voila.ca (Sobeys/Safeway Canada),https://voila.ca/products/colgate-toothbrush-soft-sensation/26355EA,Retailer listing,High,2026-08-31
CL-CA-COLGATE-0021,Canada,Colgate,Toothpaste,Toothpaste,Colgate (core),Colgate Toothpaste Clean Mint 120 Ml,Voila.ca (Sobeys/Safeway Canada) retailer listing.,Clean Mint,120 mL,Paste / Gel,n.a.,Voila article 949765EA,Voila.ca (Sobeys/Safeway Canada),https://voila.ca/products/colgate-toothpaste-clean-mint-120-ml/949765EA,Retailer listing,High,2026-08-31
CL-CA-COLGATE-0022,Canada,Colgate,Toothpaste,Toothpaste,Colgate (core),Colgate Toothpaste Regular 150 Ml,Voila.ca (Sobeys/Safeway Canada) retailer listing.,n.a.,150 mL,Paste / Gel,n.a.,Voila article 630522EA,Voila.ca (Sobeys/Safeway Canada),https://voila.ca/products/colgate-toothpaste-regular-150-ml/630522EA,Retailer listing,High,2026-08-31
CL-CA-COLGATE-0023,Canada,Colgate,Toothpaste,Toothpaste,Colgate (core),Colgate Toothpaste Whitening 2 X 120 Ml,Voila.ca (Sobeys/Safeway Canada) retailer listing.,n.a.,120 mL,Paste / Gel,n.a.,Voila article 840784EA,Voila.ca (Sobeys/Safeway Canada),https://voila.ca/products/colgate-toothpaste-whitening-2-x-120-ml/840784EA,Retailer listing,High,2026-08-31
CL-CA-COLGATE-0024,Canada,Colgate,Toothpaste,Toothpaste,Colgate (core),Colgate Toothpaste Winter Fresh 95 Ml,Voila.ca (Sobeys/Safeway Canada) retailer listing.,n.a.,95 mL,Paste / Gel,n.a.,Voila article 627760EA,Voila.ca (Sobeys/Safeway Canada),https://voila.ca/products/colgate-toothpaste-winter-fresh-95-ml/627760EA,Retailer listing,High,2026-08-31
CL-CA-COLGATE-0025,Canada,Colgate,Toothbrush,Manual toothbrush,Colgate (core),Colgate Twister Toothbrush Adult Medium,Voila.ca (Sobeys/Safeway Canada) retailer listing.,n.a.,n.a.,Brush,n.a.,Voila article 26375EA,Voila.ca (Sobeys/Safeway Canada),https://voila.ca/products/colgate-twister-toothbrush-adult-medium/26375EA,Retailer listing,High,2026-08-31
CL-CA-COLGATE-0026,Canada,Colgate,Mouthwash & Rinse,Mouthwash / rinse,Colgate (core),Colgate Watermelon 2 In 1 Toothpaste And Mouthwash 100 Ml,Voila.ca (Sobeys/Safeway Canada) retailer listing.,Watermelon,100 mL,Paste / Gel,n.a.,Voila article 421878EA,Voila.ca (Sobeys/Safeway Canada),https://voila.ca/products/colgate-watermelon-2-in-1-toothpaste-and-mouthwash-100-ml/421878EA,Retailer listing,High,2026-08-31
CL-CA-COLGATE-0027,Canada,Colgate,Mouthwash & Rinse,Mouthwash / rinse,Colgate (core),Colgate Whitening 2 In 1 Toothpaste And Mouthwash 100 Ml,Voila.ca (Sobeys/Safeway Canada) retailer listing.,n.a.,100 mL,Paste / Gel,n.a.,Voila article 62015EA,Voila.ca (Sobeys/Safeway Canada),https://voila.ca/products/colgate-whitening-2-in-1-toothpaste-and-mouthwash-100-ml/62015EA,Retailer listing,High,2026-08-31
CL-CA-COLGATE-0028,Canada,Colgate,Whitening,Whitening pen / strips / kit,Colgate (core),Colgate Whitening Pen Overnight 1 Ea,Voila.ca (Sobeys/Safeway Canada) retailer listing.,n.a.,n.a.,Whitening Device / Strip,n.a.,Voila article 902164EA,Voila.ca (Sobeys/Safeway Canada),https://voila.ca/products/colgate-whitening-pen-overnight-1-ea/902164EA,Retailer listing,High,2026-08-31
CL-CA-COLGATE-0029,Canada,Colgate,Toothpaste,Toothpaste,Colgate (core),Colgate Winterfresh Toothpaste 120 Ml,Voila.ca (Sobeys/Safeway Canada) retailer listing.,n.a.,120 mL,Paste / Gel,n.a.,Voila article 627706EA,Voila.ca (Sobeys/Safeway Canada),https://voila.ca/products/colgate-winterfresh-toothpaste-120-ml/627706EA,Retailer listing,High,2026-08-31
CL-CA-COLGATE-0030,Canada,Colgate,Toothpaste,Toothpaste,Colgate (core),Colgate dentifrice,Open barcode database record (barcode 13334303); brands field: colgate.,n.a.,n.a.,Paste / Gel,n.a.,n.a.,n.a. (open barcode database),"https://world.openbeautyfacts.org/api/v2/search?brands_tags=colgate&countries_tags=en%3Acanada&fields=code,product_name,generic_name,brands,quantity,categories_tags,product_quantity,labels_tags,url&page_size=100&page=1",UPC database,Medium,2026-08-31
CL-CA-COLGATE-0031,Canada,Colgate,Mouthwash & Rinse,Mouthwash / rinse,Colgate (core),Hello Clean Mint Fluoride Free And Alcohol Free Mouthwash With Aloe Vera 520 Ml,Walmart Canada retailer listing.,Clean Mint,520 mL,Liquid Rinse,n.a.,Walmart.ca item 1C8K6D2GHFE4,Walmart Canada,https://www.walmart.ca/en/ip/hello-Clean-Mint-Fluoride-Free-and-Alcohol-Free-Mouthwash-with-Aloe-Vera-520-mL/1C8K6D2GHFE4,Retailer listing,High,2026-08-31
CL-CA-COLGATE-0032,Canada,Colgate,Toothpaste,Toothpaste,Colgate (core),Hello Goodbye Plaque Whitening Fluoride Free Toothpaste Peppermint 98 Ml,Walmart Canada retailer listing.,Peppermint,98 mL,Paste / Gel,n.a.,Walmart.ca item 6000202108532,Walmart Canada,https://www.walmart.ca/en/ip/hello-Goodbye-Plaque-Whitening-Fluoride-Free-Toothpaste-Peppermint-98-ml/6000202108532,Retailer listing,High,2026-08-31
CL-CA-COLGATE-0033,Canada,Colgate,Toothpaste,Toothpaste,Colgate (core),Hello Super Fresh Whitening Fluoride Free Toothpaste Natural Spearmint 82 Ml,Walmart Canada retailer listing.,Spearmint,82 mL,Paste / Gel,n.a.,Walmart.ca item 4DYZH0H57VIR,Walmart Canada,https://www.walmart.ca/en/ip/hello-Super-Fresh-Whitening-Fluoride-Free-Toothpaste-Natural-Spearmint-82-ml/4DYZH0H57VIR,Retailer listing,High,2026-08-31
CL-CA-COLGATE-0034,Canada,Colgate,Toothpaste,Toothpaste,Colgate (core),Hello Super Mega Whitening Toothpaste With Fluoride Peppermint 82 Ml Tube,Walmart Canada retailer listing.,Peppermint,82 mL,Paste / Gel,n.a.,Walmart.ca item 6000207946465,Walmart Canada,https://www.walmart.ca/en/ip/hello-Super-Mega-Whitening-Toothpaste-with-Fluoride-Peppermint-82-ml-Tube/6000207946465,Retailer listing,High,2026-08-31
CL-CA-COLGATE-0035,Canada,Colgate,Toothpaste,Toothpaste,Colgate (core),Hello Whipped Fluoride Toothpaste Minty Foam Toothpaste Mellow Mint 82 Ml,Walmart Canada retailer listing.,Mint,82 mL,Paste / Gel,n.a.,Walmart.ca item 2C5T5Q1Z7GPJ,Walmart Canada,https://www.walmart.ca/en/ip/hello-Whipped-Fluoride-Toothpaste-Minty-Foam-Toothpaste-Mellow-Mint-82-mL/2C5T5Q1Z7GPJ,Retailer listing,High,2026-08-31
CL-CA-COLGATE-0036,Canada,Colgate,Toothpaste,Toothpaste,Colgate (core),Hello Whipped Fluoride Toothpaste Peppermint Stick 82 Ml,Walmart Canada retailer listing.,Peppermint,82 mL,Paste / Gel,n.a.,Walmart.ca item 6Z2HX187BSN7,Walmart Canada,https://www.walmart.ca/en/ip/hello-Whipped-Fluoride-Toothpaste-Peppermint-Stick-82-mL/6Z2HX187BSN7,Retailer listing,High,2026-08-31
CL-CA-COLGATE-0037,Canada,Colgate,Toothbrush,Manual toothbrush,Colgate 360,Colgate 360 Adult Toothbrush Soft 4 Pack,Voila.ca (Sobeys/Safeway Canada) retailer listing.,n.a.,4 ct,Brush,n.a.,Voila article 790808EA,Voila.ca (Sobeys/Safeway Canada),https://voila.ca/products/colgate-360-adult-toothbrush-soft-4-pack/790808EA,Retailer listing,High,2026-08-31
CL-CA-COLGATE-0038,Canada,Colgate,Toothbrush,Manual toothbrush,Colgate 360,Colgate 360 Advanced 4 Zone Soft Toothbrush,Voila.ca (Sobeys/Safeway Canada) retailer listing.,n.a.,n.a.,Brush,n.a.,Voila article 682680EA,Voila.ca (Sobeys/Safeway Canada),https://voila.ca/products/colgate-360-advanced-4-zone-soft-toothbrush/682680EA,Retailer listing,High,2026-08-31
CL-CA-COLGATE-0039,Canada,Colgate,Toothbrush,Manual toothbrush,Colgate 360,Colgate 360 Advanced Floss Tip Toothbrush Adult Soft 2 Pack,Walmart Canada retailer listing.,n.a.,2 ct,Brush,n.a.,Walmart.ca item 31LFVSJQ51BQ,Walmart Canada,https://www.walmart.ca/en/ip/Colgate-360-Advanced-Floss-Tip-Toothbrush-Adult-Soft-2-Pack/31LFVSJQ51BQ,Retailer listing,High,2026-08-31
CL-CA-COLGATE-0040,Canada,Colgate,Toothbrush,Manual toothbrush,Colgate 360,Colgate 360 Advanced Whitening Soft Toothbrush Pack 4 Count,Walmart Canada retailer listing.,n.a.,4 ct,Brush,n.a.,Walmart.ca item 6000200641331,Walmart Canada,https://www.walmart.ca/en/ip/Colgate-360-Advanced-Whitening-Soft-Toothbrush-Pack-4-Count/6000200641331,Retailer listing,High,2026-08-31
CL-CA-COLGATE-0041,Canada,Colgate,Toothbrush,Electric / battery toothbrush,Colgate 360,Colgate 360 Charcoal Sonic Powered Battery Toothbrush,Walmart Canada retailer listing.,Charcoal,n.a.,Brush,n.a.,Walmart.ca item 6000202057123,Walmart Canada,https://www.walmart.ca/en/ip/Colgate-360-Charcoal-Sonic-Powered-Battery-Toothbrush/6000202057123,Retailer listing,High,2026-08-31
CL-CA-COLGATE-0042,Canada,Colgate,Toothbrush,Electric / battery toothbrush,Colgate 360,Colgate 360 Colgate 360 Vibrate Charcoal Battery Powered Electric Toothbrush,n.a.,Charcoal,n.a.,Brush,n.a.,n.a.,Colgate.com/en-ca (brand site),https://www.colgate.com/en-ca/products/toothbrush/mf-wisp,Brand site,Medium,2026-08-31
CL-CA-COLGATE-0043,Canada,Colgate,Toothbrush,Electric / battery toothbrush,Colgate 360,Colgate 360 Floss Tip Battery Toothbrush,Voila.ca (Sobeys/Safeway Canada) retailer listing.,n.a.,n.a.,Brush,n.a.,Voila article 694845EA,Voila.ca (Sobeys/Safeway Canada),https://voila.ca/products/colgate-360-floss-tip-battery-toothbrush/694845EA,Retailer listing,High,2026-08-31
CL-CA-COLGATE-0044,Canada,Colgate,Toothbrush,Manual toothbrush,Colgate 360,Colgate 360 Floss Tip Starter Kit Toothbrush Pack,Voila.ca (Sobeys/Safeway Canada) retailer listing.,n.a.,n.a.,Brush,n.a.,Voila article 174656EA,Voila.ca (Sobeys/Safeway Canada),https://voila.ca/products/colgate-360-floss-tip-starter-kit-toothbrush-pack/174656EA,Retailer listing,High,2026-08-31
CL-CA-COLGATE-0045,Canada,Colgate,Toothbrush,Manual toothbrush,Colgate 360,Colgate 360 Fresh 'N Protect Tweens Toothbrush,Cleaning bristles and polishing cups help remove more plaque and stains than an ordinary flat-trim toothbrush.,n.a.,n.a.,Brush,035000554048,n.a.,Colgate.com/en-ca (brand site),https://www.colgate.com/en-ca/products/toothbrush/colgate-360-fresh-protect-tweens-toothbrush,Brand site,Medium,2026-08-31
CL-CA-COLGATE-0046,Canada,Colgate,Toothbrush,Manual toothbrush,Colgate 360,Colgate 360 Medium Twin Toothbrushes 2 Pack,Voila.ca (Sobeys/Safeway Canada) retailer listing.,n.a.,2 ct,Brush,n.a.,Voila article 224460EA,Voila.ca (Sobeys/Safeway Canada),https://voila.ca/products/colgate-360-medium-twin-toothbrushes-2-pack/224460EA,Retailer listing,High,2026-08-31
CL-CA-COLGATE-0047,Canada,Colgate,Toothbrush,Manual toothbrush,Colgate 360,Colgate 360 Optic Toothbrush White Medium 1 Pack,Voila.ca (Sobeys/Safeway Canada) retailer listing.,n.a.,1 ct,Brush,n.a.,Voila article 301230EA,Voila.ca (Sobeys/Safeway Canada),https://voila.ca/products/colgate-360-optic-toothbrush-white-medium-1-pack/301230EA,Retailer listing,High,2026-08-31
CL-CA-COLGATE-0048,Canada,Colgate,Toothbrush,Electric / battery toothbrush,Colgate 360,Colgate 360 Sonic Power Bat Toothbrush,Well.ca retailer listing (Canada).,n.a.,n.a.,Brush,n.a.,Well.ca sku 199135,Well.ca,https://well.ca/products/colgate-360-sonic-power-bat_199135.html,Retailer listing,High,2026-08-31
CL-CA-COLGATE-0049,Canada,Colgate,Toothbrush,Manual toothbrush,Colgate 360,Colgate 360 Toothbrush Medium,Walmart Canada retailer listing.,n.a.,n.a.,Brush,n.a.,Walmart.ca item 10219802,Walmart Canada,https://www.walmart.ca/en/ip/Colgate-360-Toothbrush-Medium/10219802,Retailer listing,High,2026-08-31
CL-CA-COLGATE-0050,Canada,Colgate,Toothbrush,Manual toothbrush,Colgate 360,Colgate 360 Toothbrush Soft,Well.ca retailer listing (Canada).,n.a.,n.a.,Brush,n.a.,Well.ca sku 4083,Well.ca,https://well.ca/products/colgate-360-toothbrush-soft_4083.html,Retailer listing,High,2026-08-31
CL-CA-COLGATE-0051,Canada,Colgate,Toothbrush,Manual toothbrush,Colgate 360,Colgate 360 Toothbrush Value Pack Soft,Well.ca retailer listing (Canada).,n.a.,n.a.,Brush,n.a.,Well.ca sku 190816,Well.ca,https://well.ca/products/colgate-360-toothbrush-value-pack_190816.html,Retailer listing,High,2026-08-31
CL-CA-COLGATE-0052,Canada,Colgate,Toothbrush,Manual toothbrush,Colgate 360,Colgate 360 Toothbrush With Tongue And Cheek Cleaner Medium,Walmart Canada retailer listing.,n.a.,n.a.,Brush,n.a.,Walmart.ca item 6000197751867,Walmart Canada,https://www.walmart.ca/en/ip/Colgate-360-Toothbrush-with-Tongue-and-Cheek-Cleaner-Medium/6000197751867,Retailer listing,High,2026-08-31
CL-CA-COLGATE-0053,Canada,Colgate,Toothbrush,Manual toothbrush,Colgate 360,Colgate 360 Toothbrush With Tongue And Cheek Cleaner Soft,Walmart Canada retailer listing.,n.a.,n.a.,Brush,n.a.,Walmart.ca item 6000197752370,Walmart Canada,https://www.walmart.ca/en/ip/Colgate-360-Toothbrush-with-Tongue-and-Cheek-Cleaner-Soft/6000197752370,Retailer listing,High,2026-08-31
CL-CA-COLGATE-0054,Canada,Colgate,Toothbrush,Manual toothbrush,Colgate 360,Colgate 360 Toothbrush with Tongue and Cheek Cleaner Medium,Well.ca retailer listing (Canada).,n.a.,n.a.,Brush,n.a.,Well.ca sku 270250,Well.ca,https://well.ca/products/colgate-360-toothbrush-with-tongue_270250.html,Retailer listing,High,2026-08-31
CL-CA-COLGATE-0055,Canada,Colgate,Toothbrush,Electric / battery toothbrush,Colgate 360,Colgate 360 Vibrate Charcoal Battery Powered Electric Toothbrush,The Colgate 360 Charcoal Sonic Powered Toothbrush with vibrating bristles provides a healthier whole mouth clean and removes more bacteria vs. brushing teeth alone with an ordinary flat-trim toothbrush.,Charcoal,n.a.,Brush,035000983992,n.a.,Colgate.com/en-ca (brand site),https://www.colgate.com/en-ca/products/toothbrush/360-charcoal-sonic-powered-vibrating,Brand site,Medium,2026-08-31
CL-CA-COLGATE-0056,Canada,Colgate,Toothbrush,Electric / battery toothbrush,Colgate 360,"Colgate 360 Vibrate Deep Clean Battery Powered Electric Toothbrush, Medium",The Colgate 360 Vibrate Deep Clean Battery Toothbrush Pack comes with 2 adult toothbrushes and combines the power of a battery powered electric toothbrush with the familiarity of a manual toothbrush head for an effective teeth cleaning experience.,n.a.,n.a.,Brush,827854019961,n.a.,Colgate.com/en-ca (brand site),https://www.colgate.com/en-ca/products/toothbrush/360-vibrate-deep-clean-battery-toothbrush-medium-2pk,Brand site,Medium,2026-08-31
CL-CA-COLGATE-0057,Canada,Colgate,Toothbrush,Electric / battery toothbrush,Colgate 360,"Colgate 360 Vibrate Deep Clean Battery Powered Electric Toothbrush, Medium, 2 Pack",Listed on Colgate brand site product carousel with barcode 058000140707,n.a.,2 ct,Brush,058000140707,n.a.,Colgate.com/en-ca (brand site),https://www.colgate.com/en-ca/products/toothbrush/360-ow-sonic-power,Brand site,Medium,2026-08-31
CL-CA-COLGATE-0058,Canada,Colgate,Toothbrush,Electric / battery toothbrush,Colgate 360,"Colgate 360 Vibrate Deep Clean Battery Powered Electric Toothbrush, Medium, 2 Pack",<p>The Colgate 360 Vibrate Deep Clean Battery Toothbrush Pack comes with 2 adult toothbrushes and combines the power of a battery powered electric toothbrush with the familiarity of a manual toothbrush head for an effective teeth cleaning experience.</p>,n.a.,n.a.,Brush,n.a.,n.a.,Colgate.com/en-ca (brand site),https://www.colgate.com/en-ca/products/toothbrush/360-ow-sonic-power,Brand site,Medium,2026-08-31
CL-CA-COLGATE-0059,Canada,Colgate,Toothbrush,Electric / battery toothbrush,Colgate 360,Colgate 360 Vibrate Whitening Battery Operated Toothbrushes With 1 Aaa Battery,Walmart Canada retailer listing.,n.a.,n.a.,Brush,n.a.,Walmart.ca item 6000200487808,Walmart Canada,https://www.walmart.ca/en/ip/Colgate-360-Vibrate-Whitening-Battery-Operated-Toothbrushes-with-1-AAA-Battery/6000200487808,Retailer listing,High,2026-08-31
CL-CA-COLGATE-0060,Canada,Colgate,Toothbrush,Electric / battery toothbrush,Colgate 360,Colgate 360 Vibrate Whitening Battery Powered Electric Toothbrush,"The Colgate 360 Optic White Sonic Power toothbrush has 2X whitening action by whitening teeth in 2 ways. This powered toothbrush lets you activate 20,000 sonic strokes per minute with the simple touch of a button and includes a tongue and cheek cleaner. Battery is included.",n.a.,n.a.,Brush,058000140714,n.a.,Colgate.com/en-ca (brand site),https://www.colgate.com/en-ca/products/toothbrush/colgate-360-whitening-medium-sonic-powered,Brand site,Medium,2026-08-31
CL-CA-COLGATE-0061,Canada,Colgate,Toothbrush,Manual toothbrush,Colgate 360,Colgate 360 Whole Mouth Clean Medium Toothbrush For Adults 6Pk,Walmart Canada retailer listing.,n.a.,6 ct,Brush,n.a.,Walmart.ca item 6000201669372,Walmart Canada,https://www.walmart.ca/en/ip/Colgate-360-Whole-Mouth-Clean-Medium-toothbrush-for-adults-6pk/6000201669372,Retailer listing,High,2026-08-31
CL-CA-COLGATE-0062,Canada,Colgate,Toothbrush,Manual toothbrush,Colgate 360,"Colgate 360° Advanced Whitening Toothbrush, Medium Adult Toothbrush, 1 Pack<br/>",A whiter smile begins with your first brushing with the Colgate 360° Advanced Whitening Adult Medium Toothbrush.,n.a.,n.a.,Brush,n.a.,n.a.,Colgate.com/en-ca (brand site),https://www.colgate.com/en-ca/products/toothbrush/360-advanced-optic-white,Brand site,Medium,2026-08-31
CL-CA-COLGATE-0063,Canada,Colgate,Toothbrush,Manual toothbrush,Colgate 360,"Colgate 360° Advanced Whitening Toothbrush, Soft Adult Toothbrush, 1 Pack",Listed on Colgate brand site product carousel with barcode 035000454591. Barcode-database title: Colgate 360 Optic White Advanced Manual Toothbrush FHS - 1ct,n.a.,1 ct,Brush,035000454591,n.a.,Colgate.com/en-ca (brand site),https://www.colgate.com/en-ca/products/toothbrush/360-whitening-soft,Brand site,Medium,2026-08-31
CL-CA-COLGATE-0064,Canada,Colgate,Toothbrush,Manual toothbrush,Colgate 360,"Colgate 360° Advanced Whitening Toothbrush, Soft Adult Toothbrush, 1 Pack","The Colgate 360⁰ Advanced Optic White soft manual toothbrush features an advanced multi-action bristle design (vs. an ordinary flat trim toothbrush), polishing bristles to remove teeth stains, and an innovative cheek & tongue cleaner design to remove bacteria from teeth, tongue, cheeks, and gums.",n.a.,n.a.,Brush,n.a.,n.a.,Colgate.com/en-ca (brand site),https://www.colgate.com/en-ca/products/toothbrush/360-whitening-soft,Brand site,Medium,2026-08-31
CL-CA-COLGATE-0065,Canada,Colgate,Toothbrush,Manual toothbrush,Colgate 360,"Colgate 360° Charcoal Toothbrush, Adult Soft Toothbrush","The Colgate 360° Charcoal adult toothbrush has charcoal infused floss-tip bristles† and whitens teeth‡. Made in a zero true waste, LEED-certified facility, the Colgate 360° toothbrush has a 100% recycled paperboard backercard.",Charcoal,n.a.,Brush,035000994530,n.a.,Colgate.com/en-ca (brand site),https://www.colgate.com/en-ca/products/toothbrush/360-charcoal,Brand site,Medium,2026-08-31
CL-CA-COLGATE-0066,Canada,Colgate,Toothbrush,Manual toothbrush,Colgate 360,"Colgate 360° Deep Clean Toothbrush, Medium Adult Toothbrush, 1 Pack","<p>The Colgate 360° Deep Clean Medium Toothbrush features multiheight medium bristles that help clean in between teeth and along the gumline. The cleaning bristles and polishing cups of this deep clean toothbrush help remove more plaque and stains than an ordinary flat-trim toothbrush. This adult toothbrush offers 4-in-1 bacteria removal and removes bacteria from the teeth, tongue, cheeks, and gum",n.a.,1 ct,Brush,058000006140,n.a.,Colgate.com/en-ca (brand site),https://www.colgate.com/en-ca/products/toothbrush/colgate-360-deep-clean-toothbrush,Brand site,Medium,2026-08-31
CL-CA-COLGATE-0067,Canada,Colgate,Toothbrush,Manual toothbrush,Colgate 360,"Colgate 360° Floss-Tip Toothbrush, Medium Adult Toothbrush, 1 Pack<br/>",The Colgate 360° Floss-Tip Toothbrush* features medium Floss-Tip* bristles that gently reach deep between teeth and along the gumline to provide a deep clean.,n.a.,n.a.,Brush,n.a.,n.a.,Colgate.com/en-ca (brand site),https://www.colgate.com/en-ca/products/toothbrush/360-total-advanced-floss-tip-toothbrush,Brand site,Medium,2026-08-31
CL-CA-COLGATE-0068,Canada,Colgate,Toothbrush,Manual toothbrush,Colgate 360,"Colgate 360° Floss-Tip Toothbrush, Soft Adult Toothbrush, 1 Pack",The Colgate 360° Floss-Tip Toothbrush* features soft Floss-Tip* bristles that gently reach deep between teeth and along the gumline for a deep clean.,n.a.,1 ct,Brush,827854000266,n.a.,Colgate.com/en-ca (brand site),https://www.colgate.com/en-ca/products/toothbrush/colgate-360-advanced-floss-tip,Brand site,Medium,2026-08-31
CL-CA-COLGATE-0069,Canada,Colgate,Toothbrush,Manual toothbrush,Colgate 360,"Colgate 360° Toothbrush with Tongue and Cheek Cleaner, Soft",This manual toothbrush has an ergonomic handle design and a unique cheek & tongue cleaner that helps reduce 151% more bacteria that cause bad breath versus brushing teeth alone with an ordinary flat-trim toothbrush.,n.a.,n.a.,Brush,058000006157,n.a.,Colgate.com/en-ca (brand site),https://www.colgate.com/en-ca/products/toothbrush/colgate-360-toothbrush-deep-clean,Brand site,Medium,2026-08-31
CL-CA-COLGATE-0070,Canada,Colgate,Toothbrush,Manual toothbrush,Colgate 360,"Colgate 360° Whitening Toothbrush, Soft",Listed on Colgate brand site product carousel with barcode 058000309968,n.a.,n.a.,Brush,058000309968,n.a.,Colgate.com/en-ca (brand site),https://www.colgate.com/en-ca/products/toothbrush/colgate-360-toothbrush,Brand site,Medium,2026-08-31
CL-CA-COLGATE-0071,Canada,Colgate,Toothbrush,Electric / battery toothbrush,Colgate 360,Colgate Adult Toothbrush 360 Battery Sonic Powered Charcoal Soft,Voila.ca (Sobeys/Safeway Canada) retailer listing.,Charcoal,n.a.,Brush,n.a.,Voila article 655671EA,Voila.ca (Sobeys/Safeway Canada),https://voila.ca/products/colgate-adult-toothbrush-360-battery-sonic-powered-charcoal-soft/655671EA,Retailer listing,High,2026-08-31
CL-CA-COLGATE-0072,Canada,Colgate,Toothbrush,Manual toothbrush,Colgate 360,Colgate Manuel 360 Clean Between Medium Toothbrush,Voila.ca (Sobeys/Safeway Canada) retailer listing.,n.a.,n.a.,Brush,n.a.,Voila article 379709EA,Voila.ca (Sobeys/Safeway Canada),https://voila.ca/products/colgate-manuel-360-clean-between-medium-toothbrush/379709EA,Retailer listing,High,2026-08-31
CL-CA-COLGATE-0073,Canada,Colgate,Toothbrush,Manual toothbrush,Colgate 360,Colgate Toothbrush 360 Charcoal Power,Voila.ca (Sobeys/Safeway Canada) retailer listing.,Charcoal,n.a.,Brush,n.a.,Voila article 949565EA,Voila.ca (Sobeys/Safeway Canada),https://voila.ca/products/colgate-toothbrush-360-charcoal-power/949565EA,Retailer listing,High,2026-08-31
CL-CA-COLGATE-0074,Canada,Colgate,Toothbrush,Manual toothbrush,Colgate 360,Colgate Toothbrush 360 Medium,Voila.ca (Sobeys/Safeway Canada) retailer listing.,n.a.,n.a.,Brush,n.a.,Voila article 438769EA,Voila.ca (Sobeys/Safeway Canada),https://voila.ca/products/colgate-toothbrush-360-medium/438769EA,Retailer listing,High,2026-08-31
CL-CA-COLGATE-0075,Canada,Colgate,Toothbrush,Manual toothbrush,Colgate 360,Colgate Toothbrush 360 Soft,Voila.ca (Sobeys/Safeway Canada) retailer listing.,n.a.,n.a.,Brush,n.a.,Voila article 438768EA,Voila.ca (Sobeys/Safeway Canada),https://voila.ca/products/colgate-toothbrush-360-soft/438768EA,Retailer listing,High,2026-08-31
CL-CA-COLGATE-0076,Canada,Colgate,Toothbrush,Manual toothbrush,Colgate Bamboo Charcoal,Colgate Bamboo Charcoal Manual Toothbrush,Well.ca retailer listing (Canada).,Charcoal,n.a.,Brush,n.a.,Well.ca sku 215640,Well.ca,https://well.ca/products/colgate-bamboo-charcoal-manual_215640.html,Retailer listing,High,2026-08-31
CL-CA-COLGATE-0077,Canada,Colgate,Toothbrush,Manual toothbrush,Colgate Bamboo Charcoal,Colgate Bamboo Charcoal Toothbrush Soft,Well.ca retailer listing (Canada).,Charcoal,n.a.,Brush,n.a.,Well.ca sku 190805,Well.ca,https://well.ca/products/colgate-bamboo-charcoal-toothbrush_190805.html,Retailer listing,High,2026-08-31
CL-CA-COLGATE-0078,Canada,Colgate,Toothbrush,Manual toothbrush,Colgate Bamboo Charcoal,Colgate Kids Toothbrush Bamboo Handle,Voila.ca (Sobeys/Safeway Canada) retailer listing.,n.a.,n.a.,Brush,n.a.,Voila article 906446EA,Voila.ca (Sobeys/Safeway Canada),https://voila.ca/products/colgate-kids-toothbrush-bamboo-handle/906446EA,Retailer listing,High,2026-08-31
CL-CA-COLGATE-0079,Canada,Colgate,Toothbrush,Manual toothbrush,Colgate Bamboo Charcoal,Colgate Toothbrush Charcoal Bamboo Soft,Voila.ca (Sobeys/Safeway Canada) retailer listing.,Charcoal,n.a.,Brush,n.a.,Voila article 501788EA,Voila.ca (Sobeys/Safeway Canada),https://voila.ca/products/colgate-toothbrush-charcoal-bamboo-soft/501788EA,Retailer listing,High,2026-08-31
CL-CA-COLGATE-0080,Canada,Colgate,Toothpaste,Toothpaste,Colgate Cavity Protection,Colgate Cavity Protection Fluoride Toothpaste,"Formulated with fluoride, it is clinically proven to help strengthen teeth by repairing weak spots and leaves your mouth feeling fresh and clean.",n.a.,n.a.,Paste / Gel,058000310483,n.a.,Colgate.com/en-ca (brand site),https://www.colgate.com/en-ca/products/toothpaste/cc-cavity-protection,Brand site,Medium,2026-08-31
CL-CA-COLGATE-0081,Canada,Colgate,Toothpaste,Toothpaste,Colgate Cavity Protection,Colgate Cavity Protection Fluoride Toothpaste Regular 60Ml,Walmart Canada retailer listing.,n.a.,60 mL,Paste / Gel,n.a.,Walmart.ca item 10075628,Walmart Canada,https://www.walmart.ca/en/ip/Colgate-Cavity-Protection-Fluoride-Toothpaste-Regular-60ml/10075628,Retailer listing,High,2026-08-31
CL-CA-COLGATE-0082,Canada,Colgate,Toothpaste,Toothpaste,Colgate Cavity Protection,Colgate Cavity Protection Fluoride Toothpaste Regular 95Ml,Walmart Canada retailer listing.,n.a.,95 mL,Paste / Gel,n.a.,Walmart.ca item 6000195573257,Walmart Canada,https://www.walmart.ca/en/ip/Colgate-Cavity-Protection-Fluoride-Toothpaste-Regular-95ml/6000195573257,Retailer listing,High,2026-08-31
CL-CA-COLGATE-0083,Canada,Colgate,Toothpaste,Toothpaste,Colgate Cavity Protection,Colgate Cavity Protection Fluoride Toothpaste Regular Value Pack 4X120Ml,Walmart Canada retailer listing.,n.a.,120 mL,Paste / Gel,n.a.,Walmart.ca item 6000197741662,Walmart Canada,https://www.walmart.ca/en/ip/Colgate-Cavity-Protection-Fluoride-Toothpaste-Regular-Value-pack-4x120ml/6000197741662,Retailer listing,High,2026-08-31
CL-CA-COLGATE-0084,Canada,Colgate,Toothpaste,Toothpaste,Colgate Cavity Protection,Colgate Cavity Protection Fluoride Toothpaste Winterfresh 95Ml,Walmart Canada retailer listing.,n.a.,95 mL,Paste / Gel,n.a.,Walmart.ca item 6000195573254,Walmart Canada,https://www.walmart.ca/en/ip/Colgate-Cavity-Protection-Fluoride-Toothpaste-Winterfresh-95ml/6000195573254,Retailer listing,High,2026-08-31
CL-CA-COLGATE-0085,Canada,Colgate,Toothpaste,Toothpaste,Colgate Cavity Protection,"Colgate Cavity Protection Fluoride Toothpaste, Winterfresh","Formulated with fluoride, it is clinically proven to help strengthen teeth by repairing weak spots and leaves your mouth feeling fresh and clean.",n.a.,n.a.,Paste / Gel,058000313293,n.a.,Colgate.com/en-ca (brand site),https://www.colgate.com/en-ca/products/toothpaste/cc-cavity-protection-winterfresh,Brand site,Medium,2026-08-31
CL-CA-COLGATE-0086,Canada,Colgate,Toothpaste,Toothpaste,Colgate Cavity Protection,Colgate Cavity Protection Kids Fluoride Toothpaste Surprise Mild Bubble Fruit 75 Ml,Walmart Canada retailer listing.,Bubble Fruit,75 mL,Paste / Gel,n.a.,Walmart.ca item 10036256,Walmart Canada,https://www.walmart.ca/en/ip/Colgate-Cavity-Protection-Kids-Fluoride-Toothpaste-Surprise-Mild-Bubble-Fruit-75-mL/10036256,Retailer listing,High,2026-08-31
CL-CA-COLGATE-0087,Canada,Colgate,Toothpaste,Toothpaste,Colgate Cavity Protection,Colgate Kids Cavity Protection Toothpaste,Well.ca retailer listing (Canada).,n.a.,n.a.,Paste / Gel,n.a.,Well.ca sku 215630,Well.ca,https://well.ca/products/colgate-kids-cavity-protection_215630.html,Retailer listing,High,2026-08-31
CL-CA-COLGATE-0088,Canada,Colgate,Toothpaste,Toothpaste,Colgate Cavity Protection,Colgate Kids Toothpaste Cavity Protection Bubble Fruit Value Pack 2X5Ml,Walmart Canada retailer listing.,Bubble Fruit,5 mL,Paste / Gel,n.a.,Walmart.ca item 6000202431688,Walmart Canada,https://www.walmart.ca/en/ip/Colgate-Kids-Toothpaste-Cavity-Protection-Bubble-Fruit-Value-Pack-2x5ml/6000202431688,Retailer listing,High,2026-08-31
CL-CA-COLGATE-0089,Canada,Colgate,Toothpaste,Toothpaste,Colgate Cavity Protection,Colgate Regular Cavity Protection Flouride Toothpaste,Open barcode database record (barcode 0058000313194); brands field: Colgate.,n.a.,95 mL,Paste / Gel,058000313194,n.a.,n.a. (open barcode database),"https://world.openbeautyfacts.org/api/v2/search?brands_tags=colgate&countries_tags=en%3Acanada&fields=code,product_name,generic_name,brands,quantity,categories_tags,product_quantity,labels_tags,url&page_size=100&page=1",UPC database,Medium,2026-08-31
CL-CA-COLGATE-0090,Canada,Colgate,Toothpaste,Toothpaste,Colgate Cavity Protection,Colgate Regular Cavity Protection Toothpaste,Well.ca retailer listing (Canada).,n.a.,n.a.,Paste / Gel,n.a.,Well.ca sku 167989,Well.ca,https://well.ca/products/colgate-regular-cavity-protection_167989.html,Retailer listing,High,2026-08-31
CL-CA-COLGATE-0091,Canada,Colgate,Toothpaste,Toothpaste,Colgate Cavity Protection,Colgate Toothpaste Cavity Protection,Open barcode database record (barcode 0058000310483); brands field: Colgate.,n.a.,60ml,Paste / Gel,058000310483,n.a.,n.a. (open barcode database),"https://world.openbeautyfacts.org/api/v2/search?brands_tags=colgate&countries_tags=en%3Acanada&fields=code,product_name,generic_name,brands,quantity,categories_tags,product_quantity,labels_tags,url&page_size=100&page=1",UPC database,Medium,2026-08-31
CL-CA-COLGATE-0092,Canada,Colgate,Toothpaste,Toothpaste,Colgate Cavity Protection,Colgate Winterfresh Cavity Protection Flouride Toothpaste,Open barcode database record (barcode 0058000313293); brands field: Colgate.,n.a.,95 mL,Paste / Gel,058000313293,n.a.,n.a. (open barcode database),"https://world.openbeautyfacts.org/api/v2/search?brands_tags=colgate&countries_tags=en%3Acanada&fields=code,product_name,generic_name,brands,quantity,categories_tags,product_quantity,labels_tags,url&page_size=100&page=1",UPC database,Medium,2026-08-31
CL-CA-COLGATE-0093,Canada,Colgate,Toothpaste,Toothpaste,Colgate Cavity Protection,Colgate Winterfresh Cavity Protection Toothpaste,Well.ca retailer listing (Canada).,n.a.,n.a.,Paste / Gel,n.a.,Well.ca sku 167990,Well.ca,https://well.ca/products/colgate-winterfresh-cavity_167990.html,Retailer listing,High,2026-08-31
CL-CA-COLGATE-0094,Canada,Colgate,Toothpaste,Toothpaste,Colgate Charcoal,Colgate Elixir Charcoal Toothpaste 80 Ml,Voila.ca (Sobeys/Safeway Canada) retailer listing.,Charcoal,80 mL,Paste / Gel,n.a.,Voila article 902095EA,Voila.ca (Sobeys/Safeway Canada),https://voila.ca/products/colgate-elixir-charcoal-toothpaste-80-ml/902095EA,Retailer listing,High,2026-08-31
CL-CA-COLGATE-0095,Canada,Colgate,Toothpaste,Toothpaste,Colgate Charcoal,Hello Epic Whitening Fluoride Free Activated Charcoal Toothpaste Mint 82 Ml,Walmart Canada retailer listing.,Charcoal,82 mL,Paste / Gel,n.a.,Walmart.ca item 6000202108187,Walmart Canada,https://www.walmart.ca/en/ip/hello-Epic-Whitening-Fluoride-Free-Activated-Charcoal-Toothpaste-Mint-82-ml/6000202108187,Retailer listing,High,2026-08-31
CL-CA-COLGATE-0096,Canada,Colgate,Toothpaste,Toothpaste,Colgate Essentials,Colgate Essentials Toothpaste With Charcoal,Walmart Canada retailer listing.,Charcoal,n.a.,Paste / Gel,n.a.,Walmart.ca item 6000199125667,Walmart Canada,https://www.walmart.ca/en/ip/Colgate-Essentials-Toothpaste-with-Charcoal/6000199125667,Retailer listing,High,2026-08-31
CL-CA-COLGATE-0097,Canada,Colgate,Toothpaste,Toothpaste,Colgate Essentials,Colgate Toothpaste Essentials With Charcoal 98 Ml,Voila.ca (Sobeys/Safeway Canada) retailer listing.,Charcoal,98 mL,Paste / Gel,n.a.,Voila article 949592EA,Voila.ca (Sobeys/Safeway Canada),https://voila.ca/products/colgate-toothpaste-essentials-with-charcoal-98-ml/949592EA,Retailer listing,High,2026-08-31
CL-CA-COLGATE-0098,Canada,Colgate,Toothbrush,Manual toothbrush,Colgate Extra Clean,Colgate Extra Clean Full Head Toothbrush Medium 6 Count,Walmart Canada retailer listing.,n.a.,6 ct,Brush,n.a.,Walmart.ca item 6000202055918,Walmart Canada,https://www.walmart.ca/en/ip/Colgate-Extra-Clean-Full-Head-Toothbrush-Medium-6-Count/6000202055918,Retailer listing,High,2026-08-31
CL-CA-COLGATE-0099,Canada,Colgate,Toothbrush,Manual toothbrush,Colgate Extra Clean,Colgate Extra Clean Toothbrush Medium,Walmart Canada retailer listing.,n.a.,n.a.,Brush,n.a.,Walmart.ca item 10220113,Walmart Canada,https://www.walmart.ca/en/ip/Colgate-Extra-Clean-Toothbrush-Medium/10220113,Retailer listing,High,2026-08-31
CL-CA-COLGATE-0100,Canada,Colgate,Toothbrush,Manual toothbrush,Colgate Extra Clean,Colgate Extra Clean Toothbrush Soft,Walmart Canada retailer listing.,n.a.,n.a.,Brush,n.a.,Walmart.ca item 10218996,Walmart Canada,https://www.walmart.ca/en/ip/Colgate-Extra-Clean-Toothbrush-Soft/10218996,Retailer listing,High,2026-08-31
CL-CA-COLGATE-0101,Canada,Colgate,Toothbrush,Manual toothbrush,Colgate Extra Clean,Colgate Extra Clean Toothbrush Value Pack Soft 6 Count,Walmart Canada retailer listing.,n.a.,6 ct,Brush,n.a.,Walmart.ca item 6000197412912,Walmart Canada,https://www.walmart.ca/en/ip/Colgate-Extra-Clean-Toothbrush-Value-Pack-Soft-6-count/6000197412912,Retailer listing,High,2026-08-31
CL-CA-COLGATE-0102,Canada,Colgate,Toothbrush,Manual toothbrush,Colgate Extra Clean,Colgate Extra Clean Toothbrush Value Soft,Walmart Canada retailer listing.,n.a.,n.a.,Brush,n.a.,Walmart.ca item 10220514,Walmart Canada,https://www.walmart.ca/en/ip/Colgate-Extra-Clean-Toothbrush-Value-Soft/10220514,Retailer listing,High,2026-08-31
CL-CA-COLGATE-0103,Canada,Colgate,Toothbrush,Manual toothbrush,Colgate Extra Clean,Colgate Extra Clean Toothbrush- Soft,Well.ca retailer listing (Canada).,n.a.,n.a.,Brush,n.a.,Well.ca sku 104709,Well.ca,https://well.ca/products/colgate-extra-clean-toothbrush-soft_104709.html,Retailer listing,High,2026-08-31
CL-CA-COLGATE-0104,Canada,Colgate,Toothbrush,Manual toothbrush,Colgate Extra Clean,Colgate Toothbrush Extra Clean Medium,Voila.ca (Sobeys/Safeway Canada) retailer listing.,n.a.,n.a.,Brush,n.a.,Voila article 254616EA,Voila.ca (Sobeys/Safeway Canada),https://voila.ca/products/colgate-toothbrush-extra-clean-medium/254616EA,Retailer listing,High,2026-08-31
CL-CA-COLGATE-0105,Canada,Colgate,Toothbrush,Manual toothbrush,Colgate Extra Clean,Colgate Toothbrush Extra Clean Soft,Voila.ca (Sobeys/Safeway Canada) retailer listing.,n.a.,n.a.,Brush,n.a.,Voila article 254568EA,Voila.ca (Sobeys/Safeway Canada),https://voila.ca/products/colgate-toothbrush-extra-clean-soft/254568EA,Retailer listing,High,2026-08-31
CL-CA-COLGATE-0106,Canada,Colgate,Toothbrush,Manual toothbrush,Colgate Extra Clean,Colgate Toothbrushes 360 Extra Clean Soft 2 Pack,Voila.ca (Sobeys/Safeway Canada) retailer listing.,n.a.,2 ct,Brush,n.a.,Voila article 170653EA,Voila.ca (Sobeys/Safeway Canada),https://voila.ca/products/colgate-toothbrushes-360-extra-clean-soft-2-pack/170653EA,Retailer listing,High,2026-08-31
CL-CA-COLGATE-0107,Canada,Colgate,Toothbrush,Manual toothbrush,Colgate Extra Clean,Colgate Toothbrushes Extra Clean 3 Pack,Voila.ca (Sobeys/Safeway Canada) retailer listing.,n.a.,3 ct,Brush,n.a.,Voila article 790810EA,Voila.ca (Sobeys/Safeway Canada),https://voila.ca/products/colgate-toothbrushes-extra-clean-3-pack/790810EA,Retailer listing,High,2026-08-31
CL-CA-COLGATE-0108,Canada,Colgate,Toothbrush,Manual toothbrush,Colgate Extra Clean,Colgate Toothbrushes Extra Clean Soft 4 Pack,Voila.ca (Sobeys/Safeway Canada) retailer listing.,n.a.,4 ct,Brush,n.a.,Voila article 270159EA,Voila.ca (Sobeys/Safeway Canada),https://voila.ca/products/colgate-toothbrushes-extra-clean-soft-4-pack/270159EA,Retailer listing,High,2026-08-31
CL-CA-COLGATE-0109,Canada,Colgate,Toothbrush,Replacement brush heads,Colgate Keep,Colgate Keep Toothbrush Head Refills Deep Clean 2 Pack,Voila.ca (Sobeys/Safeway Canada) retailer listing.,n.a.,2 ct,Brush,n.a.,Voila article 908962EA,Voila.ca (Sobeys/Safeway Canada),https://voila.ca/products/colgate-keep-toothbrush-head-refills-deep-clean-2-pack/908962EA,Retailer listing,High,2026-08-31
CL-CA-COLGATE-0110,Canada,Colgate,Toothbrush,Replacement brush heads,Colgate Keep,Colgate Keep Toothbrush Head Refills Whitening 2 Pack,Voila.ca (Sobeys/Safeway Canada) retailer listing.,n.a.,2 ct,Brush,n.a.,Voila article 920362EA,Voila.ca (Sobeys/Safeway Canada),https://voila.ca/products/colgate-keep-toothbrush-head-refills-whitening-2-pack/920362EA,Retailer listing,High,2026-08-31
CL-CA-COLGATE-0111,Canada,Colgate,Toothbrush,Manual toothbrush,Colgate Kids,Colgate Bluey Toothbrush Extra Soft 2 Years 2 Pack,Voila.ca (Sobeys/Safeway Canada) retailer listing.,n.a.,2 ct,Brush,n.a.,Voila article 185255EA,Voila.ca (Sobeys/Safeway Canada),https://voila.ca/products/colgate-bluey-toothbrush-extra-soft-2-years-2-pack/185255EA,Retailer listing,High,2026-08-31
CL-CA-COLGATE-0112,Canada,Colgate,Toothpaste,Toothpaste,Colgate Kids,Colgate Fluoride Toothpaste For Kids 75 Ml,Voila.ca (Sobeys/Safeway Canada) retailer listing.,n.a.,75 mL,Paste / Gel,n.a.,Voila article 459199EA,Voila.ca (Sobeys/Safeway Canada),https://voila.ca/products/colgate-fluoride-toothpaste-for-kids-75-ml/459199EA,Retailer listing,High,2026-08-31
CL-CA-COLGATE-0113,Canada,Colgate,Toothpaste,Toothpaste,Colgate Kids,Colgate Fluoride Toothpaste For Kids Pokemon 75 Ml,Walmart Canada retailer listing.,n.a.,75 mL,Paste / Gel,n.a.,Walmart.ca item 6000205672863,Walmart Canada,https://www.walmart.ca/en/ip/Colgate-Fluoride-Toothpaste-for-Kids-Pokemon-75-mL/6000205672863,Retailer listing,High,2026-08-31
CL-CA-COLGATE-0114,Canada,Colgate,Toothbrush,Electric / battery toothbrush,Colgate Kids,Colgate Harry Potter Adult Battery Powered Sonic Toothbrush,"Calling all witches, wizards, and Muggles! Discover an enchanting clean right at your fingertips with the Colgate Harry Potter Adult Battery Powered Sonic Toothbrush.",n.a.,n.a.,Brush,827854027980,n.a.,Colgate.com/en-ca (brand site),https://www.colgate.com/en-ca/products/toothbrush/colgate-harry-potter-adult-battery-sonic-toothbrush,Brand site,Medium,2026-08-31
CL-CA-COLGATE-0115,Canada,Colgate,Toothbrush,Electric / battery toothbrush,Colgate Kids,Colgate Harry Potter Adult Battery Powered Sonic Toothbrush Soft,Walmart Canada retailer listing.,n.a.,n.a.,Brush,n.a.,Walmart.ca item 42M8YBDCF6J6,Walmart Canada,https://www.walmart.ca/en/ip/Colgate-Harry-Potter-Adult-Battery-Powered-Sonic-Toothbrush-Soft/42M8YBDCF6J6,Retailer listing,High,2026-08-31
CL-CA-COLGATE-0116,Canada,Colgate,Toothbrush,Electric / battery toothbrush,Colgate Kids,"Colgate Harry Potter Gryffindor Kids Battery Toothbrush, Extra Soft",Make daily brushing feel like an enchanting adventure for young children with the Colgate Harry Potter Gryffindor Kids Battery Toothbrush.,n.a.,n.a.,Brush,827854028253,n.a.,Colgate.com/en-ca (brand site),https://www.colgate.com/en-ca/products/toothbrush/colgate-kids-power-toothbrush-harry-potter-gryffindor,Brand site,Medium,2026-08-31
CL-CA-COLGATE-0117,Canada,Colgate,Toothbrush,Electric / battery toothbrush,Colgate Kids,"Colgate Harry Potter Hufflepuff Kids Battery Toothbrush, Extra Soft",Make daily brushing feel like an enchanting adventure with the Colgate Harry Potter Hufflepuff Kids Battery Toothbrush.,n.a.,n.a.,Brush,827854028055,n.a.,Colgate.com/en-ca (brand site),https://www.colgate.com/en-ca/products/toothbrush/colgate-kids-power-toothbrush-harry-potter-hufflepuff,Brand site,Medium,2026-08-31
CL-CA-COLGATE-0118,Canada,Colgate,Toothbrush,Electric / battery toothbrush,Colgate Kids,Colgate Harry Potter Kids Battery Toothbrush Extra Soft,Walmart Canada retailer listing.,n.a.,n.a.,Brush,n.a.,Walmart.ca item 1LMTVV9PZFP3,Walmart Canada,https://www.walmart.ca/en/ip/Colgate-Harry-Potter-Kids-Battery-Toothbrush-Extra-Soft/1LMTVV9PZFP3,Retailer listing,High,2026-08-31
CL-CA-COLGATE-0119,Canada,Colgate,Toothpaste,Toothpaste,Colgate Kids,Colgate Harry Potter Kids Toothpaste With Fluoride Bubbling Cauldron Bubblegum Flavour 75 Ml,Walmart Canada retailer listing.,n.a.,75 mL,Paste / Gel,n.a.,Walmart.ca item 3WX7VWMUV32S,Walmart Canada,https://www.walmart.ca/en/ip/Colgate-Harry-Potter-Kids-Toothpaste-with-Fluoride-Bubbling-Cauldron-Bubblegum-Flavour-75-ml/3WX7VWMUV32S,Retailer listing,High,2026-08-31
CL-CA-COLGATE-0120,Canada,Colgate,Toothbrush,Manual toothbrush,Colgate Kids,Colgate Harry Potter Manual Kids Toothbrush Pack Extra Soft 2 Pack,Walmart Canada retailer listing.,n.a.,2 ct,Brush,n.a.,Walmart.ca item 0Z2FTTGVSJNG,Walmart Canada,https://www.walmart.ca/en/ip/Colgate-Harry-Potter-Manual-Kids-Toothbrush-Pack-Extra-Soft-2-Pack/0Z2FTTGVSJNG,Retailer listing,High,2026-08-31
CL-CA-COLGATE-0121,Canada,Colgate,Toothbrush,Electric / battery toothbrush,Colgate Kids,"Colgate Harry Potter Ravenclaw Kids Battery Toothbrush, Extra Soft",Make daily brushing feel like a magical and enchanting adventure for young children with the Colgate Harry Potter Ravenclaw Kids Battery Toothbrush.,n.a.,n.a.,Brush,827854028260,n.a.,Colgate.com/en-ca (brand site),https://www.colgate.com/en-ca/products/toothbrush/colgate-kids-power-toothbrush-harry-potter-ravenclaw,Brand site,Medium,2026-08-31
CL-CA-COLGATE-0122,Canada,Colgate,Toothbrush,Electric / battery toothbrush,Colgate Kids,Colgate Harry Potter Slytherin Kids Battery Toothbrush,Make daily brushing feel like an enchanting adventure with the Colgate Harry Potter Slytherin Kids Battery Toothbrush.,n.a.,n.a.,Brush,827854028314,n.a.,Colgate.com/en-ca (brand site),https://www.colgate.com/en-ca/products/toothbrush/colgate-kids-power-toothbrush-harry-potter-slytherin,Brand site,Medium,2026-08-31
CL-CA-COLGATE-0123,Canada,Colgate,Toothbrush,Manual toothbrush,Colgate Kids,"Colgate Harry Potter Soft Bristled Adult Toothbrush, Gold, 1 Count<br/>","Calling all witches, wizards, and Muggles! Elevate your daily brushing routine with the Colgate Harry Potter Soft Bristled Adult Toothbrush.",n.a.,n.a.,Brush,n.a.,n.a.,Colgate.com/en-ca (brand site),https://www.colgate.com/en-ca/products/toothbrush/colgate-manual-toothbrush-harry-potter,Brand site,Medium,2026-08-31
CL-CA-COLGATE-0124,Canada,Colgate,Toothbrush,Electric / battery toothbrush,Colgate Kids,Colgate Harry Potter Sonic Power Toothbrush Extra Soft,Voila.ca (Sobeys/Safeway Canada) retailer listing.,n.a.,n.a.,Brush,n.a.,Voila article 1397116EA,Voila.ca (Sobeys/Safeway Canada),https://voila.ca/products/colgate-harry-potter-sonic-power-toothbrush-extra-soft/1397116EA,Retailer listing,High,2026-08-31
CL-CA-COLGATE-0125,Canada,Colgate,Toothpaste,Toothpaste,Colgate Kids,Colgate Kids Anticavity Fluoride Toothpaste Stand Up Tube Bubble Fruit,Well.ca retailer listing (Canada).,Bubble Fruit,n.a.,Paste / Gel,n.a.,Well.ca sku 99659,Well.ca,https://well.ca/products/colgate-kids-anticavity-fluoride_99659.html,Retailer listing,High,2026-08-31
CL-CA-COLGATE-0126,Canada,Colgate,Mouthwash & Rinse,Mouthwash / rinse,Colgate Kids,Colgate Kids Anticavity Pok Mon Mouthwash Pok Mon 500Ml,Walmart Canada retailer listing.,n.a.,500 mL,Liquid Rinse,n.a.,Walmart.ca item 6000205673145,Walmart Canada,https://www.walmart.ca/en/ip/Colgate-Kids-Anticavity-Pok-mon-Mouthwash-Pok-mon-500mL/6000205673145,Retailer listing,High,2026-08-31
CL-CA-COLGATE-0127,Canada,Colgate,Mouthwash & Rinse,Mouthwash / rinse,Colgate Kids,Colgate Kids Anticavity Pokémon Mouthwash,"With great Pokémon characters, this kids mouthrinse will make the morning routine fun! This great-tasting formula is alcohol-free (does not contain ethanol).",n.a.,n.a.,Liquid Rinse,827854005650,n.a.,Colgate.com/en-ca (brand site),https://www.colgate.com/en-ca/products/mouthwash/colgate-kids-pokemon-mouthwash,Brand site,Medium,2026-08-31
CL-CA-COLGATE-0128,Canada,Colgate,Mouthwash & Rinse,Mouthwash / rinse,Colgate Kids,Colgate Kids Anticavity Unicorn Mouthwash,"With protection between brushing, this anticavity fluoride rinse cleans the whole mouth.",n.a.,n.a.,Liquid Rinse,035000986696,n.a.,Colgate.com/en-ca (brand site),https://www.colgate.com/en-ca/products/mouthwash/colgate-kids-unicorn,Brand site,Medium,2026-08-31
CL-CA-COLGATE-0129,Canada,Colgate,Toothbrush,Electric / battery toothbrush,Colgate Kids,Colgate Kids Battery Powered Bingo Toothbrush 1 Count,Walmart Canada retailer listing.,n.a.,1 ct,Brush,n.a.,Walmart.ca item 4ATJ2WSO62O2,Walmart Canada,https://www.walmart.ca/en/ip/Colgate-Kids-Battery-Powered-Bingo-Toothbrush-1-Count/4ATJ2WSO62O2,Retailer listing,High,2026-08-31
CL-CA-COLGATE-0130,Canada,Colgate,Toothbrush,Electric / battery toothbrush,Colgate Kids,Colgate Kids Battery Powered Bluey Toothbrush,"Designed for little hands and mouths beginning at ages 3 and up, the Colgate Kids Battery Powered Bluey Toothbrush is an extra soft battery-operated toothbrush for kids designed to facilitate a fun and easy toothbrushing experience that kids will enjoy. And its vibrating brush head is small enough for little mouths.",n.a.,n.a.,Brush,827854004318,n.a.,Colgate.com/en-ca (brand site),https://www.colgate.com/en-ca/products/toothbrush/colgate-kids-battery-toothbrush-bluey,Brand site,Medium,2026-08-31
CL-CA-COLGATE-0131,Canada,Colgate,Toothbrush,Electric / battery toothbrush,Colgate Kids,Colgate Kids Battery Powered Minecraft Toothbrush,"The Minecraft toothbrush features a small, oscillating head with extra soft bristles that are gentle on delicate gums.",n.a.,n.a.,Brush,827854010869,n.a.,Colgate.com/en-ca (brand site),https://www.colgate.com/en-ca/products/toothbrush/minecraft-kids-battery-toothbrush,Brand site,Medium,2026-08-31
CL-CA-COLGATE-0132,Canada,Colgate,Toothbrush,Electric / battery toothbrush,Colgate Kids,Colgate Kids Battery Powered Minecraft Toothbrush 1 Count,Walmart Canada retailer listing.,n.a.,1 ct,Brush,n.a.,Walmart.ca item 6000207293414,Walmart Canada,https://www.walmart.ca/en/ip/Colgate-Kids-Battery-Powered-Minecraft-Toothbrush-1-Count/6000207293414,Retailer listing,High,2026-08-31
CL-CA-COLGATE-0133,Canada,Colgate,Toothbrush,Electric / battery toothbrush,Colgate Kids,Colgate Kids Battery Powered Toothbrush Barbie,Well.ca retailer listing (Canada).,n.a.,n.a.,Brush,n.a.,Well.ca sku 196589,Well.ca,https://well.ca/products/colgate-kids-battery-powered_196589.html,Retailer listing,High,2026-08-31
CL-CA-COLGATE-0134,Canada,Colgate,Toothbrush,Electric / battery toothbrush,Colgate Kids,Colgate Kids Battery Powered Toothbrush Pokemon,Well.ca retailer listing (Canada).,n.a.,n.a.,Brush,n.a.,Well.ca sku 283865,Well.ca,https://well.ca/products/colgate-kids-battery-powered_283865.html,Retailer listing,High,2026-08-31
CL-CA-COLGATE-0135,Canada,Colgate,Toothbrush,Manual toothbrush,Colgate Kids,Colgate Kids Bluey Manual Toothbrush Extra Soft,"Made especially for children 2 years and older, this kids toothbrush features a small head for easy access to the child's mouth, a suction cup for easy and fun upright storage, and a thumb grip and rounded handle for a comfortable grip.",n.a.,n.a.,Brush,827854004851,n.a.,Colgate.com/en-ca (brand site),https://www.colgate.com/en-ca/products/toothbrush/colgate-kids-manual-toothbrush-extra-soft-bluey,Brand site,Medium,2026-08-31
CL-CA-COLGATE-0136,Canada,Colgate,Mouthwash & Rinse,Mouthwash / rinse,Colgate Kids,Colgate Kids Colgate Kids Anticavity Pokémon Mouthwash,n.a.,n.a.,n.a.,Liquid Rinse,n.a.,n.a.,Colgate.com/en-ca (brand site),https://www.colgate.com/en-ca/products/mouthwash,Brand site,Medium,2026-08-31
CL-CA-COLGATE-0137,Canada,Colgate,Toothbrush,Manual toothbrush,Colgate Kids,Colgate Kids Extra Soft Baby Toothbrush 2 Pack,Voila.ca (Sobeys/Safeway Canada) retailer listing.,n.a.,2 ct,Brush,n.a.,Voila article 902146EA,Voila.ca (Sobeys/Safeway Canada),https://voila.ca/products/colgate-kids-extra-soft-baby-toothbrush-2-pack/902146EA,Retailer listing,High,2026-08-31
CL-CA-COLGATE-0138,Canada,Colgate,Toothbrush,Manual toothbrush,Colgate Kids,Colgate Kids Extra Soft Baby Toothbrush Pack 2 Count,Walmart Canada retailer listing.,n.a.,2 ct,Brush,n.a.,Walmart.ca item 6V6BKR3Q0FOJ,Walmart Canada,https://www.walmart.ca/en/ip/Colgate-Kids-Extra-Soft-Baby-Toothbrush-Pack-2-Count/6V6BKR3Q0FOJ,Retailer listing,High,2026-08-31
CL-CA-COLGATE-0139,Canada,Colgate,Toothpaste,Toothpaste,Colgate Kids,Colgate Kids Fluoride Toothpaste Barbie 75 Ml,Voila.ca (Sobeys/Safeway Canada) retailer listing.,n.a.,75 mL,Paste / Gel,n.a.,Voila article 664324EA,Voila.ca (Sobeys/Safeway Canada),https://voila.ca/products/colgate-kids-fluoride-toothpaste-barbie-75-ml/664324EA,Retailer listing,High,2026-08-31
CL-CA-COLGATE-0140,Canada,Colgate,Toothbrush,Manual toothbrush,Colgate Kids,Colgate Kids Gift Pack Toothbrush With Toothpaste Minions,Voila.ca (Sobeys/Safeway Canada) retailer listing.,n.a.,n.a.,Paste / Gel,n.a.,Voila article 973674EA,Voila.ca (Sobeys/Safeway Canada),https://voila.ca/products/colgate-kids-gift-pack-toothbrush-with-toothpaste-minions/973674EA,Retailer listing,High,2026-08-31
CL-CA-COLGATE-0141,Canada,Colgate,Toothbrush,Manual toothbrush,Colgate Kids,Colgate Kids Gift Set Unicorn Toothbrush With Toothpaste,Voila.ca (Sobeys/Safeway Canada) retailer listing.,n.a.,n.a.,Paste / Gel,n.a.,Voila article 803070EA,Voila.ca (Sobeys/Safeway Canada),https://voila.ca/products/colgate-kids-gift-set-unicorn-toothbrush-with-toothpaste/803070EA,Retailer listing,High,2026-08-31
CL-CA-COLGATE-0142,Canada,Colgate,Mouthwash & Rinse,Mouthwash / rinse,Colgate Kids,Colgate Kids Liquid Gel 2-in-1 Strawberry Smash Toothpaste and Mouthwash,This bright and colorful package combined with a fun strawberry flavor will encourage your kids to brush for a lifetime of bright smiles.,Strawberry,n.a.,Paste / Gel,058000007130,n.a.,Colgate.com/en-ca (brand site),https://www.colgate.com/en-ca/products/toothpaste/colgate-kids-2-in-1-strawberry-smash,Brand site,Medium,2026-08-31
CL-CA-COLGATE-0143,Canada,Colgate,Mouthwash & Rinse,Mouthwash / rinse,Colgate Kids,Colgate Kids Liquid Gel 2-in-1 Watermelon Burst Toothpaste and Mouthwash,This bright and colorful package combined with a fun watermelon flavor will encourage your kids to brush for a lifetime of bright smiles.,Watermelon,n.a.,Paste / Gel,058000005464,n.a.,Colgate.com/en-ca (brand site),https://www.colgate.com/en-ca/products/toothpaste/colgate-kids-2-in-1-watermelon-burst,Brand site,Medium,2026-08-31
CL-CA-COLGATE-0144,Canada,Colgate,Toothpaste,Toothpaste,Colgate Kids,Colgate Kids Liquid Gel Toothpaste,Well.ca retailer listing (Canada).,n.a.,n.a.,Paste / Gel,n.a.,Well.ca sku 14849,Well.ca,https://well.ca/products/colgate-kids-liquid-gel-toothpaste_14849.html,Retailer listing,High,2026-08-31
CL-CA-COLGATE-0145,Canada,Colgate,Toothbrush,Manual toothbrush,Colgate Kids,Colgate Kids Manual Toothbrush Extra Soft Bluey,Well.ca retailer listing (Canada).,n.a.,n.a.,Brush,n.a.,Well.ca sku 301249,Well.ca,https://well.ca/products/colgate-kids-manual-toothbrush-extra_301249.html,Retailer listing,High,2026-08-31
CL-CA-COLGATE-0146,Canada,Colgate,Toothbrush,Manual toothbrush,Colgate Kids,Colgate Kids Mermaid Power Tooth Brush 1 Ea,Voila.ca (Sobeys/Safeway Canada) retailer listing.,n.a.,n.a.,Brush,n.a.,Voila article 2867EA,Voila.ca (Sobeys/Safeway Canada),https://voila.ca/products/colgate-kids-mermaid-power-tooth-brush-1-ea/2867EA,Retailer listing,High,2026-08-31
CL-CA-COLGATE-0147,Canada,Colgate,Toothbrush,Manual toothbrush,Colgate Kids,Colgate Kids Minecraft Toothbrush Pack,Well.ca retailer listing (Canada).,n.a.,n.a.,Brush,n.a.,Well.ca sku 324874,Well.ca,https://well.ca/products/colgate-kids-minecraft-toothbrush_324874.html,Retailer listing,High,2026-08-31
CL-CA-COLGATE-0148,Canada,Colgate,Toothbrush,Manual toothbrush,Colgate Kids,Colgate Kids Minecraft Toothbrush Pack 2 Count,Walmart Canada retailer listing.,n.a.,2 ct,Brush,n.a.,Walmart.ca item 6000208748273,Walmart Canada,https://www.walmart.ca/en/ip/Colgate-Kids-Minecraft-Toothbrush-Pack-2-Count/6000208748273,Retailer listing,High,2026-08-31
CL-CA-COLGATE-0149,Canada,Colgate,Toothbrush,Electric / battery toothbrush,Colgate Kids,"Colgate Kids Minions Battery Powered Toothbrush, Extra Soft Bristles","Designed for little hands and mouths beginning at ages 3 and up, the Colgate Kids Power Vibrating Toothbrush is a battery toothbrush for kids designed to facilitate a fun and easy toothbrushing experience.",n.a.,n.a.,Brush,035000975065,n.a.,Colgate.com/en-ca (brand site),https://www.colgate.com/en-ca/products/toothbrush/kd-minions-battery,Brand site,Medium,2026-08-31
CL-CA-COLGATE-0150,Canada,Colgate,Toothpaste,Toothpaste,Colgate Kids,Colgate Kids Mixed Anticavity Fluoride Toothpaste Bubble Fruit,Well.ca retailer listing (Canada).,Bubble Fruit,n.a.,Paste / Gel,n.a.,Well.ca sku 99657,Well.ca,https://well.ca/products/colgate-kids-mixed-anticavity_99657.html,Retailer listing,High,2026-08-31
CL-CA-COLGATE-0151,Canada,Colgate,Mouthwash & Rinse,Mouthwash / rinse,Colgate Kids,Colgate Kids Mouthwash Pokemon,Well.ca retailer listing (Canada).,n.a.,n.a.,Liquid Rinse,n.a.,Well.ca sku 283866,Well.ca,https://well.ca/products/colgate-kids-mouthwash-pokemon_283866.html,Retailer listing,High,2026-08-31
CL-CA-COLGATE-0152,Canada,Colgate,Toothbrush,Manual toothbrush,Colgate Kids,Colgate Kids Pokemon Extra Soft Toothbrush With Suction Cup 2 Count,Walmart Canada retailer listing.,n.a.,2 ct,Brush,n.a.,Walmart.ca item 6000205731068,Walmart Canada,https://www.walmart.ca/en/ip/Colgate-Kids-Pokemon-Extra-Soft-Toothbrush-with-Suction-Cup-2-Count/6000205731068,Retailer listing,High,2026-08-31
CL-CA-COLGATE-0153,Canada,Colgate,Toothpaste,Toothpaste,Colgate Kids,Colgate Kids Pokemon Fluoride Toothpaste,"Made especially for kids ages 2 and up, this kids anticavity toothpaste provides clinically-proven cavity and enamel protection that protects developing teeth from cavities.",n.a.,n.a.,Paste / Gel,035000002037,n.a.,Colgate.com/en-ca (brand site),https://www.colgate.com/en-ca/products/toothpaste/kd-pokemon,Brand site,High,2026-08-31
CL-CA-COLGATE-0154,Canada,Colgate,Toothbrush,Manual toothbrush,Colgate Kids,Colgate Kids Power Spin Toothbrush Barbie,Voila.ca (Sobeys/Safeway Canada) retailer listing.,n.a.,n.a.,Brush,n.a.,Voila article 609729EA,Voila.ca (Sobeys/Safeway Canada),https://voila.ca/products/colgate-kids-power-spin-toothbrush-barbie/609729EA,Retailer listing,High,2026-08-31
CL-CA-COLGATE-0155,Canada,Colgate,Toothbrush,Electric / battery toothbrush,Colgate Kids,Colgate Kids Power Toothbrush Bluey,Well.ca retailer listing (Canada).,n.a.,n.a.,Brush,n.a.,Well.ca sku 324873,Well.ca,https://well.ca/products/colgate-kids-power-toothbrush-bluey_324873.html,Retailer listing,High,2026-08-31
CL-CA-COLGATE-0156,Canada,Colgate,Toothbrush,Electric / battery toothbrush,Colgate Kids,Colgate Kids Power Toothbrush Minecraft,Voila.ca (Sobeys/Safeway Canada) retailer listing.,n.a.,n.a.,Brush,n.a.,Voila article 200355EA,Voila.ca (Sobeys/Safeway Canada),https://voila.ca/products/colgate-kids-power-toothbrush-minecraft/200355EA,Retailer listing,High,2026-08-31
CL-CA-COLGATE-0157,Canada,Colgate,Toothbrush,Electric / battery toothbrush,Colgate Kids,Colgate Kids Sonic Power Toothbrush Extra Soft Bluey 1 Pack,Voila.ca (Sobeys/Safeway Canada) retailer listing.,n.a.,1 ct,Brush,n.a.,Voila article 1309303EA,Voila.ca (Sobeys/Safeway Canada),https://voila.ca/products/colgate-kids-sonic-power-toothbrush-extra-soft-bluey-1-pack/1309303EA,Retailer listing,High,2026-08-31
CL-CA-COLGATE-0158,Canada,Colgate,Toothbrush,Manual toothbrush,Colgate Kids,Colgate Kids Toothbrush Minecraft 2 Pack,Voila.ca (Sobeys/Safeway Canada) retailer listing.,n.a.,2 ct,Brush,n.a.,Voila article 146890EA,Voila.ca (Sobeys/Safeway Canada),https://voila.ca/products/colgate-kids-toothbrush-minecraft-2-pack/146890EA,Retailer listing,High,2026-08-31
CL-CA-COLGATE-0159,Canada,Colgate,Toothbrush,Manual toothbrush,Colgate Kids,Colgate Kids Toothbrush Peppa Pig Soft Power,Voila.ca (Sobeys/Safeway Canada) retailer listing.,n.a.,n.a.,Brush,n.a.,Voila article 949543EA,Voila.ca (Sobeys/Safeway Canada),https://voila.ca/products/colgate-kids-toothbrush-peppa-pig-soft-power/949543EA,Retailer listing,High,2026-08-31
CL-CA-COLGATE-0160,Canada,Colgate,Toothbrush,Manual toothbrush,Colgate Kids,Colgate Kids Toothbrush Pokemon,Well.ca retailer listing (Canada).,n.a.,n.a.,Brush,n.a.,Well.ca sku 283863,Well.ca,https://well.ca/products/colgate-kids-toothbrush-pokemon_283863.html,Retailer listing,High,2026-08-31
CL-CA-COLGATE-0161,Canada,Colgate,Toothbrush,Manual toothbrush,Colgate Kids,Colgate Kids Toothbrush Power Spin Minions,Voila.ca (Sobeys/Safeway Canada) retailer listing.,n.a.,n.a.,Brush,n.a.,Voila article 609728EA,Voila.ca (Sobeys/Safeway Canada),https://voila.ca/products/colgate-kids-toothbrush-power-spin-minions/609728EA,Retailer listing,High,2026-08-31
CL-CA-COLGATE-0162,Canada,Colgate,Toothbrush,Manual toothbrush,Colgate Kids,Colgate Kids Toothbrushes And Suction Cup Extra Soft Bluey 2 Pack,Walmart Canada retailer listing.,n.a.,2 ct,Brush,n.a.,Walmart.ca item 6000207293088,Walmart Canada,https://www.walmart.ca/en/ip/Colgate-Kids-Toothbrushes-and-Suction-Cup-Extra-Soft-Bluey-2-Pack/6000207293088,Retailer listing,High,2026-08-31
CL-CA-COLGATE-0163,Canada,Colgate,Toothpaste,Toothpaste,Colgate Kids,Colgate Kids Toothpaste Harry Potter 75 Ml,Voila.ca (Sobeys/Safeway Canada) retailer listing.,n.a.,75 mL,Paste / Gel,n.a.,Voila article 1397158EA,Voila.ca (Sobeys/Safeway Canada),https://voila.ca/products/colgate-kids-toothpaste-harry-potter-75-ml/1397158EA,Retailer listing,High,2026-08-31
CL-CA-COLGATE-0164,Canada,Colgate,Toothpaste,Toothpaste,Colgate Kids,Colgate Kids Toothpaste Pokemon,Well.ca retailer listing (Canada).,n.a.,n.a.,Paste / Gel,n.a.,Well.ca sku 283862,Well.ca,https://well.ca/products/colgate-kids-toothpaste-pokemon_283862.html,Retailer listing,High,2026-08-31
CL-CA-COLGATE-0165,Canada,Colgate,Toothpaste,Toothpaste,Colgate Kids,Colgate Kids Toothpaste Pokemon 75 Ml,Voila.ca (Sobeys/Safeway Canada) retailer listing.,n.a.,75 mL,Paste / Gel,n.a.,Voila article 2762EA,Voila.ca (Sobeys/Safeway Canada),https://voila.ca/products/colgate-kids-toothpaste-pokemon-75-ml/2762EA,Retailer listing,High,2026-08-31
CL-CA-COLGATE-0166,Canada,Colgate,Mouthwash & Rinse,Mouthwash / rinse,Colgate Kids,Colgate Kids Unicorn Mouthwash,Well.ca retailer listing (Canada).,n.a.,n.a.,Liquid Rinse,n.a.,Well.ca sku 215644,Well.ca,https://well.ca/products/colgate-kids-unicorn-mouthwash_215644.html,Retailer listing,High,2026-08-31
CL-CA-COLGATE-0167,Canada,Colgate,Mouthwash & Rinse,Mouthwash / rinse,Colgate Kids,Colgate Liquid Gel 2 In 1 Kids Strawberry Toothpaste And Mouthwash,Walmart Canada retailer listing.,Strawberry,n.a.,Paste / Gel,n.a.,Walmart.ca item 10213066,Walmart Canada,https://www.walmart.ca/en/ip/Colgate-Liquid-Gel-2-in-1-Kids-Strawberry-Toothpaste-And-Mouthwash/10213066,Retailer listing,High,2026-08-31
CL-CA-COLGATE-0168,Canada,Colgate,Mouthwash & Rinse,Mouthwash / rinse,Colgate Kids,Colgate Liquid Gel 2 In 1 Kids Watermelon Toothpaste And Mouthwash 100Ml,Walmart Canada retailer listing.,Watermelon,100 mL,Paste / Gel,n.a.,Walmart.ca item 10212970,Walmart Canada,https://www.walmart.ca/en/ip/Colgate-Liquid-Gel-2-in-1-Kids-Watermelon-Toothpaste-And-Mouthwash-100ml/10212970,Retailer listing,High,2026-08-31
CL-CA-COLGATE-0169,Canada,Colgate,Toothpaste,Toothpaste,Colgate Kids,"Colgate My First Infant & Toddler Fluoride-Free Toothpaste, Mild Fruit","Colgate My First Baby and Toddler Toothpaste gently cleans teeth and does not contain any artificial colors, fluoride, preservatives, or sodium lauryl sulfate. This baby and toddler toothpaste is safe if swallowed.",n.a.,n.a.,Paste / Gel,058000008328,n.a.,Colgate.com/en-ca (brand site),https://www.colgate.com/en-ca/products/toothpaste/my-first-colgate-infant-toddler-toothpaste,Brand site,Medium,2026-08-31
CL-CA-COLGATE-0170,Canada,Colgate,Toothpaste,Toothpaste,Colgate Kids,Colgate My First Infant And Toddler Training Toothpaste Fluoride Free Mild Fruit Flavour 40 Ml,Walmart Canada retailer listing.,n.a.,40 mL,Paste / Gel,n.a.,Walmart.ca item 10214536,Walmart Canada,https://www.walmart.ca/en/ip/Colgate-My-First-Infant-and-Toddler-Training-Toothpaste-Fluoride-Free-Mild-Fruit-Flavour-40-mL/10214536,Retailer listing,High,2026-08-31
CL-CA-COLGATE-0171,Canada,Colgate,Toothbrush,Manual toothbrush,Colgate Kids,Colgate My First Toothbrush,Voila.ca (Sobeys/Safeway Canada) retailer listing.,n.a.,n.a.,Brush,n.a.,Voila article 26387EA,Voila.ca (Sobeys/Safeway Canada),https://voila.ca/products/colgate-my-first-toothbrush/26387EA,Retailer listing,High,2026-08-31
CL-CA-COLGATE-0172,Canada,Colgate,Toothpaste,Toothpaste,Colgate Kids,Colgate My First Toothpaste,Well.ca retailer listing (Canada).,n.a.,n.a.,Paste / Gel,n.a.,Well.ca sku 25559,Well.ca,https://well.ca/products/colgate-my-first-toothpaste_25559.html,Retailer listing,High,2026-08-31
CL-CA-COLGATE-0173,Canada,Colgate,Toothbrush,Manual toothbrush,Colgate Kids,Colgate Ocean Explorer Extra Soft Kids Toothbrush Pack 4 Count,Walmart Canada retailer listing.,Ocean,4 ct,Brush,n.a.,Walmart.ca item 6000202056917,Walmart Canada,https://www.walmart.ca/en/ip/Colgate-Ocean-Explorer-Extra-Soft-Kids-Toothbrush-Pack-4-Count/6000202056917,Retailer listing,High,2026-08-31
CL-CA-COLGATE-0174,Canada,Colgate,Toothbrush,Manual toothbrush,Colgate Kids,Colgate Pokémon Toothbrush Soft 2 Pack,Voila.ca (Sobeys/Safeway Canada) retailer listing.,n.a.,2 ct,Brush,n.a.,Voila article 2827EA,Voila.ca (Sobeys/Safeway Canada),https://voila.ca/products/colgate-pokémon-toothbrush-soft-2-pack/2827EA,Retailer listing,High,2026-08-31
CL-CA-COLGATE-0175,Canada,Colgate,Toothbrush,Manual toothbrush,Colgate Kids,Colgate Power Barbie Toothbrush Soft,Voila.ca (Sobeys/Safeway Canada) retailer listing.,n.a.,n.a.,Brush,n.a.,Voila article 376657EA,Voila.ca (Sobeys/Safeway Canada),https://voila.ca/products/colgate-power-barbie-toothbrush-soft/376657EA,Retailer listing,High,2026-08-31
CL-CA-COLGATE-0176,Canada,Colgate,Toothbrush,Manual toothbrush,Colgate Kids,Colgate Toothbrushes Harry Potter Extra Soft 6 Years 2 Count,Voila.ca (Sobeys/Safeway Canada) retailer listing.,n.a.,2 ct,Brush,n.a.,Voila article 1393414EA,Voila.ca (Sobeys/Safeway Canada),https://voila.ca/products/colgate-toothbrushes-harry-potter-extra-soft-6-years-2-count/1393414EA,Retailer listing,High,2026-08-31
CL-CA-COLGATE-0177,Canada,Colgate,Toothpaste,Toothpaste,Colgate Kids,Colgate Toothpaste My First For Infants Toddlers 40 Ml,Voila.ca (Sobeys/Safeway Canada) retailer listing.,n.a.,40 mL,Paste / Gel,n.a.,Voila article 232787EA,Voila.ca (Sobeys/Safeway Canada),https://voila.ca/products/colgate-toothpaste-my-first-for-infants-toddlers-40-ml/232787EA,Retailer listing,High,2026-08-31
CL-CA-COLGATE-0178,Canada,Colgate,Toothbrush,Electric / battery toothbrush,Colgate Kids,Colgate Unicorn Academy Kids Battery Powered Toothbrush,The Colgate Kids Battery Powered Unicorn Academy Toothbrush is a kids battery toothbrush that provides fun toothbrushing to keep children’s teeth clean and sweep away plaque.,n.a.,n.a.,Brush,827854018759,n.a.,Colgate.com/en-ca (brand site),https://www.colgate.com/en-ca/products/toothbrush/colgate-kids-battery-powered-unicorn-academy-toothbrush,Brand site,Medium,2026-08-31
CL-CA-COLGATE-0179,Canada,Colgate,Toothbrush,Electric / battery toothbrush,Colgate Kids,Colgate Unicorn Academy Sonic Power Toothbrush Extra Soft,Voila.ca (Sobeys/Safeway Canada) retailer listing.,n.a.,n.a.,Brush,n.a.,Voila article 1397143EA,Voila.ca (Sobeys/Safeway Canada),https://voila.ca/products/colgate-unicorn-academy-sonic-power-toothbrush-extra-soft/1397143EA,Retailer listing,High,2026-08-31
CL-CA-COLGATE-0180,Canada,Colgate,Toothpaste,Toothpaste,Colgate Kids,Hello Dragon Dazzle Kids Toothpaste With Fluoride Blue Raspberry 119 G,Walmart Canada retailer listing.,n.a.,119 g,Paste / Gel,n.a.,Walmart.ca item 6000208907207,Walmart Canada,https://www.walmart.ca/en/ip/hello-Dragon-Dazzle-Kids-Toothpaste-with-Fluoride-Blue-Raspberry-119-g/6000208907207,Retailer listing,High,2026-08-31
CL-CA-COLGATE-0181,Canada,Colgate,Toothpaste,Toothpaste,Colgate Max Clean,Colgate Max Clean Effervescent Mint Toothpaste 150 Ml,Voila.ca (Sobeys/Safeway Canada) retailer listing.,Mint,150 mL,Paste / Gel,n.a.,Voila article 949791EA,Voila.ca (Sobeys/Safeway Canada),https://voila.ca/products/colgate-max-clean-effervescent-mint-toothpaste-150-ml/949791EA,Retailer listing,High,2026-08-31
CL-CA-COLGATE-0182,Canada,Colgate,Toothpaste,Toothpaste,Colgate Max Fresh,Colgate Max Fresh Anticavity Fluoride Toothpaste Knockout 52 Ml,Voila.ca (Sobeys/Safeway Canada) retailer listing.,n.a.,52 mL,Paste / Gel,n.a.,Voila article 949590EA,Voila.ca (Sobeys/Safeway Canada),https://voila.ca/products/colgate-max-fresh-anticavity-fluoride-toothpaste-knockout-52-ml/949590EA,Retailer listing,High,2026-08-31
CL-CA-COLGATE-0183,Canada,Colgate,Toothpaste,Toothpaste,Colgate Max Fresh,Colgate Max Fresh Anticavity Fluoride Toothpaste Pineapple Coconut Crush 130 Ml,Voila.ca (Sobeys/Safeway Canada) retailer listing.,Coconut,130 mL,Paste / Gel,n.a.,Voila article 1396961EA,Voila.ca (Sobeys/Safeway Canada),https://voila.ca/products/colgate-max-fresh-anticavity-fluoride-toothpaste-pineapple-coconut-crush-130-ml/1396961EA,Retailer listing,High,2026-08-31
CL-CA-COLGATE-0184,Canada,Colgate,Toothpaste,Toothpaste,Colgate Max Fresh,Colgate Max Fresh Anticavity Fluoride Toothpaste Watermelon Blast Flavour With Minty Breath Strips 130 Ml,Voila.ca (Sobeys/Safeway Canada) retailer listing.,Watermelon,130 mL,Paste / Gel,n.a.,Voila article 1397148EA,Voila.ca (Sobeys/Safeway Canada),https://voila.ca/products/colgate-max-fresh-anticavity-fluoride-toothpaste-watermelon-blast-flavour-with-minty-breath-strips-130-ml/1397148EA,Retailer listing,High,2026-08-31
CL-CA-COLGATE-0185,Canada,Colgate,Toothpaste,Toothpaste,Colgate Max Fresh,Colgate Max Fresh Charcoal Toothpaste 150 Ml,Voila.ca (Sobeys/Safeway Canada) retailer listing.,Charcoal,150 mL,Paste / Gel,n.a.,Voila article 655616EA,Voila.ca (Sobeys/Safeway Canada),https://voila.ca/products/colgate-max-fresh-charcoal-toothpaste-150-ml/655616EA,Retailer listing,High,2026-08-31
CL-CA-COLGATE-0186,Canada,Colgate,Toothpaste,Toothpaste,Colgate Max Fresh,Colgate Max Fresh Clean Mint Toothpaste,"With its refreshing Clean Mint flavour and hundreds of mini breath strips, Colgate Max Fresh Toothpaste leaves your breath feeling fresh for hours.",Clean Mint,n.a.,Paste / Gel,058000142343,n.a.,Colgate.com/en-ca (brand site),https://www.colgate.com/en-ca/products/toothpaste/colgate-maxfresh-clean-mint,Brand site,Medium,2026-08-31
CL-CA-COLGATE-0187,Canada,Colgate,Toothpaste,Toothpaste,Colgate Max Fresh,Colgate Max Fresh Cool Mint Toothpaste,"This minty breath freshener toothpaste, with hundreds of mini breath strips, is bursting with freshness that lasts for hours.",Cool Mint,n.a.,Paste / Gel,058000313200,n.a.,Colgate.com/en-ca (brand site),https://www.colgate.com/en-ca/products/toothpaste/colgate-maxfresh-coolmint,Brand site,Medium,2026-08-31
CL-CA-COLGATE-0188,Canada,Colgate,Toothpaste,Toothpaste,Colgate Max Fresh,Colgate Max Fresh Knockout Mint Toothpaste,"The unique formula, with odour neutralizing technology, helps destroy even the nastiest odours and keeps your breath fresh for hours.**",Mint,n.a.,Paste / Gel,058000142336,n.a.,Colgate.com/en-ca (brand site),https://www.colgate.com/en-ca/products/toothpaste/colgate-maxfresh-knockout,Brand site,Medium,2026-08-31
CL-CA-COLGATE-0189,Canada,Colgate,Toothpaste,Toothpaste,Colgate Max Fresh,Colgate Max Fresh Knockout Toothpaste,Well.ca retailer listing (Canada).,n.a.,n.a.,Paste / Gel,n.a.,Well.ca sku 170169,Well.ca,https://well.ca/products/colgate-max-fresh-knockout_170169.html,Retailer listing,High,2026-08-31
CL-CA-COLGATE-0190,Canada,Colgate,Toothpaste,Toothpaste,Colgate Max Fresh,"Colgate Max Fresh Liquid Gel Toothpaste, Cool Mint","With its refreshing Cool Mint flavour and hundreds of mini breath strips, Colgate Max Fresh Liquid Gel Toothpaste leaves your breath feeling fresh for hours. Plus, the fluoride-based anticavity toothpaste helps fight cavities.",Cool Mint,n.a.,Paste / Gel,058000006003,n.a.,Colgate.com/en-ca (brand site),https://www.colgate.com/en-ca/products/toothpaste/colgate-maxfresh-liquid-gel,Brand site,Medium,2026-08-31
CL-CA-COLGATE-0191,Canada,Colgate,Toothpaste,Toothpaste,Colgate Max Fresh,Colgate Max Fresh Pineapple Coconut Crush Toothpaste,Release an instant blast of fruit-flavoured freshness with Colgate MaxFresh Anticavity Fluoride Toothpaste in Pineapple Coconut Crush with Mint.,Coconut,n.a.,Paste / Gel,827854026211,n.a.,Colgate.com/en-ca (brand site),https://www.colgate.com/en-ca/products/toothpaste/colgate-max-fresh-fruit-pineapple-coconut-toothpaste,Brand site,Medium,2026-08-31
CL-CA-COLGATE-0192,Canada,Colgate,Toothpaste,Toothpaste,Colgate Max Fresh,Colgate Max Fresh Polar Peach Toothpaste,Release an instant blast of fruit-flavoured freshness with Colgate MaxFresh Anticavity Fluoride Toothpaste in Polar Peach and Mint.,n.a.,n.a.,Paste / Gel,827854026235,n.a.,Colgate.com/en-ca (brand site),https://www.colgate.com/en-ca/products/toothpaste/colgate-max-fresh-fruit-peach-cream-toothpaste,Brand site,Medium,2026-08-31
CL-CA-COLGATE-0193,Canada,Colgate,Toothpaste,Toothpaste,Colgate Max Fresh,Colgate Max Fresh Toothpaste Cool Mint 52 Ml,Voila.ca (Sobeys/Safeway Canada) retailer listing.,Cool Mint,52 mL,Paste / Gel,n.a.,Voila article 949588EA,Voila.ca (Sobeys/Safeway Canada),https://voila.ca/products/colgate-max-fresh-toothpaste-cool-mint-52-ml/949588EA,Retailer listing,High,2026-08-31
CL-CA-COLGATE-0194,Canada,Colgate,Toothpaste,Toothpaste,Colgate Max Fresh,Colgate Max Fresh Toothpaste Mint Fusion 150 Ml,Voila.ca (Sobeys/Safeway Canada) retailer listing.,Mint,150 mL,Paste / Gel,n.a.,Voila article 950534EA,Voila.ca (Sobeys/Safeway Canada),https://voila.ca/products/colgate-max-fresh-toothpaste-mint-fusion-150-ml/950534EA,Retailer listing,High,2026-08-31
CL-CA-COLGATE-0195,Canada,Colgate,Toothpaste,Toothpaste,Colgate Max Fresh,Colgate Max Fresh Watermelon Blast Toothpaste,Release an instant blast of fruit-flavoured freshness with Colgate MaxFresh Anticavity Fluoride Toothpaste in Watermelon Blast with Mint.,Watermelon,n.a.,Paste / Gel,827854026167,n.a.,Colgate.com/en-ca (brand site),https://www.colgate.com/en-ca/products/toothpaste/colgate-max-fresh-fruit-watermelon-toothpaste,Brand site,Medium,2026-08-31
CL-CA-COLGATE-0196,Canada,Colgate,Toothbrush,Manual toothbrush,Colgate Max Fresh,Colgate Max Fresh Wisp Disposable Mini Toothbrush Peppermint 24 Count 4 Pack,Walmart Canada retailer listing.,Peppermint,24 ct,Brush,n.a.,Walmart.ca item 6000200495568,Walmart Canada,https://www.walmart.ca/en/ip/Colgate-Max-Fresh-Wisp-Disposable-Mini-Toothbrush-Peppermint-24-Count-4-Pack/6000200495568,Retailer listing,High,2026-08-31
CL-CA-COLGATE-0197,Canada,Colgate,Toothpaste,Toothpaste,Colgate Max Fresh,Colgate Maxfresh Anticavity Fluoride Toothpaste Polar Peach With Mint 130Ml,Walmart Canada retailer listing.,Mint,130 mL,Paste / Gel,n.a.,Walmart.ca item 1CAD5AS6AG08,Walmart Canada,https://www.walmart.ca/en/ip/Colgate-MaxFresh-Anticavity-Fluoride-Toothpaste-Polar-Peach-with-Mint-130ml/1CAD5AS6AG08,Retailer listing,High,2026-08-31
CL-CA-COLGATE-0198,Canada,Colgate,Toothpaste,Toothpaste,Colgate Max Fresh,Colgate Maxfresh Clean Mint Toothpaste 150 Ml,Walmart Canada retailer listing.,Clean Mint,150 mL,Paste / Gel,n.a.,Walmart.ca item 6000199126585,Walmart Canada,https://www.walmart.ca/en/ip/Colgate-MaxFresh-Clean-Mint-Toothpaste-150-ml/6000199126585,Retailer listing,High,2026-08-31
CL-CA-COLGATE-0199,Canada,Colgate,Toothpaste,Toothpaste,Colgate Max Fresh,Colgate Maxfresh Cool Mint Toothpaste 150 Ml,Walmart Canada retailer listing.,Cool Mint,150 mL,Paste / Gel,n.a.,Walmart.ca item 6000195932496,Walmart Canada,https://www.walmart.ca/en/ip/Colgate-MaxFresh-Cool-Mint-Toothpaste-150-ml/6000195932496,Retailer listing,High,2026-08-31
CL-CA-COLGATE-0200,Canada,Colgate,Toothpaste,Toothpaste,Colgate Max Fresh,Colgate Maxfresh Cool Mint Toothpaste Travel Size Toothpaste 52 Ml,Walmart Canada retailer listing.,Cool Mint,52 mL,Paste / Gel,n.a.,Walmart.ca item 6000199044623,Walmart Canada,https://www.walmart.ca/en/ip/Colgate-MaxFresh-Cool-Mint-Toothpaste-Travel-Size-Toothpaste-52-ml/6000199044623,Retailer listing,High,2026-08-31
CL-CA-COLGATE-0201,Canada,Colgate,Toothpaste,Toothpaste,Colgate Max Fresh,Colgate Maxfresh Cool Mint Toothpaste Value Pack 3X150 Ml,Walmart Canada retailer listing.,Cool Mint,150 mL,Paste / Gel,n.a.,Walmart.ca item 6000199127180,Walmart Canada,https://www.walmart.ca/en/ip/Colgate-MaxFresh-Cool-Mint-Toothpaste-Value-pack-3x150-ml/6000199127180,Retailer listing,High,2026-08-31
CL-CA-COLGATE-0202,Canada,Colgate,Toothpaste,Toothpaste,Colgate Max Fresh,Colgate Maxfresh Fluoride Toothpaste Pineapple Coconut Crush With Mint 130Ml,Walmart Canada retailer listing.,Coconut,130 mL,Paste / Gel,n.a.,Walmart.ca item 5QAGOF81TR8L,Walmart Canada,https://www.walmart.ca/en/ip/Colgate-MaxFresh-Fluoride-Toothpaste-Pineapple-Coconut-Crush-with-Mint-130ml/5QAGOF81TR8L,Retailer listing,High,2026-08-31
CL-CA-COLGATE-0203,Canada,Colgate,Toothpaste,Toothpaste,Colgate Max Fresh,Colgate Maxfresh Fluoride Toothpaste Watermelon Blastwith Mint 130 Ml,Walmart Canada retailer listing.,Watermelon,130 mL,Paste / Gel,n.a.,Walmart.ca item 1O6HXDHWTXU8,Walmart Canada,https://www.walmart.ca/en/ip/Colgate-MaxFresh-Fluoride-Toothpaste-Watermelon-Blastwith-Mint-130-ml/1O6HXDHWTXU8,Retailer listing,High,2026-08-31
CL-CA-COLGATE-0204,Canada,Colgate,Toothpaste,Toothpaste,Colgate Max Fresh,Colgate Maxfresh Fluoride Toothpaste With Whitening Cool Mint 2 X 150 Ml,Voila.ca (Sobeys/Safeway Canada) retailer listing.,Cool Mint,150 mL,Paste / Gel,n.a.,Voila article 185258EA,Voila.ca (Sobeys/Safeway Canada),https://voila.ca/products/colgate-maxfresh-fluoride-toothpaste-with-whitening-cool-mint-2-x-150-ml/185258EA,Retailer listing,High,2026-08-31
CL-CA-COLGATE-0205,Canada,Colgate,Toothpaste,Toothpaste,Colgate Max Fresh,Colgate Maxfresh Knockout Mint Toothpaste 150 Ml,Walmart Canada retailer listing.,Mint,150 mL,Paste / Gel,n.a.,Walmart.ca item 6000199127561,Walmart Canada,https://www.walmart.ca/en/ip/Colgate-MaxFresh-Knockout-Mint-Toothpaste-150-ml/6000199127561,Retailer listing,High,2026-08-31
CL-CA-COLGATE-0206,Canada,Colgate,Toothpaste,Toothpaste,Colgate Max Fresh,Colgate Maxfresh Mint Toothpaste,Well.ca retailer listing (Canada).,Mint,n.a.,Paste / Gel,n.a.,Well.ca sku 167988,Well.ca,https://well.ca/products/colgate-maxfresh-mint-toothpaste_167988.html,Retailer listing,High,2026-08-31
CL-CA-COLGATE-0207,Canada,Colgate,Toothpaste,Toothpaste,Colgate Max Fresh,Colgate Maxfresh Mint Toothpaste With Charcoal Value Pack 3X150Ml,Walmart Canada retailer listing.,Charcoal,150 mL,Paste / Gel,n.a.,Walmart.ca item 6000204247880,Walmart Canada,https://www.walmart.ca/en/ip/Colgate-MaxFresh-Mint-Toothpaste-with-Charcoal-Value-pack-3x150ml/6000204247880,Retailer listing,High,2026-08-31
CL-CA-COLGATE-0208,Canada,Colgate,Toothpaste,Toothpaste,Colgate Max Fresh,Colgate Maxfresh Toothpaste Cool Mint 3 X 150 Ml,Voila.ca (Sobeys/Safeway Canada) retailer listing.,Cool Mint,150 mL,Paste / Gel,n.a.,Voila article 426869EA,Voila.ca (Sobeys/Safeway Canada),https://voila.ca/products/colgate-maxfresh-toothpaste-cool-mint-3-x-150-ml/426869EA,Retailer listing,High,2026-08-31
CL-CA-COLGATE-0209,Canada,Colgate,Toothbrush,Manual toothbrush,Colgate Max Fresh,Colgate Toothbrush Max Fresh Medium,Voila.ca (Sobeys/Safeway Canada) retailer listing.,n.a.,n.a.,Brush,n.a.,Voila article 402767EA,Voila.ca (Sobeys/Safeway Canada),https://voila.ca/products/colgate-toothbrush-max-fresh-medium/402767EA,Retailer listing,High,2026-08-31
CL-CA-COLGATE-0210,Canada,Colgate,Toothbrush,Manual toothbrush,Colgate Max Fresh,Colgate Toothbrush Max Fresh Soft,Voila.ca (Sobeys/Safeway Canada) retailer listing.,n.a.,n.a.,Brush,n.a.,Voila article 402759EA,Voila.ca (Sobeys/Safeway Canada),https://voila.ca/products/colgate-toothbrush-max-fresh-soft/402759EA,Retailer listing,High,2026-08-31
CL-CA-COLGATE-0211,Canada,Colgate,Toothbrush,Manual toothbrush,Colgate Optic White,Colgate 360 Advanced Optic White Toothbrush Medium,Walmart Canada retailer listing.,n.a.,n.a.,Brush,n.a.,Walmart.ca item 6000197752715,Walmart Canada,https://www.walmart.ca/en/ip/Colgate-360-Advanced-Optic-White-Toothbrush-Medium/6000197752715,Retailer listing,High,2026-08-31
CL-CA-COLGATE-0212,Canada,Colgate,Toothbrush,Manual toothbrush,Colgate Optic White,Colgate 360 Advanced Optic White Toothbrush Soft,Walmart Canada retailer listing.,n.a.,n.a.,Brush,n.a.,Walmart.ca item 6000197752076,Walmart Canada,https://www.walmart.ca/en/ip/Colgate-360-Advanced-Optic-White-Toothbrush-Soft/6000197752076,Retailer listing,High,2026-08-31
CL-CA-COLGATE-0213,Canada,Colgate,Toothbrush,Manual toothbrush,Colgate Optic White,Colgate 360 Optic White Toothbrush Value Pack Soft,Walmart Canada retailer listing.,n.a.,n.a.,Brush,n.a.,Walmart.ca item 10325849,Walmart Canada,https://www.walmart.ca/en/ip/Colgate-360-Optic-White-Toothbrush-Value-Pack-Soft/10325849,Retailer listing,High,2026-08-31
CL-CA-COLGATE-0214,Canada,Colgate,Toothbrush,Manual toothbrush,Colgate Optic White,Colgate Advanced Optic White Toothbrush 2 Ea,Voila.ca (Sobeys/Safeway Canada) retailer listing.,n.a.,n.a.,Brush,n.a.,Voila article 790818EA,Voila.ca (Sobeys/Safeway Canada),https://voila.ca/products/colgate-advanced-optic-white-toothbrush-2-ea/790818EA,Retailer listing,High,2026-08-31
CL-CA-COLGATE-0215,Canada,Colgate,Toothpaste,Toothpaste,Colgate Optic White,Colgate Advanced Toothpaste Icy Fresh Optic White 133 Ml,Voila.ca (Sobeys/Safeway Canada) retailer listing.,n.a.,133 mL,Paste / Gel,n.a.,Voila article 510792EA,Voila.ca (Sobeys/Safeway Canada),https://voila.ca/products/colgate-advanced-toothpaste-icy-fresh-optic-white-133-ml/510792EA,Retailer listing,High,2026-08-31
CL-CA-COLGATE-0216,Canada,Colgate,Toothbrush,Electric / battery toothbrush,Colgate Optic White,Colgate Optic White Adult Battery Toothbrush,Experience the power of brightness at your fingertips* with the Colgate Optic White Adult Battery Toothbrush.,n.a.,n.a.,Brush,827854027553,n.a.,Colgate.com/en-ca (brand site),https://www.colgate.com/en-ca/products/toothbrush/colgate-optic-white-powered-toothbrush,Brand site,Medium,2026-08-31
CL-CA-COLGATE-0217,Canada,Colgate,Toothbrush,Electric / battery toothbrush,Colgate Optic White,Colgate Optic White Adult Sonic Battery Powered Electric Toothbrush Soft,Walmart Canada retailer listing.,n.a.,n.a.,Brush,n.a.,Walmart.ca item 6K26OLFPFAG0,Walmart Canada,https://www.walmart.ca/en/ip/Colgate-Optic-White-Adult-Sonic-Battery-Powered-Electric-Toothbrush-Soft/6K26OLFPFAG0,Retailer listing,High,2026-08-31
CL-CA-COLGATE-0218,Canada,Colgate,Toothpaste,Toothpaste,Colgate Optic White,Colgate Optic White Advanced Enamel Strength Toothpaste With Fluoride 73 Ml,Walmart Canada retailer listing.,n.a.,73 mL,Paste / Gel,n.a.,Walmart.ca item 6000205838677,Walmart Canada,https://www.walmart.ca/en/ip/Colgate-Optic-White-Advanced-Enamel-Strength-Toothpaste-with-Fluoride-73-mL/6000205838677,Retailer listing,High,2026-08-31
CL-CA-COLGATE-0219,Canada,Colgate,Toothpaste,Toothpaste,Colgate Optic White,Colgate Optic White Advanced Hydrogen Peroxide Toothpaste,Listed on Colgate brand site product carousel with barcode 035000972606,n.a.,n.a.,Paste / Gel,035000972606,n.a.,Colgate.com/en-ca (brand site),https://www.colgate.com/en-ca/products/toothpaste/optic-white-advanced-toothpaste-icy-fresh,Brand site,Medium,2026-08-31
CL-CA-COLGATE-0220,Canada,Colgate,Toothpaste,Toothpaste,Colgate Optic White,Colgate Optic White Advanced Icy Fresh Toothpaste With Fluoride 24 Pack 133 Ml,Walmart Canada retailer listing.,n.a.,"133 mL, 24 ct",Paste / Gel,n.a.,Walmart.ca item 6000200423979,Walmart Canada,https://www.walmart.ca/en/ip/Colgate-Optic-White-Advanced-Icy-Fresh-Toothpaste-with-Fluoride-24-pack-133-ml/6000200423979,Retailer listing,High,2026-08-31
CL-CA-COLGATE-0221,Canada,Colgate,Toothpaste,Toothpaste,Colgate Optic White,Colgate Optic White Advanced Sparkling White Toothpaste,"Get a brighter, whiter, bolder smile with Colgate Optic White Advanced Teeth Whitening Toothpaste. This vegan toothpaste is enamel safe and good for daily use.",n.a.,n.a.,Paste / Gel,035000972590,n.a.,Colgate.com/en-ca (brand site),https://www.colgate.com/en-ca/products/toothpaste/optic-white-advanced-sparkling-white,Brand site,Medium,2026-08-31
CL-CA-COLGATE-0222,Canada,Colgate,Toothpaste,Toothpaste,Colgate Optic White,Colgate Optic White Advanced Sparkling White Toothpaste With Fluoride Mint 133 Ml,Walmart Canada retailer listing.,Mint,133 mL,Paste / Gel,n.a.,Walmart.ca item 6000200423131,Walmart Canada,https://www.walmart.ca/en/ip/Colgate-Optic-White-Advanced-Sparkling-White-Toothpaste-with-Fluoride-Mint-133-ml/6000200423131,Retailer listing,High,2026-08-31
CL-CA-COLGATE-0223,Canada,Colgate,Toothpaste,Toothpaste,Colgate Optic White,Colgate Optic White Advanced Sparkling White Toothpaste With Fluoride Mint 73 Ml,Walmart Canada retailer listing.,Mint,73 mL,Paste / Gel,n.a.,Walmart.ca item 6000200424134,Walmart Canada,https://www.walmart.ca/en/ip/Colgate-Optic-White-Advanced-Sparkling-White-Toothpaste-with-Fluoride-Mint-73-ml/6000200424134,Retailer listing,High,2026-08-31
CL-CA-COLGATE-0224,Canada,Colgate,Toothpaste,Toothpaste,Colgate Optic White,Colgate Optic White Advanced Sparkling White Toothpaste With Fluoride Travel Size Mint 18Ml,Walmart Canada retailer listing.,Mint,18 mL,Paste / Gel,n.a.,Walmart.ca item 6000201351072,Walmart Canada,https://www.walmart.ca/en/ip/Colgate-Optic-White-Advanced-Sparkling-White-Toothpaste-with-Fluoride-Travel-Size-Mint-18mL/6000201351072,Retailer listing,High,2026-08-31
CL-CA-COLGATE-0225,Canada,Colgate,Toothpaste,Toothpaste,Colgate Optic White,Colgate Optic White Advanced Sparkling White Toothpaste With Fluoride Value Pack 3X 57 Ml,Walmart Canada retailer listing.,n.a.,57 mL,Paste / Gel,n.a.,Walmart.ca item 2BOHAIUBGE6M,Walmart Canada,https://www.walmart.ca/en/ip/Colgate-Optic-White-Advanced-Sparkling-White-Toothpaste-with-Fluoride-Value-Pack-3x-57-mL/2BOHAIUBGE6M,Retailer listing,High,2026-08-31
CL-CA-COLGATE-0226,Canada,Colgate,Toothpaste,Toothpaste,Colgate Optic White,Colgate Optic White Advanced Stain Prevention Toothpaste With Fluoride 133 Ml,Walmart Canada retailer listing.,n.a.,133 mL,Paste / Gel,n.a.,Walmart.ca item 0YD49ASCAJ7Q,Walmart Canada,https://www.walmart.ca/en/ip/Colgate-Optic-White-Advanced-Stain-Prevention-Toothpaste-with-Fluoride-133-mL/0YD49ASCAJ7Q,Retailer listing,High,2026-08-31
CL-CA-COLGATE-0227,Canada,Colgate,Toothpaste,Toothpaste,Colgate Optic White,Colgate Optic White Advanced Teeth Whitening Toothpaste Icy Fresh,Well.ca retailer listing (Canada).,n.a.,n.a.,Paste / Gel,n.a.,Well.ca sku 190809,Well.ca,https://well.ca/products/colgate-optic-white-advanced-teeth_190809.html,Retailer listing,High,2026-08-31
CL-CA-COLGATE-0228,Canada,Colgate,Toothpaste,Toothpaste,Colgate Optic White,Colgate Optic White Advanced Teeth Whitening Toothpaste Sparkling White,Well.ca retailer listing (Canada).,n.a.,n.a.,Paste / Gel,n.a.,Well.ca sku 190810,Well.ca,https://well.ca/products/colgate-optic-white-advanced-teeth_190810.html,Retailer listing,High,2026-08-31
CL-CA-COLGATE-0229,Canada,Colgate,Toothpaste,Toothpaste,Colgate Optic White,"Colgate Optic White Advanced Teeth Whitening Toothpaste, Oxygenating White","Remove 5 years of stains* using Colgate Optic White Advanced Hydrogen Peroxide Teeth Whitening Toothpaste. Made with a refreshing Oxygenating White flavor, Colgate Optic White Advanced Whitening Toothpaste effectively removes tea, coffee, and wine stains** so you can achieve a bright smile.",n.a.,n.a.,Paste / Gel,827854006626,n.a.,Colgate.com/en-ca (brand site),https://www.colgate.com/en-ca/products/toothpaste/optic-white-advanced-toothpaste-oxigenating-white,Brand site,Medium,2026-08-31
CL-CA-COLGATE-0230,Canada,Colgate,Toothpaste,Toothpaste,Colgate Optic White,Colgate Optic White Advanced Toothpaste,Well.ca retailer listing (Canada).,n.a.,n.a.,Paste / Gel,n.a.,Well.ca sku 215627,Well.ca,https://well.ca/products/colgate-optic-white-advanced_215627.html,Retailer listing,High,2026-08-31
CL-CA-COLGATE-0231,Canada,Colgate,Toothpaste,Toothpaste,Colgate Optic White,Colgate Optic White Advanced Toothpaste Oxygenating White 133 Ml,Voila.ca (Sobeys/Safeway Canada) retailer listing.,n.a.,133 mL,Paste / Gel,n.a.,Voila article 2820EA,Voila.ca (Sobeys/Safeway Canada),https://voila.ca/products/colgate-optic-white-advanced-toothpaste-oxygenating-white-133-ml/2820EA,Retailer listing,High,2026-08-31
CL-CA-COLGATE-0232,Canada,Colgate,Toothbrush,Manual toothbrush,Colgate Optic White,Colgate Optic White Charcoal Soft Toothbrush For Adults 2 Pack,Walmart Canada retailer listing.,Charcoal,2 ct,Brush,n.a.,Walmart.ca item 3ZX4YF57STIR,Walmart Canada,https://www.walmart.ca/en/ip/Colgate-Optic-White-Charcoal-Soft-Toothbrush-for-Adults-2-Pack/3ZX4YF57STIR,Retailer listing,High,2026-08-31
CL-CA-COLGATE-0233,Canada,Colgate,Toothpaste,Toothpaste,Colgate Optic White,Colgate Optic White Cool Mint Toothpaste 140 Ml,Voila.ca (Sobeys/Safeway Canada) retailer listing.,Cool Mint,140 mL,Paste / Gel,n.a.,Voila article 351063EA,Voila.ca (Sobeys/Safeway Canada),https://voila.ca/products/colgate-optic-white-cool-mint-toothpaste-140-ml/351063EA,Retailer listing,High,2026-08-31
CL-CA-COLGATE-0234,Canada,Colgate,Toothbrush,Manual toothbrush,Colgate Optic White,Colgate Optic White Manual Soft Toothbrushes 2 Pack,Voila.ca (Sobeys/Safeway Canada) retailer listing.,n.a.,2 ct,Brush,n.a.,Voila article 869128EA,Voila.ca (Sobeys/Safeway Canada),https://voila.ca/products/colgate-optic-white-manual-soft-toothbrushes-2-pack/869128EA,Retailer listing,High,2026-08-31
CL-CA-COLGATE-0235,Canada,Colgate,Whitening,Whitening pen / strips / kit,Colgate Optic White,Colgate Optic White Overnight Teeth Whitening Pen,"Each pen has 35 nightly treatments, with an enamel safe formula containing 3% hydrogen peroxide. It is designed for no tooth sensitivity during and after the whitening process.",n.a.,n.a.,Whitening Device / Strip,035000980861,n.a.,Colgate.com/en-ca (brand site),https://www.colgate.com/en-ca/products/specialty/overnight-whitening-pen,Brand site,Medium,2026-08-31
CL-CA-COLGATE-0236,Canada,Colgate,Toothbrush,Manual toothbrush,Colgate Optic White,Colgate Optic White Pro Series Charcoal Manual Toothbrush for Adults,"Like a conventional toothbrush, a charcoal toothbrush has a unique design with charcoal-infused bristles. Additionally, a multi-height bristle design offers better stain removal* between teeth and along the gum line.",Charcoal,n.a.,Brush,827854004806,n.a.,Colgate.com/en-ca (brand site),https://www.colgate.com/en-ca/products/toothbrush/optic-white-pro-series-manual-black,Brand site,Medium,2026-08-31
CL-CA-COLGATE-0237,Canada,Colgate,Toothbrush,Manual toothbrush,Colgate Optic White,Colgate Optic White Pro Series Powered Toothbrush,Voila.ca (Sobeys/Safeway Canada) retailer listing.,n.a.,n.a.,Brush,n.a.,Voila article 902213EA,Voila.ca (Sobeys/Safeway Canada),https://voila.ca/products/colgate-optic-white-pro-series-powered-toothbrush/902213EA,Retailer listing,High,2026-08-31
CL-CA-COLGATE-0238,Canada,Colgate,Toothbrush,Electric / battery toothbrush,Colgate Optic White,Colgate Optic White Pro Series Sonic Battery Powered Toothbrush Black,Walmart Canada retailer listing.,n.a.,n.a.,Brush,n.a.,Walmart.ca item 5O8T9RTP3QVD,Walmart Canada,https://www.walmart.ca/en/ip/Colgate-Optic-White-Pro-Series-Sonic-Battery-Powered-Toothbrush-Black/5O8T9RTP3QVD,Retailer listing,High,2026-08-31
CL-CA-COLGATE-0239,Canada,Colgate,Toothpaste,Toothpaste,Colgate Optic White,Colgate Optic White Purple Teeth Whitening Toothpaste Fresh Mint 90 Ml,Walmart Canada retailer listing.,Fresh Mint,90 mL,Paste / Gel,n.a.,Walmart.ca item 6000207302339,Walmart Canada,https://www.walmart.ca/en/ip/Colgate-Optic-White-Purple-Teeth-Whitening-Toothpaste-Fresh-Mint-90-ml/6000207302339,Retailer listing,High,2026-08-31
CL-CA-COLGATE-0240,Canada,Colgate,Toothpaste,Toothpaste,Colgate Optic White,"Colgate Optic White Purple Toothpaste for Teeth Whitening, Mint Paste",Colgate Optic White Purple Toothpaste uses a patented whitening formula to remove 95% of daily surface stains*.,Mint,n.a.,Paste / Gel,827854011309,n.a.,Colgate.com/en-ca (brand site),https://www.colgate.com/en-ca/products/toothpaste/ow-purple,Brand site,Medium,2026-08-31
CL-CA-COLGATE-0241,Canada,Colgate,Toothbrush,Replacement brush heads,Colgate Optic White,"Colgate Optic White Replacement Toothbrush Heads Pack, Black, 2 Count",The Colgate Optic White Replacement Toothbrush Heads Pack includes two replacement brush heads so you always have extra power toothbrush replacement heads available for your Colgate Battery Powered Toothbrush.,n.a.,2 ct,Brush,827854029380,n.a.,Colgate.com/en-ca (brand site),https://www.colgate.com/en-ca/products/toothbrush/colgate-optic-white-replacement-toothbrush-head,Brand site,Medium,2026-08-31
CL-CA-COLGATE-0242,Canada,Colgate,Toothpaste,Toothpaste,Colgate Optic White,Colgate Optic White Sensitivity Relief Toothpaste 90 Ml,Walmart Canada retailer listing.,n.a.,90 mL,Paste / Gel,n.a.,Walmart.ca item 6000208728343,Walmart Canada,https://www.walmart.ca/en/ip/Colgate-Optic-White-Sensitivity-Relief-Toothpaste-90-mL/6000208728343,Retailer listing,High,2026-08-31
CL-CA-COLGATE-0243,Canada,Colgate,Toothpaste,Toothpaste,Colgate Optic White,"Colgate Optic White Sensitivity Relief Toothpaste, Gentle Mint","Colgate Optic White Sensitivity Relief Toothpaste uses a patented whitening formula to remove 95% of daily surface stains*. Using special micro-polishing action, this anticavity toothpaste removes 5x more surface stains.**",Mint,n.a.,Paste / Gel,827854017967,n.a.,Colgate.com/en-ca (brand site),https://www.colgate.com/en-ca/products/toothpaste/optic-white-stain-fighter-toothpaste-sensitivity-relief,Brand site,Medium,2026-08-31
CL-CA-COLGATE-0244,Canada,Colgate,Toothbrush,Manual toothbrush,Colgate Optic White,Colgate Optic White Soft Charcoal Toothbrush,Voila.ca (Sobeys/Safeway Canada) retailer listing.,Charcoal,n.a.,Brush,n.a.,Voila article 1397137EA,Voila.ca (Sobeys/Safeway Canada),https://voila.ca/products/colgate-optic-white-soft-charcoal-toothbrush/1397137EA,Retailer listing,High,2026-08-31
CL-CA-COLGATE-0245,Canada,Colgate,Toothbrush,Manual toothbrush,Colgate Optic White,Colgate Optic White Soft Charcoal Toothbrushes 2 Pack,Voila.ca (Sobeys/Safeway Canada) retailer listing.,Charcoal,2 ct,Brush,n.a.,Voila article 1397144EA,Voila.ca (Sobeys/Safeway Canada),https://voila.ca/products/colgate-optic-white-soft-charcoal-toothbrushes-2-pack/1397144EA,Retailer listing,High,2026-08-31
CL-CA-COLGATE-0246,Canada,Colgate,Toothbrush,Manual toothbrush,Colgate Optic White,Colgate Optic White Soft Toothbrush For Adults 2 Pack,Walmart Canada retailer listing.,n.a.,2 ct,Brush,n.a.,Walmart.ca item 2Z1JW4V8YUP9,Walmart Canada,https://www.walmart.ca/en/ip/Colgate-Optic-White-Soft-Toothbrush-for-Adults-2-Pack/2Z1JW4V8YUP9,Retailer listing,High,2026-08-31
CL-CA-COLGATE-0247,Canada,Colgate,Toothbrush,Manual toothbrush,Colgate Optic White,Colgate Optic White Soft Toothbrushes 2 Packs,Voila.ca (Sobeys/Safeway Canada) retailer listing.,n.a.,n.a.,Brush,n.a.,Voila article 1397153EA,Voila.ca (Sobeys/Safeway Canada),https://voila.ca/products/colgate-optic-white-soft-toothbrushes-2-packs/1397153EA,Retailer listing,High,2026-08-31
CL-CA-COLGATE-0248,Canada,Colgate,Mouthwash & Rinse,Mouthwash / rinse,Colgate Optic White,Colgate Optic White Sparkling Fresh Mint Mouthwash,Well.ca retailer listing (Canada).,Fresh Mint,n.a.,Liquid Rinse,n.a.,Well.ca sku 95789,Well.ca,https://well.ca/products/colgate-optic-white-sparkling-fresh_95789.html,Retailer listing,High,2026-08-31
CL-CA-COLGATE-0249,Canada,Colgate,Toothpaste,Toothpaste,Colgate Optic White,Colgate Optic White Stain Fighter Clean Mint Paste Teeth Whitening Toothpaste 90 Ml,Walmart Canada retailer listing.,Clean Mint,90 mL,Paste / Gel,n.a.,Walmart.ca item 6000200424722,Walmart Canada,https://www.walmart.ca/en/ip/Colgate-Optic-White-Stain-Fighter-Clean-Mint-Paste-Teeth-Whitening-Toothpaste-90-ml/6000200424722,Retailer listing,High,2026-08-31
CL-CA-COLGATE-0250,Canada,Colgate,Toothpaste,Toothpaste,Colgate Optic White,Colgate Optic White Stain Fighter Fresh Mint Teeth Toothpaste Gel 90 Ml,Walmart Canada retailer listing.,Fresh Mint,90 mL,Paste / Gel,n.a.,Walmart.ca item 6000200424191,Walmart Canada,https://www.walmart.ca/en/ip/Colgate-Optic-White-Stain-Fighter-Fresh-Mint-Teeth-Toothpaste-Gel-90-ml/6000200424191,Retailer listing,High,2026-08-31
CL-CA-COLGATE-0251,Canada,Colgate,Toothpaste,Toothpaste,Colgate Optic White,Colgate Optic White Stain Fighter Fresh Mint Teeth Toothpaste Gel Value Pack 3X90Ml,Walmart Canada retailer listing.,Fresh Mint,90 mL,Paste / Gel,n.a.,Walmart.ca item 6SYHNFUWP5XH,Walmart Canada,https://www.walmart.ca/en/ip/Colgate-Optic-White-Stain-Fighter-Fresh-Mint-Teeth-Toothpaste-Gel-Value-pack-3x90ml/6SYHNFUWP5XH,Retailer listing,High,2026-08-31
CL-CA-COLGATE-0252,Canada,Colgate,Toothpaste,Toothpaste,Colgate Optic White,"Colgate Optic White Stain Fighter Stain Removal Toothpaste, Clean Mint Paste",Add this teeth stain removal toothpaste to your oral care routine for teeth whitening and stain fighting. Colgate Optic White Stain Fighter is also an anticavity fluoride toothpaste that helps to protect against cavities.,Clean Mint,n.a.,Paste / Gel,035000972545,n.a.,Colgate.com/en-ca (brand site),https://www.colgate.com/en-ca/products/toothpaste/ow-stain-fighter,Brand site,Medium,2026-08-31
CL-CA-COLGATE-0253,Canada,Colgate,Toothpaste,Toothpaste,Colgate Optic White,"Colgate Optic White Stain Fighter Stain Removal Toothpaste, Fresh Mint Gel","Colgate Optic White Stain Fighter is a whitening toothpaste that is enamel-safe for daily use. This teeth stain remover toothpaste contains clinically proven technology that safely removes surface stains and the formula helps prevent new stains from forming, so your teeth stay whiter longer.",Fresh Mint,n.a.,Paste / Gel,035000972538,n.a.,Colgate.com/en-ca (brand site),https://www.colgate.com/en-ca/products/toothpaste/optic-white-stain-fighter-toothpaste-fresh-mint,Brand site,Medium,2026-08-31
CL-CA-COLGATE-0254,Canada,Colgate,Toothpaste,Toothpaste,Colgate Optic White,Colgate Optic White Stain Fighter Whitening Toothpaste Clean Mint,Well.ca retailer listing (Canada).,Clean Mint,n.a.,Paste / Gel,n.a.,Well.ca sku 190813,Well.ca,https://well.ca/products/colgate-optic-white-stain-fighter_190813.html,Retailer listing,High,2026-08-31
CL-CA-COLGATE-0255,Canada,Colgate,Toothpaste,Toothpaste,Colgate Optic White,Colgate Optic White Stain Fighter Whitening Toothpaste Fresh Mint Gel,Well.ca retailer listing (Canada).,Fresh Mint,n.a.,Paste / Gel,n.a.,Well.ca sku 190814,Well.ca,https://well.ca/products/colgate-optic-white-stain-fighter_190814.html,Retailer listing,High,2026-08-31
CL-CA-COLGATE-0256,Canada,Colgate,Toothbrush,Manual toothbrush,Colgate Optic White,Colgate Optic White Toothbrush Replaceable Head Starter Kit Soft,Voila.ca (Sobeys/Safeway Canada) retailer listing.,n.a.,n.a.,Brush,n.a.,Voila article 174652EA,Voila.ca (Sobeys/Safeway Canada),https://voila.ca/products/colgate-optic-white-toothbrush-replaceable-head-starter-kit-soft/174652EA,Retailer listing,High,2026-08-31
CL-CA-COLGATE-0257,Canada,Colgate,Toothpaste,Toothpaste,Colgate Optic White,Colgate Optic White Toothpaste 1 Pack,Voila.ca (Sobeys/Safeway Canada) retailer listing.,n.a.,1 ct,Paste / Gel,n.a.,Voila article 146704EA,Voila.ca (Sobeys/Safeway Canada),https://voila.ca/products/colgate-optic-white-toothpaste-1-pack/146704EA,Retailer listing,High,2026-08-31
CL-CA-COLGATE-0258,Canada,Colgate,Toothpaste,Toothpaste,Colgate Optic White,Colgate Optic White Toothpaste Charcoal 90 Ml,Voila.ca (Sobeys/Safeway Canada) retailer listing.,Charcoal,90 mL,Paste / Gel,n.a.,Voila article 610549EA,Voila.ca (Sobeys/Safeway Canada),https://voila.ca/products/colgate-optic-white-toothpaste-charcoal-90-ml/610549EA,Retailer listing,High,2026-08-31
CL-CA-COLGATE-0259,Canada,Colgate,Toothpaste,Toothpaste,Colgate Optic White,Colgate Optic White Toothpaste Sensitive Relief 90 Ml,Voila.ca (Sobeys/Safeway Canada) retailer listing.,n.a.,90 mL,Paste / Gel,n.a.,Voila article 1309527EA,Voila.ca (Sobeys/Safeway Canada),https://voila.ca/products/colgate-optic-white-toothpaste-sensitive-relief-90-ml/1309527EA,Retailer listing,High,2026-08-31
CL-CA-COLGATE-0260,Canada,Colgate,Toothpaste,Toothpaste,Colgate Optic White,Colgate Optic White With Charcoal Toothpaste For Stain Removal Anticavity Toothpaste With Fluoride Cool Mint Flavour Nbsp,Walmart Canada retailer listing.,Cool Mint,n.a.,Paste / Gel,n.a.,Walmart.ca item 6000201628291,Walmart Canada,https://www.walmart.ca/en/ip/Colgate-Optic-White-with-Charcoal-Toothpaste-for-Stain-Removal-Anticavity-Toothpaste-with-Fluoride-Cool-Mint-Flavour-nbsp/6000201628291,Retailer listing,High,2026-08-31
CL-CA-COLGATE-0261,Canada,Colgate,Toothpaste,Toothpaste,Colgate Optic White,"Colgate Optic White with Charcoal Toothpaste, Cool Mint Paste",Add this teeth stain removal toothpaste to your oral care routine for teeth whitening and stain fighting. Colgate Optic White with Charcoal is also an anticavity fluoride toothpaste that helps to protect against cavities.,Cool Mint,n.a.,Paste / Gel,035000978264,n.a.,Colgate.com/en-ca (brand site),https://www.colgate.com/en-ca/products/toothpaste/optic-white-charcoal,Brand site,Medium,2026-08-31
CL-CA-COLGATE-0262,Canada,Colgate,Toothbrush,Manual toothbrush,Colgate Optic White,Colgate Powered 360 Optic White Toothbrush,Voila.ca (Sobeys/Safeway Canada) retailer listing.,n.a.,n.a.,Brush,n.a.,Voila article 319138EA,Voila.ca (Sobeys/Safeway Canada),https://voila.ca/products/colgate-powered-360-optic-white-toothbrush/319138EA,Retailer listing,High,2026-08-31
CL-CA-COLGATE-0263,Canada,Colgate,Toothbrush,Electric / battery toothbrush,Colgate Optic White,Colgate Sonic Optic White Battery Toothbrush,Voila.ca (Sobeys/Safeway Canada) retailer listing.,n.a.,n.a.,Brush,n.a.,Voila article 655161EA,Voila.ca (Sobeys/Safeway Canada),https://voila.ca/products/colgate-sonic-optic-white-battery-toothbrush/655161EA,Retailer listing,High,2026-08-31
CL-CA-COLGATE-0264,Canada,Colgate,Toothbrush,Manual toothbrush,Colgate Optic White,Colgate Toothbrush 360 Optic White Soft,Voila.ca (Sobeys/Safeway Canada) retailer listing.,n.a.,n.a.,Brush,n.a.,Voila article 301228EA,Voila.ca (Sobeys/Safeway Canada),https://voila.ca/products/colgate-toothbrush-360-optic-white-soft/301228EA,Retailer listing,High,2026-08-31
CL-CA-COLGATE-0265,Canada,Colgate,Toothbrush,Manual toothbrush,Colgate Optic White,Colgate Toothbrush Optic White Pro Series Soft 2 Pack,Voila.ca (Sobeys/Safeway Canada) retailer listing.,n.a.,2 ct,Brush,n.a.,Voila article 160160EA,Voila.ca (Sobeys/Safeway Canada),https://voila.ca/products/colgate-toothbrush-optic-white-pro-series-soft-2-pack/160160EA,Retailer listing,High,2026-08-31
CL-CA-COLGATE-0266,Canada,Colgate,Toothpaste,Toothpaste,Colgate Optic White,Colgate Toothpaste Advanced Optic White Icy Fresh 73 Ml,Voila.ca (Sobeys/Safeway Canada) retailer listing.,n.a.,73 mL,Paste / Gel,n.a.,Voila article 510404EA,Voila.ca (Sobeys/Safeway Canada),https://voila.ca/products/colgate-toothpaste-advanced-optic-white-icy-fresh-73-ml/510404EA,Retailer listing,High,2026-08-31
CL-CA-COLGATE-0267,Canada,Colgate,Toothpaste,Toothpaste,Colgate Optic White,Colgate Toothpaste Optic White Advanced Sparkle White 133 Ml,Voila.ca (Sobeys/Safeway Canada) retailer listing.,n.a.,133 mL,Paste / Gel,n.a.,Voila article 501430EA,Voila.ca (Sobeys/Safeway Canada),https://voila.ca/products/colgate-toothpaste-optic-white-advanced-sparkle-white-133-ml/501430EA,Retailer listing,High,2026-08-31
CL-CA-COLGATE-0268,Canada,Colgate,Toothpaste,Toothpaste,Colgate Optic White,Colgate Toothpaste Optic White Advanced Sparkling White 73 Ml,Voila.ca (Sobeys/Safeway Canada) retailer listing.,n.a.,73 mL,Paste / Gel,n.a.,Voila article 501312EA,Voila.ca (Sobeys/Safeway Canada),https://voila.ca/products/colgate-toothpaste-optic-white-advanced-sparkling-white-73-ml/501312EA,Retailer listing,High,2026-08-31
CL-CA-COLGATE-0269,Canada,Colgate,Toothpaste,Toothpaste,Colgate Optic White,Colgate Toothpaste Optic White Stain Fighter Cool Mint 53 Ml,Voila.ca (Sobeys/Safeway Canada) retailer listing.,Cool Mint,53 mL,Paste / Gel,n.a.,Voila article 949605EA,Voila.ca (Sobeys/Safeway Canada),https://voila.ca/products/colgate-toothpaste-optic-white-stain-fighter-cool-mint-53-ml/949605EA,Retailer listing,High,2026-08-31
CL-CA-COLGATE-0270,Canada,Colgate,Toothpaste,Toothpaste,Colgate Optic White,Colgate Toothpaste Renewel Enamel Strength Optic White 70 Ml,Voila.ca (Sobeys/Safeway Canada) retailer listing.,n.a.,70 mL,Paste / Gel,n.a.,Voila article 510826EA,Voila.ca (Sobeys/Safeway Canada),https://voila.ca/products/colgate-toothpaste-renewel-enamel-strength-optic-white-70-ml/510826EA,Retailer listing,High,2026-08-31
CL-CA-COLGATE-0271,Canada,Colgate,Oral Care,Other oral care,Colgate PerioGard,Colgate PerioGard Gum Care,Well.ca retailer listing (Canada).,n.a.,n.a.,n.a.,n.a.,Well.ca sku 283856,Well.ca,https://well.ca/products/colgate-periogard-gum-care_283856.html,Retailer listing,High,2026-08-31
CL-CA-COLGATE-0272,Canada,Colgate,Toothbrush,Manual toothbrush,Colgate PerioGard,Colgate PerioGard Gum Protection Ultra Soft Toothbrush,"Developed by dental experts, the PerioGard soft toothbrush is designed for gum care. This unique toothbrush gently removes plaque and helps to fight the cause of gum bleeding.*",n.a.,n.a.,Brush,827854006817,n.a.,Colgate.com/en-ca (brand site),https://www.colgate.com/en-ca/products/toothbrush/colgate-periogard-ultrasoft,Brand site,Medium,2026-08-31
CL-CA-COLGATE-0273,Canada,Colgate,Oral Care,Other oral care,Colgate PerioGard,Colgate PerioGard Sensitive Gums,Well.ca retailer listing (Canada).,n.a.,n.a.,n.a.,n.a.,Well.ca sku 283855,Well.ca,https://well.ca/products/colgate-periogard-sensitive-gums_283855.html,Retailer listing,High,2026-08-31
CL-CA-COLGATE-0274,Canada,Colgate,Mouthwash & Rinse,Mouthwash / rinse,Colgate PerioGard,Colgate PerioGardSF Protect Gum Mouthwash,Experience lasting minty freshness and up to 12 hour protection against bacteria and plaque* with this antigingivitis mouthwash.,n.a.,n.a.,Liquid Rinse,827854018032,n.a.,Colgate.com/en-ca (brand site),https://www.colgate.com/en-ca/products/mouthwash/colgate-periogard-protect-gum-mouthwash,Brand site,Medium,2026-08-31
CL-CA-COLGATE-0275,Canada,Colgate,Toothpaste,Toothpaste,Colgate PerioGard,Colgate PerioGardSF Toothpaste Gum Care + Sensitivity,"This specialized formula significantly reduces gum bleeding and inflammation, and delivers long-lasting gum protection against plaque bacteria with continued use.",n.a.,n.a.,Paste / Gel,827854006671,n.a.,Colgate.com/en-ca (brand site),https://www.colgate.com/en-ca/products/toothpaste/colgate-periogard-gumcare-sensitivity,Brand site,Medium,2026-08-31
CL-CA-COLGATE-0276,Canada,Colgate,Toothbrush,Manual toothbrush,Colgate PerioGard,Colgate Periogard Gum Expert Ultra Soft Toothbrush,Voila.ca (Sobeys/Safeway Canada) retailer listing.,n.a.,n.a.,Brush,n.a.,Voila article 1397129EA,Voila.ca (Sobeys/Safeway Canada),https://voila.ca/products/colgate-periogard-gum-expert-ultra-soft-toothbrush/1397129EA,Retailer listing,High,2026-08-31
CL-CA-COLGATE-0277,Canada,Colgate,Toothbrush,Manual toothbrush,Colgate PerioGard,Colgate Periogard Gum Expert Ultra Soft Toothbrush Extra Soft Adult Toothbrush,Walmart Canada retailer listing.,n.a.,n.a.,Brush,n.a.,Walmart.ca item 26PA8IINY5TK,Walmart Canada,https://www.walmart.ca/en/ip/Colgate-Periogard-Gum-Expert-Ultra-Soft-Toothbrush-Extra-Soft-Adult-Toothbrush/26PA8IINY5TK,Retailer listing,High,2026-08-31
CL-CA-COLGATE-0278,Canada,Colgate,Toothbrush,Manual toothbrush,Colgate PerioGard,Colgate Periogard Gum Protection Ultra Soft Toothbrush,Walmart Canada retailer listing.,n.a.,n.a.,Brush,n.a.,Walmart.ca item 6000205731797,Walmart Canada,https://www.walmart.ca/en/ip/Colgate-PerioGard-Gum-Protection-Ultra-Soft-Toothbrush/6000205731797,Retailer listing,High,2026-08-31
CL-CA-COLGATE-0279,Canada,Colgate,Toothbrush,Manual toothbrush,Colgate PerioGard,Colgate Periogard Gum Toothbrush Soft Toothbrush 2 Pack,Walmart Canada retailer listing.,n.a.,2 ct,Brush,n.a.,Walmart.ca item 6000207946811,Walmart Canada,https://www.walmart.ca/en/ip/Colgate-PerioGard-Gum-Toothbrush-Soft-Toothbrush-2-Pack/6000207946811,Retailer listing,High,2026-08-31
CL-CA-COLGATE-0280,Canada,Colgate,Mouthwash & Rinse,Mouthwash / rinse,Colgate PerioGard,Colgate Periogard Mouthwash Protect Cetylpyridinium Gum Care 1 L,Voila.ca (Sobeys/Safeway Canada) retailer listing.,n.a.,1 L,Liquid Rinse,n.a.,Voila article 1309352EA,Voila.ca (Sobeys/Safeway Canada),https://voila.ca/products/colgate-periogard-mouthwash-protect-cetylpyridinium-gum-care-1-l/1309352EA,Retailer listing,High,2026-08-31
CL-CA-COLGATE-0281,Canada,Colgate,Mouthwash & Rinse,Mouthwash / rinse,Colgate PerioGard,Colgate Periogard Protect Gum Mouthwash Gum Care Oral Rinse Mint 1L,Walmart Canada retailer listing.,Mint,1 L,Liquid Rinse,n.a.,Walmart.ca item 6000207946046,Walmart Canada,https://www.walmart.ca/en/ip/Colgate-PerioGard-Protect-Gum-Mouthwash-Gum-Care-Oral-Rinse-Mint-1L/6000207946046,Retailer listing,High,2026-08-31
CL-CA-COLGATE-0282,Canada,Colgate,Toothpaste,Toothpaste,Colgate PerioGard,Colgate Periogard Sf Gum Care Plus Whitening Toothpaste 70 Ml,Walmart Canada retailer listing.,n.a.,70 mL,Paste / Gel,n.a.,Walmart.ca item 5R7JIFIJPNUQ,Walmart Canada,https://www.walmart.ca/en/ip/Colgate-PerioGard-SF-Gum-Care-Plus-Whitening-Toothpaste-70-mL/5R7JIFIJPNUQ,Retailer listing,High,2026-08-31
CL-CA-COLGATE-0283,Canada,Colgate,Toothpaste,Toothpaste,Colgate PerioGard,Colgate Periogard Sf Gum Care Sensitive Toothpaste Gum Toothpaste 70 Ml,Walmart Canada retailer listing.,n.a.,70 mL,Paste / Gel,n.a.,Walmart.ca item 6000205731078,Walmart Canada,https://www.walmart.ca/en/ip/Colgate-PerioGard-SF-Gum-Care-Sensitive-Toothpaste-Gum-Toothpaste-70-mL/6000205731078,Retailer listing,High,2026-08-31
CL-CA-COLGATE-0284,Canada,Colgate,Toothpaste,Toothpaste,Colgate PerioGard,Colgate Periogard Sf Gum Toothpaste Gum Care Toothpaste 2 Pack 70 Ml,Walmart Canada retailer listing.,n.a.,"70 mL, 2 ct",Paste / Gel,n.a.,Walmart.ca item 6000207299122,Walmart Canada,https://www.walmart.ca/en/ip/Colgate-PerioGard-SF-Gum-Toothpaste-Gum-Care-Toothpaste-2-Pack-70-mL/6000207299122,Retailer listing,High,2026-08-31
CL-CA-COLGATE-0285,Canada,Colgate,Toothpaste,Toothpaste,Colgate PerioGard,Colgate Periogard Sf Gum Toothpaste Gum Care Toothpaste 70 Ml,Walmart Canada retailer listing.,n.a.,70 mL,Paste / Gel,n.a.,Walmart.ca item 6000205731755,Walmart Canada,https://www.walmart.ca/en/ip/Colgate-PerioGard-SF-Gum-Toothpaste-Gum-Care-Toothpaste-70-mL/6000205731755,Retailer listing,High,2026-08-31
CL-CA-COLGATE-0286,Canada,Colgate,Toothpaste,Toothpaste,Colgate PerioGard,Colgate Periogard Sf Toothpaste Gum Care Whitening 70 Ml,Voila.ca (Sobeys/Safeway Canada) retailer listing.,n.a.,70 mL,Paste / Gel,n.a.,Voila article 1397155EA,Voila.ca (Sobeys/Safeway Canada),https://voila.ca/products/colgate-periogard-sf-toothpaste-gum-care-whitening-70-ml/1397155EA,Retailer listing,High,2026-08-31
CL-CA-COLGATE-0287,Canada,Colgate,Oral Care,Other oral care,Colgate PerioGard,Colgate Periogard Soft,Well.ca retailer listing (Canada).,n.a.,n.a.,n.a.,n.a.,Well.ca sku 283860,Well.ca,https://well.ca/products/colgate-periogard-soft_283860.html,Retailer listing,High,2026-08-31
CL-CA-COLGATE-0288,Canada,Colgate,Toothbrush,Manual toothbrush,Colgate PerioGard,Colgate Periogard Soft Toothbrush 2 Pack,Voila.ca (Sobeys/Safeway Canada) retailer listing.,n.a.,2 ct,Brush,n.a.,Voila article 159885EA,Voila.ca (Sobeys/Safeway Canada),https://voila.ca/products/colgate-periogard-soft-toothbrush-2-pack/159885EA,Retailer listing,High,2026-08-31
CL-CA-COLGATE-0289,Canada,Colgate,Toothbrush,Manual toothbrush,Colgate PerioGard,Colgate Periogard Toothbrush Soft,Voila.ca (Sobeys/Safeway Canada) retailer listing.,n.a.,n.a.,Brush,n.a.,Voila article 2770EA,Voila.ca (Sobeys/Safeway Canada),https://voila.ca/products/colgate-periogard-toothbrush-soft/2770EA,Retailer listing,High,2026-08-31
CL-CA-COLGATE-0290,Canada,Colgate,Toothbrush,Manual toothbrush,Colgate PerioGard,Colgate Periogard Toothbrush Ultra Soft 1 Ea,Voila.ca (Sobeys/Safeway Canada) retailer listing.,n.a.,n.a.,Brush,n.a.,Voila article 2743EA,Voila.ca (Sobeys/Safeway Canada),https://voila.ca/products/colgate-periogard-toothbrush-ultra-soft-1-ea/2743EA,Retailer listing,High,2026-08-31
CL-CA-COLGATE-0291,Canada,Colgate,Toothpaste,Toothpaste,Colgate PerioGard,Colgate Periogard Toothpaste 70 Ml,Voila.ca (Sobeys/Safeway Canada) retailer listing.,n.a.,70 mL,Paste / Gel,n.a.,Voila article 202185EA,Voila.ca (Sobeys/Safeway Canada),https://voila.ca/products/colgate-periogard-toothpaste-70-ml/202185EA,Retailer listing,High,2026-08-31
CL-CA-COLGATE-0292,Canada,Colgate,Toothpaste,Toothpaste,Colgate PerioGard,Colgate Periogard Toothpaste Gum Care 105 Ml,Voila.ca (Sobeys/Safeway Canada) retailer listing.,n.a.,105 mL,Paste / Gel,n.a.,Voila article 1309526EA,Voila.ca (Sobeys/Safeway Canada),https://voila.ca/products/colgate-periogard-toothpaste-gum-care-105-ml/1309526EA,Retailer listing,High,2026-08-31
CL-CA-COLGATE-0293,Canada,Colgate,Toothpaste,Toothpaste,Colgate PerioGard,Colgate Periogard Toothpaste Gum Care Value Pack 2 X 70 Ml,Voila.ca (Sobeys/Safeway Canada) retailer listing.,n.a.,70 mL,Paste / Gel,n.a.,Voila article 147865EA,Voila.ca (Sobeys/Safeway Canada),https://voila.ca/products/colgate-periogard-toothpaste-gum-care-value-pack-2-x-70-ml/147865EA,Retailer listing,High,2026-08-31
CL-CA-COLGATE-0294,Canada,Colgate,Toothpaste,Toothpaste,Colgate PerioGard,Colgate Periogard Toothpaste Sensitive Gum Care 70 Ml,Voila.ca (Sobeys/Safeway Canada) retailer listing.,n.a.,70 mL,Paste / Gel,n.a.,Voila article 2797EA,Voila.ca (Sobeys/Safeway Canada),https://voila.ca/products/colgate-periogard-toothpaste-sensitive-gum-care-70-ml/2797EA,Retailer listing,High,2026-08-31
CL-CA-COLGATE-0295,Canada,Colgate,Oral Care,Other oral care,Colgate PerioGard,Colgate Periogard Ultra Soft,Well.ca retailer listing (Canada).,n.a.,n.a.,n.a.,n.a.,Well.ca sku 283859,Well.ca,https://well.ca/products/colgate-periogard-ultra-soft_283859.html,Retailer listing,High,2026-08-31
CL-CA-COLGATE-0296,Canada,Colgate,Toothpaste,Toothpaste,Colgate PerioGard,Colgate Toothpaste Periogard Gum Care 70 Ml,Voila.ca (Sobeys/Safeway Canada) retailer listing.,n.a.,70 mL,Paste / Gel,n.a.,Voila article 2812EA,Voila.ca (Sobeys/Safeway Canada),https://voila.ca/products/colgate-toothpaste-periogard-gum-care-70-ml/2812EA,Retailer listing,High,2026-08-31
CL-CA-COLGATE-0297,Canada,Colgate,Mouthwash & Rinse,Mouthwash / rinse,Colgate Peroxyl,Colgate Peroxyl Antiseptic Mouth Sore Rinse 1.5% Hydrogen Peroxide,Well.ca retailer listing (Canada).,n.a.,n.a.,Liquid Rinse,n.a.,Well.ca sku 270260,Well.ca,https://well.ca/products/colgate-peroxyl-antiseptic-mouth_270260.html,Retailer listing,High,2026-08-31
CL-CA-COLGATE-0298,Canada,Colgate,Mouthwash & Rinse,Mouthwash / rinse,Colgate Peroxyl,Colgate Peroxyl Mint Mouth Sore Rinse,Walmart Canada retailer listing.,Mint,n.a.,Liquid Rinse,n.a.,Walmart.ca item 6000195499476,Walmart Canada,https://www.walmart.ca/en/ip/Colgate-Peroxyl-Mint-Mouth-Sore-Rinse/6000195499476,Retailer listing,High,2026-08-31
CL-CA-COLGATE-0299,Canada,Colgate,Mouthwash & Rinse,Mouthwash / rinse,Colgate Peroxyl,Colgate Peroxyl Mouth Rinse 237 Ml,Voila.ca (Sobeys/Safeway Canada) retailer listing.,n.a.,237 mL,Liquid Rinse,n.a.,Voila article 824678EA,Voila.ca (Sobeys/Safeway Canada),https://voila.ca/products/colgate-peroxyl-mouth-rinse-237-ml/824678EA,Retailer listing,High,2026-08-31
CL-CA-COLGATE-0300,Canada,Colgate,Mouthwash & Rinse,Mouthwash / rinse,Colgate Peroxyl,Colgate Peroxyl Mouth Sore Rinse,Well.ca retailer listing (Canada).,n.a.,n.a.,Liquid Rinse,n.a.,Well.ca sku 34658,Well.ca,https://well.ca/products/colgate-peroxyl-mouth-sore-rinse_34658.html,Retailer listing,High,2026-08-31
CL-CA-COLGATE-0301,Canada,Colgate,Mouthwash & Rinse,Mouthwash / rinse,Colgate Peroxyl,Colgate Peroxyl Mouth Sore Rinse Mild Mint 500Ml,Walmart Canada retailer listing.,Mint,500 mL,Liquid Rinse,n.a.,Walmart.ca item 6000202001918,Walmart Canada,https://www.walmart.ca/en/ip/Colgate-Peroxyl-Mouth-Sore-Rinse-Mild-Mint-500mL/6000202001918,Retailer listing,High,2026-08-31
CL-CA-COLGATE-0302,Canada,Colgate,Mouthwash & Rinse,Mouthwash / rinse,Colgate Peroxyl,"Colgate Peroxyl Mouth Sore Rinse, Mild Mint",Listed on Colgate brand site product carousel with barcode 035000986740,Mint,n.a.,Liquid Rinse,035000986740,n.a.,Colgate.com/en-ca (brand site),https://www.colgate.com/en-ca/products/mouthwash/colgate-peroxyl-mouthwash,Brand site,Medium,2026-08-31
CL-CA-COLGATE-0303,Canada,Colgate,Professional / Rx,Fluoride treatment,Colgate PreviDent,Colgate PreviDent,Open barcode database record (barcode 0827854015321); brands field: Colgate.,n.a.,100 ml,Serum / Treatment,827854015321,n.a.,n.a. (open barcode database),"https://world.openbeautyfacts.org/api/v2/search?brands_tags=colgate&countries_tags=en%3Acanada&fields=code,product_name,generic_name,brands,quantity,categories_tags,product_quantity,labels_tags,url&page_size=100&page=1",UPC database,Medium,2026-08-31
CL-CA-COLGATE-0304,Canada,Colgate,Toothpaste,Toothpaste,Colgate PreviDent,Colgate PreviDent 5000 Plus Fruitastic Toothpaste,Well.ca retailer listing (Canada).,n.a.,n.a.,Paste / Gel,n.a.,Well.ca sku 167218,Well.ca,https://well.ca/products/colgate-prevident-5000-plus_167218.html,Retailer listing,High,2026-08-31
CL-CA-COLGATE-0305,Canada,Colgate,Toothpaste,Toothpaste,Colgate PreviDent,Colgate PreviDent Booster Toothpaste,Well.ca retailer listing (Canada).,n.a.,n.a.,Paste / Gel,n.a.,Well.ca sku 14238,Well.ca,https://well.ca/products/colgate-prevident-booster-toothpaste_14238.html,Retailer listing,High,2026-08-31
CL-CA-COLGATE-0306,Canada,Colgate,Toothpaste,Toothpaste,Colgate PreviDent,Colgate PreviDent Sensitive Toothpaste,Well.ca retailer listing (Canada).,n.a.,n.a.,Paste / Gel,n.a.,Well.ca sku 11412,Well.ca,https://well.ca/products/colgate-prevident-sensitive_11412.html,Retailer listing,High,2026-08-31
CL-CA-COLGATE-0307,Canada,Colgate,Professional / Rx,Fluoride treatment,Colgate PreviDent,Colgate Prevident,Open barcode database record (barcode 0038341105955); brands field: Colgate.,n.a.,100 ml,Serum / Treatment,038341105955,n.a.,n.a. (open barcode database),"https://world.openbeautyfacts.org/api/v2/search?brands_tags=colgate&countries_tags=en%3Acanada&fields=code,product_name,generic_name,brands,quantity,categories_tags,product_quantity,labels_tags,url&page_size=100&page=1",UPC database,Medium,2026-08-31
CL-CA-COLGATE-0308,Canada,Colgate,Toothpaste,Toothpaste,Colgate PreviDent,Colgate Prevident 5000 Kids High Fluoride Toothpaste Fruitilicious 100 Ml,Walmart Canada retailer listing.,n.a.,100 mL,Paste / Gel,n.a.,Walmart.ca item 6000207946497,Walmart Canada,https://www.walmart.ca/en/ip/Colgate-PreviDent-5000-Kids-High-Fluoride-Toothpaste-Fruitilicious-100-ml/6000207946497,Retailer listing,High,2026-08-31
CL-CA-COLGATE-0309,Canada,Colgate,Toothpaste,Toothpaste,Colgate PreviDent,Colgate Prevident 5000 Ortho Defence High Strength Fluoride Toothpaste Gel Mild Mint 100Ml,Walmart Canada retailer listing.,Mint,100 mL,Paste / Gel,n.a.,Walmart.ca item 5A7UBDMW7LRP,Walmart Canada,https://www.walmart.ca/en/ip/Colgate-PreviDent-5000-Ortho-Defence-High-Strength-Fluoride-Toothpaste-Gel-Mild-Mint-100ml/5A7UBDMW7LRP,Retailer listing,High,2026-08-31
CL-CA-COLGATE-0310,Canada,Colgate,Toothpaste,Toothpaste,Colgate PreviDent,Colgate Prevident 5000 Plus Spearmint Toothpaste,Well.ca retailer listing (Canada).,Spearmint,n.a.,Paste / Gel,n.a.,Well.ca sku 167219,Well.ca,https://well.ca/products/colgate-prevident-5000-plus_167219.html,Retailer listing,High,2026-08-31
CL-CA-COLGATE-0311,Canada,Colgate,Toothpaste,Toothpaste,Colgate PreviDent,Colgate Prevident Booster Plus High Fluoride Toothpaste Spearmint 100 Ml,Walmart Canada retailer listing.,Spearmint,100 mL,Paste / Gel,n.a.,Walmart.ca item 6000198187987,Walmart Canada,https://www.walmart.ca/en/ip/Colgate-PreviDent-Booster-Plus-High-Fluoride-Toothpaste-Spearmint-100-ml/6000198187987,Retailer listing,High,2026-08-31
CL-CA-COLGATE-0312,Canada,Colgate,Toothpaste,Toothpaste,Colgate PreviDent,Colgate Prevident Booster Plus High Fluoride Toothpaste Spearmint 2 X 100 Ml,Walmart Canada retailer listing.,Spearmint,100 mL,Paste / Gel,n.a.,Walmart.ca item 362SCWMA64BD,Walmart Canada,https://www.walmart.ca/en/ip/Colgate-PreviDent-Booster-Plus-High-Fluoride-Toothpaste-Spearmint-2-x-100-mL/362SCWMA64BD,Retailer listing,High,2026-08-31
CL-CA-COLGATE-0313,Canada,Colgate,Toothpaste,Toothpaste,Colgate PreviDent,Colgate Prevident Sensitive Fluoride Toothpaste Liquid Gel Mild Mint 100 Ml,Voila.ca (Sobeys/Safeway Canada) retailer listing.,Mint,100 mL,Paste / Gel,n.a.,Voila article 824679EA,Voila.ca (Sobeys/Safeway Canada),https://voila.ca/products/colgate-prevident-sensitive-fluoride-toothpaste-liquid-gel-mild-mint-100-ml/824679EA,Retailer listing,High,2026-08-31
CL-CA-COLGATE-0314,Canada,Colgate,Toothpaste,Toothpaste,Colgate PreviDent,Colgate Prevident Sensitive Toothpaste Mint 100 Ml,Walmart Canada retailer listing.,Mint,100 mL,Paste / Gel,n.a.,Walmart.ca item 3L7VVG2STOR5,Walmart Canada,https://www.walmart.ca/en/ip/Colgate-PreviDent-Sensitive-Toothpaste-Mint-100-ml/3L7VVG2STOR5,Retailer listing,High,2026-08-31
CL-CA-COLGATE-0315,Canada,Colgate,Toothpaste,Toothpaste,Colgate PreviDent,Colgate Prevident Toothpaste For Dry Mouth Soothing Mint 100 Ml,Voila.ca (Sobeys/Safeway Canada) retailer listing.,Mint,100 mL,Paste / Gel,n.a.,Voila article 147128EA,Voila.ca (Sobeys/Safeway Canada),https://voila.ca/products/colgate-prevident-toothpaste-for-dry-mouth-soothing-mint-100-ml/147128EA,Retailer listing,High,2026-08-31
CL-CA-COLGATE-0316,Canada,Colgate,Toothpaste,Toothpaste,Colgate Renewal,Colgate Optic White Lasting Fresh Renewal Toothpaste 70 Ml,Voila.ca (Sobeys/Safeway Canada) retailer listing.,n.a.,70 mL,Paste / Gel,n.a.,Voila article 510370EA,Voila.ca (Sobeys/Safeway Canada),https://voila.ca/products/colgate-optic-white-lasting-fresh-renewal-toothpaste-70-ml/510370EA,Retailer listing,High,2026-08-31
CL-CA-COLGATE-0317,Canada,Colgate,Toothpaste,Toothpaste,Colgate Renewal,Colgate Optic White Renewal High Impact White Teeth Whitening Toothpaste,Well.ca retailer listing (Canada).,n.a.,n.a.,Paste / Gel,n.a.,Well.ca sku 196582,Well.ca,https://well.ca/products/colgate-optic-white-renewal-high_196582.html,Retailer listing,High,2026-08-31
CL-CA-COLGATE-0318,Canada,Colgate,Toothpaste,Toothpaste,Colgate Renewal,Colgate Optic White Renewal Teeth Whitening Toothpaste Revitalizing White,Well.ca retailer listing (Canada).,n.a.,n.a.,Paste / Gel,n.a.,Well.ca sku 315088,Well.ca,https://well.ca/products/colgate-optic-white-renewal-teeth_315088.html,Retailer listing,High,2026-08-31
CL-CA-COLGATE-0319,Canada,Colgate,Toothpaste,Toothpaste,Colgate Renewal,"Colgate Optic White Renewal Teeth Whitening Toothpaste, Brilliant Shine","Use this whitening toothpaste to nourish your enamel and deeply whiten teeth. Colgate Optic White Renewal Brilliant Shine Toothpaste is a gluten free, sugar free, and vegan toothpaste.",n.a.,n.a.,Paste / Gel,827854016168,n.a.,Colgate.com/en-ca (brand site),https://www.colgate.com/en-ca/products/toothpaste/optic-white-renewal-toothpaste-brilliant-shine,Brand site,Medium,2026-08-31
CL-CA-COLGATE-0320,Canada,Colgate,Toothpaste,Toothpaste,Colgate Renewal,Colgate Optic White Renewal Toothpaste High Impact White 70 Ml,Walmart Canada retailer listing.,n.a.,70 mL,Paste / Gel,n.a.,Walmart.ca item 6000200425168,Walmart Canada,https://www.walmart.ca/en/ip/Colgate-Optic-White-Renewal-Toothpaste-High-Impact-White-70-ml/6000200425168,Retailer listing,High,2026-08-31
CL-CA-COLGATE-0321,Canada,Colgate,Toothpaste,Toothpaste,Colgate Renewal,Colgate Optic White Renewal Toothpaste With 3 Hydrogen Peroxide Value Pack 2X70 Ml,Walmart Canada retailer listing.,n.a.,70 mL,Paste / Gel,n.a.,Walmart.ca item 5YH4SBW5D0KI,Walmart Canada,https://www.walmart.ca/en/ip/Colgate-Optic-White-Renewal-Toothpaste-with-3-Hydrogen-Peroxide-Value-Pack-2x70-mL/5YH4SBW5D0KI,Retailer listing,High,2026-08-31
CL-CA-COLGATE-0322,Canada,Colgate,Toothpaste,Toothpaste,Colgate Renewal,"Colgate Optic White Renewal Toothpaste, High Impact White","The patented whitening toothpaste contains 3% hydrogen peroxide to deeply whiten beyond surface stains, helping you to achieve a bright smile.",n.a.,n.a.,Paste / Gel,035000970152,n.a.,Colgate.com/en-ca (brand site),https://www.colgate.com/en-ca/products/toothpaste/ow-renewal,Brand site,Medium,2026-08-31
CL-CA-COLGATE-0323,Canada,Colgate,Toothpaste,Toothpaste,Colgate Renewal,Colgate Renewal High Impact White Optic White Toothpaste 70 Ml,Voila.ca (Sobeys/Safeway Canada) retailer listing.,n.a.,70 mL,Paste / Gel,n.a.,Voila article 510818EA,Voila.ca (Sobeys/Safeway Canada),https://voila.ca/products/colgate-renewal-high-impact-white-optic-white-toothpaste-70-ml/510818EA,Retailer listing,High,2026-08-31
CL-CA-COLGATE-0324,Canada,Colgate,Toothpaste,Toothpaste,Colgate Renewal,Colgate Renewal White Restore Toothpaste 70 Ml,Voila.ca (Sobeys/Safeway Canada) retailer listing.,n.a.,70 mL,Paste / Gel,n.a.,Voila article 655615EA,Voila.ca (Sobeys/Safeway Canada),https://voila.ca/products/colgate-renewal-white-restore-toothpaste-70-ml/655615EA,Retailer listing,High,2026-08-31
CL-CA-COLGATE-0325,Canada,Colgate,Toothbrush,Manual toothbrush,Colgate Renewal,Colgate Toothbrush Renewal Ultra Soft 2 Pack,Voila.ca (Sobeys/Safeway Canada) retailer listing.,n.a.,2 ct,Brush,n.a.,Voila article 655153EA,Voila.ca (Sobeys/Safeway Canada),https://voila.ca/products/colgate-toothbrush-renewal-ultra-soft-2-pack/655153EA,Retailer listing,High,2026-08-31
CL-CA-COLGATE-0326,Canada,Colgate,Toothpaste,Toothpaste,Colgate Sensitive,Colgate Sensitive Original Fluoride Toothpaste,"With regular use and brushing, Colgate Sensitive Original toothpaste provides long term relief and fights tartar, plaque and cavities.",Original,n.a.,Paste / Gel,035000978042,n.a.,Colgate.com/en-ca (brand site),https://www.colgate.com/en-ca/products/toothpaste/colgate-sensitive-original,Brand site,Medium,2026-08-31
CL-CA-COLGATE-0327,Canada,Colgate,Toothpaste,Toothpaste,Colgate Sensitive,Colgate Sensitive Pro Relieve Repair And Prevent Toothpaste,Well.ca retailer listing (Canada).,n.a.,n.a.,Paste / Gel,n.a.,Well.ca sku 167958,Well.ca,https://well.ca/products/colgate-sensitive-pro-relieve-repair_167958.html,Retailer listing,High,2026-08-31
CL-CA-COLGATE-0328,Canada,Colgate,Toothpaste,Toothpaste,Colgate Sensitive,Colgate Sensitive Whitening Fluoride Toothpaste,"With regular use, it provides long-lasting sensitivity relief and removes surface stains to help keep teeth whiter and brighter (with regular brushing vs. non-whitening toothpaste).",n.a.,n.a.,Paste / Gel,035000978035,n.a.,Colgate.com/en-ca (brand site),https://www.colgate.com/en-ca/products/toothpaste/colgate-sensitive-whitening,Brand site,Medium,2026-08-31
CL-CA-COLGATE-0329,Canada,Colgate,Toothpaste,Toothpaste,Colgate Sensitive,Colgate Sensitive Whitening Toothpaste,Well.ca retailer listing (Canada).,n.a.,n.a.,Paste / Gel,n.a.,Well.ca sku 196593,Well.ca,https://well.ca/products/colgate-sensitive-whitening_196593.html,Retailer listing,High,2026-08-31
CL-CA-COLGATE-0330,Canada,Colgate,Toothbrush,Manual toothbrush,Colgate Sensitive Pro-Relief,Colgate 360 Sensitive Pro Relief Toothbrush Extra Soft,Well.ca retailer listing (Canada).,n.a.,n.a.,Brush,n.a.,Well.ca sku 270251,Well.ca,https://well.ca/products/colgate-360-sensitive-pro-relief_270251.html,Retailer listing,High,2026-08-31
CL-CA-COLGATE-0331,Canada,Colgate,Toothbrush,Manual toothbrush,Colgate Sensitive Pro-Relief,Colgate 360 Sensitive Pro Relief Toothbrush Ultra Soft,Walmart Canada retailer listing.,n.a.,n.a.,Brush,n.a.,Walmart.ca item 10031717,Walmart Canada,https://www.walmart.ca/en/ip/Colgate-360-Sensitive-Pro-Relief-Toothbrush-Ultra-Soft/10031717,Retailer listing,High,2026-08-31
CL-CA-COLGATE-0332,Canada,Colgate,Toothbrush,Manual toothbrush,Colgate Sensitive Pro-Relief,Colgate 360 Sensitive Pro Relief Toothbrush Value Pack Ultra Soft,Walmart Canada retailer listing.,n.a.,n.a.,Brush,n.a.,Walmart.ca item 10222951,Walmart Canada,https://www.walmart.ca/en/ip/Colgate-360-Sensitive-Pro-Relief-Toothbrush-Value-Pack-Ultra-Soft/10222951,Retailer listing,High,2026-08-31
CL-CA-COLGATE-0333,Canada,Colgate,Toothbrush,Manual toothbrush,Colgate Sensitive Pro-Relief,"Colgate 360° Sensitive Pro Relief Toothbrush, Ultra Soft",Use Colgate 360⁰ Sensitive Pro-Relief manual toothbrush for a healthier whole mouth clean! (vs. brushing teeth alone with an ordinary flat-trim toothbrush).,n.a.,n.a.,Brush,058000007123,n.a.,Colgate.com/en-ca (brand site),https://www.colgate.com/en-ca/products/toothbrush/colgate-360-sensitive-pro-relief-toothbrush,Brand site,Medium,2026-08-31
CL-CA-COLGATE-0334,Canada,Colgate,Toothpaste,Toothpaste,Colgate Sensitive Pro-Relief,Colgate Pro Relief Multi Protection Toothpaste 75 Ml,Voila.ca (Sobeys/Safeway Canada) retailer listing.,n.a.,75 mL,Paste / Gel,n.a.,Voila article 303357EA,Voila.ca (Sobeys/Safeway Canada),https://voila.ca/products/colgate-pro-relief-multi-protection-toothpaste-75-ml/303357EA,Retailer listing,High,2026-08-31
CL-CA-COLGATE-0335,Canada,Colgate,Toothpaste,Toothpaste,Colgate Sensitive Pro-Relief,Colgate Pro Relief Toothpaste White Sensitive 75 Ml,Voila.ca (Sobeys/Safeway Canada) retailer listing.,n.a.,75 mL,Paste / Gel,n.a.,Voila article 270363EA,Voila.ca (Sobeys/Safeway Canada),https://voila.ca/products/colgate-pro-relief-toothpaste-white-sensitive-75-ml/270363EA,Retailer listing,High,2026-08-31
CL-CA-COLGATE-0336,Canada,Colgate,Toothpaste,Toothpaste,Colgate Sensitive Pro-Relief,Colgate Sensitive Pro Relief Complete Protection Toothpaste,Walmart Canada retailer listing.,n.a.,n.a.,Paste / Gel,n.a.,Walmart.ca item 6000197183355,Walmart Canada,https://www.walmart.ca/en/ip/Colgate-Sensitive-Pro-Relief-Complete-Protection-Toothpaste/6000197183355,Retailer listing,High,2026-08-31
CL-CA-COLGATE-0337,Canada,Colgate,Toothpaste,Toothpaste,Colgate Sensitive Pro-Relief,Colgate Sensitive Pro Relief Complete Protection Toothpaste 75Ml,Walmart Canada retailer listing.,n.a.,75 mL,Paste / Gel,n.a.,Walmart.ca item 10075493,Walmart Canada,https://www.walmart.ca/en/ip/Colgate-Sensitive-Pro-Relief-Complete-Protection-Toothpaste-75ml/10075493,Retailer listing,High,2026-08-31
CL-CA-COLGATE-0338,Canada,Colgate,Toothpaste,Toothpaste,Colgate Sensitive Pro-Relief,Colgate Sensitive Pro Relief Enamel Repair Toothpaste,Walmart Canada retailer listing.,n.a.,n.a.,Paste / Gel,n.a.,Walmart.ca item 10217761,Walmart Canada,https://www.walmart.ca/en/ip/Colgate-Sensitive-Pro-Relief-Enamel-Repair-Toothpaste/10217761,Retailer listing,High,2026-08-31
CL-CA-COLGATE-0339,Canada,Colgate,Toothpaste,Toothpaste,Colgate Sensitive Pro-Relief,Colgate Sensitive Pro Relief Enamel Repair Toothpaste 120 Ml,Voila.ca (Sobeys/Safeway Canada) retailer listing.,n.a.,120 mL,Paste / Gel,n.a.,Voila article 949594EA,Voila.ca (Sobeys/Safeway Canada),https://voila.ca/products/colgate-sensitive-pro-relief-enamel-repair-toothpaste-120-ml/949594EA,Retailer listing,High,2026-08-31
CL-CA-COLGATE-0340,Canada,Colgate,Toothpaste,Toothpaste,Colgate Sensitive Pro-Relief,Colgate Sensitive Pro Relief Gentle Whitening Toothpaste,Walmart Canada retailer listing.,n.a.,n.a.,Paste / Gel,n.a.,Walmart.ca item 10075580,Walmart Canada,https://www.walmart.ca/en/ip/Colgate-Sensitive-Pro-Relief-Gentle-Whitening-Toothpaste/10075580,Retailer listing,High,2026-08-31
CL-CA-COLGATE-0341,Canada,Colgate,Toothpaste,Toothpaste,Colgate Sensitive Pro-Relief,Colgate Sensitive Pro Relief Repair Prevent Toothpaste,Walmart Canada retailer listing.,n.a.,n.a.,Paste / Gel,n.a.,Walmart.ca item 6000194726297,Walmart Canada,https://www.walmart.ca/en/ip/Colgate-Sensitive-Pro-Relief-Repair-Prevent-Toothpaste/6000194726297,Retailer listing,High,2026-08-31
CL-CA-COLGATE-0342,Canada,Colgate,Toothpaste,Toothpaste,Colgate Sensitive Pro-Relief,Colgate Sensitive Pro Relief Repair Prevent Toothpaste Value Pack 2X75Ml,Walmart Canada retailer listing.,n.a.,75 mL,Paste / Gel,n.a.,Walmart.ca item 6000198189953,Walmart Canada,https://www.walmart.ca/en/ip/Colgate-Sensitive-Pro-Relief-Repair-Prevent-Toothpaste-Value-Pack-2x75ml/6000198189953,Retailer listing,High,2026-08-31
CL-CA-COLGATE-0343,Canada,Colgate,Mouthwash & Rinse,Mouthwash / rinse,Colgate Sensitive Pro-Relief,Colgate Sensitive Pro Relief Soothing Fresh Mint Alcohol Free Mouthwash,Walmart Canada retailer listing.,Fresh Mint,n.a.,Liquid Rinse,n.a.,Walmart.ca item 10309394,Walmart Canada,https://www.walmart.ca/en/ip/Colgate-Sensitive-Pro-Relief-Soothing-Fresh-Mint-Alcohol-Free-Mouthwash/10309394,Retailer listing,High,2026-08-31
CL-CA-COLGATE-0344,Canada,Colgate,Toothpaste,Toothpaste,Colgate Sensitive Pro-Relief,Colgate Sensitive Pro Relief Toothpaste Complete Protection 120 Ml,Voila.ca (Sobeys/Safeway Canada) retailer listing.,n.a.,120 mL,Paste / Gel,n.a.,Voila article 695130EA,Voila.ca (Sobeys/Safeway Canada),https://voila.ca/products/colgate-sensitive-pro-relief-toothpaste-complete-protection-120-ml/695130EA,Retailer listing,High,2026-08-31
CL-CA-COLGATE-0345,Canada,Colgate,Toothpaste,Toothpaste,Colgate Sensitive Pro-Relief,Colgate Sensitive Pro Relief Toothpaste Trial Size,Walmart Canada retailer listing.,n.a.,n.a.,Paste / Gel,n.a.,Walmart.ca item 740590,Walmart Canada,https://www.walmart.ca/en/ip/Colgate-Sensitive-Pro-Relief-Toothpaste-Trial-Size/740590,Retailer listing,High,2026-08-31
CL-CA-COLGATE-0346,Canada,Colgate,Toothpaste,Toothpaste,Colgate Sensitive Pro-Relief,Colgate Sensitive Pro Relief Whitening Toothpaste 120 Ml,Voila.ca (Sobeys/Safeway Canada) retailer listing.,n.a.,120 mL,Paste / Gel,n.a.,Voila article 304010EA,Voila.ca (Sobeys/Safeway Canada),https://voila.ca/products/colgate-sensitive-pro-relief-whitening-toothpaste-120-ml/304010EA,Retailer listing,High,2026-08-31
CL-CA-COLGATE-0347,Canada,Colgate,Toothpaste,Toothpaste,Colgate Sensitive Pro-Relief,Colgate Sensitive Pro-Relief + Gentle Whitening Toothpaste - Paste Formula,"Colgate Sensitive Pro-Relief + Gentle Whitening toothpaste for sensitive teeth is clinically proven for instant and lasting† relief from sensitivity pain. With regular use, the Pro-Argin formula builds a long-lasting protective barrier that acts like a seal against sensitivity.",n.a.,n.a.,Paste / Gel,058000310063,n.a.,Colgate.com/en-ca (brand site),https://www.colgate.com/en-ca/products/toothpaste/colgate-sensitive-pro-relief-gentle-whitening,Brand site,Medium,2026-08-31
CL-CA-COLGATE-0348,Canada,Colgate,Toothpaste,Toothpaste,Colgate Sensitive Pro-Relief,Colgate Sensitive Pro-Relief Anticavity Toothpaste,"Open barcode database record (barcode 05888805); brands field: Colgate, Colgate-Palmolive.",n.a.,22 mL,Paste / Gel,n.a.,n.a.,n.a. (open barcode database),"https://world.openbeautyfacts.org/api/v2/search?brands_tags=colgate&countries_tags=en%3Acanada&fields=code,product_name,generic_name,brands,quantity,categories_tags,product_quantity,labels_tags,url&page_size=100&page=1",UPC database,Medium,2026-08-31
CL-CA-COLGATE-0349,Canada,Colgate,Toothpaste,Toothpaste,Colgate Sensitive Pro-Relief,Colgate Sensitive Pro-Relief Complete Protection Toothpaste,Well.ca retailer listing (Canada).,n.a.,n.a.,Paste / Gel,n.a.,Well.ca sku 190799,Well.ca,https://well.ca/products/colgate-sensitive-pro-relief_190799.html,Retailer listing,High,2026-08-31
CL-CA-COLGATE-0350,Canada,Colgate,Toothpaste,Toothpaste,Colgate Sensitive Pro-Relief,Colgate Sensitive Pro-Relief Enamel Repair Toothpaste,Well.ca retailer listing (Canada).,n.a.,n.a.,Paste / Gel,n.a.,Well.ca sku 167221,Well.ca,https://well.ca/products/colgate-sensitive-pro-relief-enamel_167221.html,Retailer listing,High,2026-08-31
CL-CA-COLGATE-0351,Canada,Colgate,Toothpaste,Toothpaste,Colgate Sensitive Pro-Relief,Colgate Sensitive Pro-Relief Gentle Whitening Toothpaste,Well.ca retailer listing (Canada).,n.a.,n.a.,Paste / Gel,n.a.,Well.ca sku 131501,Well.ca,https://well.ca/products/colgate-sensitive-pro-relief-gentle_131501.html,Retailer listing,High,2026-08-31
CL-CA-COLGATE-0352,Canada,Colgate,Mouthwash & Rinse,Mouthwash / rinse,Colgate Sensitive Pro-Relief,Colgate Sensitive Pro-Relief Mouthwash,Well.ca retailer listing (Canada).,n.a.,n.a.,Liquid Rinse,n.a.,Well.ca sku 95810,Well.ca,https://well.ca/products/colgate-sensitive-pro-relief_95810.html,Retailer listing,High,2026-08-31
CL-CA-COLGATE-0353,Canada,Colgate,Toothpaste,Toothpaste,Colgate Sensitive Pro-Relief,Colgate Sensitive Pro-ReliefComplete Protection Toothpaste,Listed on Colgate brand site product carousel with barcode 058000140769,n.a.,n.a.,Paste / Gel,058000140769,n.a.,Colgate.com/en-ca (brand site),https://www.colgate.com/en-ca/products/toothpaste/colgate-sensitive-pro-relief-complete-protection,Brand site,Medium,2026-08-31
CL-CA-COLGATE-0354,Canada,Colgate,Toothpaste,Toothpaste,Colgate Sensitive Pro-Relief,Colgate Sensitive ProRelief Toothpaste,Well.ca retailer listing (Canada).,n.a.,n.a.,Paste / Gel,n.a.,Well.ca sku 31590,Well.ca,https://well.ca/products/colgate-sensitive-prorelief_31590.html,Retailer listing,High,2026-08-31
CL-CA-COLGATE-0355,Canada,Colgate,Toothpaste,Toothpaste,Colgate Sensitive Pro-Relief,Colgate Sensitive Toothpaste Pro Relief Enamel Repair 75 Ml,Voila.ca (Sobeys/Safeway Canada) retailer listing.,n.a.,75 mL,Paste / Gel,n.a.,Voila article 319141EA,Voila.ca (Sobeys/Safeway Canada),https://voila.ca/products/colgate-sensitive-toothpaste-pro-relief-enamel-repair-75-ml/319141EA,Retailer listing,High,2026-08-31
CL-CA-COLGATE-0356,Canada,Colgate,Toothpaste,Toothpaste,Colgate Sensitive Pro-Relief,Colgate Sensitive Toothpaste Pro Relief Repair 75 Ml,Voila.ca (Sobeys/Safeway Canada) retailer listing.,n.a.,75 mL,Paste / Gel,n.a.,Voila article 398073EA,Voila.ca (Sobeys/Safeway Canada),https://voila.ca/products/colgate-sensitive-toothpaste-pro-relief-repair-75-ml/398073EA,Retailer listing,High,2026-08-31
CL-CA-COLGATE-0357,Canada,Colgate,Toothbrush,Manual toothbrush,Colgate Sensitive Pro-Relief,Colgate Toothbrush 360 Sensitive Pro Relief,Voila.ca (Sobeys/Safeway Canada) retailer listing.,n.a.,n.a.,Brush,n.a.,Voila article 142971EA,Voila.ca (Sobeys/Safeway Canada),https://voila.ca/products/colgate-toothbrush-360-sensitive-pro-relief/142971EA,Retailer listing,High,2026-08-31
CL-CA-COLGATE-0358,Canada,Colgate,Toothbrush,Manual toothbrush,Colgate Sensitive Pro-Relief,Colgate Toothbrush 360 Sensitive Pro Relief 2 Pack,Voila.ca (Sobeys/Safeway Canada) retailer listing.,n.a.,2 ct,Brush,n.a.,Voila article 322925EA,Voila.ca (Sobeys/Safeway Canada),https://voila.ca/products/colgate-toothbrush-360-sensitive-pro-relief-2-pack/322925EA,Retailer listing,High,2026-08-31
CL-CA-COLGATE-0359,Canada,Colgate,Toothbrush,Manual toothbrush,Colgate SlimSoft,Colgate Slim Soft Charcoal Compact Head Toothbrush Soft,Well.ca retailer listing (Canada).,Charcoal,n.a.,Brush,n.a.,Well.ca sku 190793,Well.ca,https://well.ca/products/colgate-slim-soft-charcoal-compact_190793.html,Retailer listing,High,2026-08-31
CL-CA-COLGATE-0360,Canada,Colgate,Toothbrush,Manual toothbrush,Colgate SlimSoft,Colgate Slim Soft Charcoal Manual Toothbrush,Well.ca retailer listing (Canada).,Charcoal,n.a.,Brush,n.a.,Well.ca sku 270259,Well.ca,https://well.ca/products/colgate-slim-soft-charcoal-manual_270259.html,Retailer listing,High,2026-08-31
CL-CA-COLGATE-0361,Canada,Colgate,Toothbrush,Manual toothbrush,Colgate SlimSoft,Colgate Slim Soft Charcoal Toothbrush 4 Pack,Walmart Canada retailer listing.,Charcoal,4 ct,Brush,n.a.,Walmart.ca item 6000201669375,Walmart Canada,https://www.walmart.ca/en/ip/Colgate-Slim-Soft-Charcoal-Toothbrush-4-Pack/6000201669375,Retailer listing,High,2026-08-31
CL-CA-COLGATE-0362,Canada,Colgate,Toothbrush,Manual toothbrush,Colgate SlimSoft,Colgate Slim Soft Charcoal Toothbrush Tip Soft Bristles,Walmart Canada retailer listing.,Charcoal,n.a.,Brush,n.a.,Walmart.ca item 6000199173767,Walmart Canada,https://www.walmart.ca/en/ip/Colgate-Slim-Soft-Charcoal-Toothbrush-Tip-Soft-Bristles/6000199173767,Retailer listing,High,2026-08-31
CL-CA-COLGATE-0363,Canada,Colgate,Toothbrush,Manual toothbrush,Colgate SlimSoft,Colgate Slimsoft Advanced Toothbrush Soft,Walmart Canada retailer listing.,n.a.,n.a.,Brush,n.a.,Walmart.ca item 6000197751987,Walmart Canada,https://www.walmart.ca/en/ip/Colgate-Slimsoft-Advanced-Toothbrush-Soft/6000197751987,Retailer listing,High,2026-08-31
CL-CA-COLGATE-0364,Canada,Colgate,Toothbrush,Manual toothbrush,Colgate SlimSoft,Colgate Toothbrush Slim Soft Compact Head,Voila.ca (Sobeys/Safeway Canada) retailer listing.,n.a.,n.a.,Brush,n.a.,Voila article 354300EA,Voila.ca (Sobeys/Safeway Canada),https://voila.ca/products/colgate-toothbrush-slim-soft-compact-head/354300EA,Retailer listing,High,2026-08-31
CL-CA-COLGATE-0365,Canada,Colgate,Toothbrush,Manual toothbrush,Colgate SlimSoft,Colgate Toothbrush Slim Soft Compact Head Charcoal,Voila.ca (Sobeys/Safeway Canada) retailer listing.,Charcoal,n.a.,Brush,n.a.,Voila article 355260EA,Voila.ca (Sobeys/Safeway Canada),https://voila.ca/products/colgate-toothbrush-slim-soft-compact-head-charcoal/355260EA,Retailer listing,High,2026-08-31
CL-CA-COLGATE-0366,Canada,Colgate,Toothbrush,Manual toothbrush,Colgate Total,Colgate Powered Toothbrush Total Active Prevention 1 Pack,Voila.ca (Sobeys/Safeway Canada) retailer listing.,n.a.,1 ct,Brush,n.a.,Voila article 1309040EA,Voila.ca (Sobeys/Safeway Canada),https://voila.ca/products/colgate-powered-toothbrush-total-active-prevention-1-pack/1309040EA,Retailer listing,High,2026-08-31
CL-CA-COLGATE-0367,Canada,Colgate,Toothpaste,Toothpaste,Colgate Total,Colgate Toothpaste Total Advanced Clean Between 120 Ml,Voila.ca (Sobeys/Safeway Canada) retailer listing.,n.a.,120 mL,Paste / Gel,n.a.,Voila article 949725EA,Voila.ca (Sobeys/Safeway Canada),https://voila.ca/products/colgate-toothpaste-total-advanced-clean-between-120-ml/949725EA,Retailer listing,High,2026-08-31
CL-CA-COLGATE-0368,Canada,Colgate,Toothpaste,Toothpaste,Colgate Total,Colgate Toothpaste Total Advanced Professional Clean 70 Ml,Voila.ca (Sobeys/Safeway Canada) retailer listing.,n.a.,70 mL,Paste / Gel,n.a.,Voila article 949657EA,Voila.ca (Sobeys/Safeway Canada),https://voila.ca/products/colgate-toothpaste-total-advanced-professional-clean-70-ml/949657EA,Retailer listing,High,2026-08-31
CL-CA-COLGATE-0369,Canada,Colgate,Toothpaste,Toothpaste,Colgate Total,Colgate Toothpaste Total Whitening 170 Ml,Voila.ca (Sobeys/Safeway Canada) retailer listing.,n.a.,170 mL,Paste / Gel,n.a.,Voila article 949624EA,Voila.ca (Sobeys/Safeway Canada),https://voila.ca/products/colgate-toothpaste-total-whitening-170-ml/949624EA,Retailer listing,High,2026-08-31
CL-CA-COLGATE-0370,Canada,Colgate,Toothpaste,Toothpaste,Colgate Total,Colgate Toothpaste Total Whitening 3 X 120 Ml,Voila.ca (Sobeys/Safeway Canada) retailer listing.,n.a.,120 mL,Paste / Gel,n.a.,Voila article 477010EA,Voila.ca (Sobeys/Safeway Canada),https://voila.ca/products/colgate-toothpaste-total-whitening-3-x-120-ml/477010EA,Retailer listing,High,2026-08-31
CL-CA-COLGATE-0371,Canada,Colgate,Toothpaste,Toothpaste,Colgate Total,Colgate Toothpaste Total Whitening 70 Ml,Voila.ca (Sobeys/Safeway Canada) retailer listing.,n.a.,70 mL,Paste / Gel,n.a.,Voila article 949825EA,Voila.ca (Sobeys/Safeway Canada),https://voila.ca/products/colgate-toothpaste-total-whitening-70-ml/949825EA,Retailer listing,High,2026-08-31
CL-CA-COLGATE-0372,Canada,Colgate,Mouthwash & Rinse,Mouthwash / rinse,Colgate Total,Colgate Total 12 Hour Pro Shield Mouthwash Peppermint Blast 1 L,Voila.ca (Sobeys/Safeway Canada) retailer listing.,Peppermint,1 L,Liquid Rinse,n.a.,Voila article 600473EA,Voila.ca (Sobeys/Safeway Canada),https://voila.ca/products/colgate-total-12-hour-pro-shield-mouthwash-peppermint-blast-1-l/600473EA,Retailer listing,High,2026-08-31
CL-CA-COLGATE-0373,Canada,Colgate,Toothpaste,Toothpaste,Colgate Total,Colgate Total Active Prevention Clean Mint Toothpaste,"Feel secure knowing that Colgate Total Active Prevention Clean Mint Toothpaste has your cavities, gingivitis, and sensitivity needs covered for a confident smile.",Clean Mint,n.a.,Paste / Gel,058000142091,n.a.,Colgate.com/en-ca (brand site),https://www.colgate.com/en-ca/products/toothpaste/colgate-total-clean-mint,Brand site,Medium,2026-08-31
CL-CA-COLGATE-0374,Canada,Colgate,Toothpaste,Toothpaste,Colgate Total,Colgate Total Active Prevention Clean Mint Toothpaste 120 Ml,Walmart Canada retailer listing.,Clean Mint,120 mL,Paste / Gel,n.a.,Walmart.ca item 6000199125442,Walmart Canada,https://www.walmart.ca/en/ip/Colgate-Total-Active-Prevention-Clean-Mint-Toothpaste-120-ml/6000199125442,Retailer listing,High,2026-08-31
CL-CA-COLGATE-0375,Canada,Colgate,Toothpaste,Toothpaste,Colgate Total,Colgate Total Active Prevention Clean Mint Toothpaste 170 Ml,Walmart Canada retailer listing.,Clean Mint,170 mL,Paste / Gel,n.a.,Walmart.ca item 6000199125786,Walmart Canada,https://www.walmart.ca/en/ip/Colgate-Total-Active-Prevention-Clean-Mint-Toothpaste-170-ml/6000199125786,Retailer listing,High,2026-08-31
CL-CA-COLGATE-0376,Canada,Colgate,Toothpaste,Toothpaste,Colgate Total,Colgate Total Active Prevention Clean Mint Toothpaste Value Pack 3X120 Ml,Walmart Canada retailer listing.,Clean Mint,120 mL,Paste / Gel,n.a.,Walmart.ca item 6000199127332,Walmart Canada,https://www.walmart.ca/en/ip/Colgate-Total-Active-Prevention-Clean-Mint-Toothpaste-Value-pack-3x120-ml/6000199127332,Retailer listing,High,2026-08-31
CL-CA-COLGATE-0377,Canada,Colgate,Toothbrush,Manual toothbrush,Colgate Total,"Colgate Total Active Prevention Foaming Clean Medium Toothbrush, 2 Pack<br/>","Colgate Total Active Prevention Foaming Clean Medium Bristle Toothbrush is specially designed to tackle the root cause* cavities, plaque, gingivitis, bad breath, tartar buildup**, and stains***.",n.a.,n.a.,Brush,n.a.,n.a.,Colgate.com/en-ca (brand site),https://www.colgate.com/en-ca/products/toothbrush/total-active-prevention-foaming-clean-medium,Brand site,Medium,2026-08-31
CL-CA-COLGATE-0378,Canada,Colgate,Toothbrush,Manual toothbrush,Colgate Total,Colgate Total Active Prevention Foaming Clean Soft Toothbrush,Well.ca retailer listing (Canada).,n.a.,n.a.,Brush,n.a.,Well.ca sku 324868,Well.ca,https://well.ca/products/colgate-total-active-prevention_324868.html,Retailer listing,High,2026-08-31
CL-CA-COLGATE-0379,Canada,Colgate,Toothbrush,Manual toothbrush,Colgate Total,Colgate Total Active Prevention Foaming Clean Soft Toothbrush White,Walmart Canada retailer listing.,n.a.,n.a.,Brush,n.a.,Walmart.ca item 6000208748587,Walmart Canada,https://www.walmart.ca/en/ip/Colgate-Total-Active-Prevention-Foaming-Clean-Soft-Toothbrush-White/6000208748587,Retailer listing,High,2026-08-31
CL-CA-COLGATE-0380,Canada,Colgate,Toothbrush,Manual toothbrush,Colgate Total,"Colgate Total Active Prevention Foaming Clean Soft Toothbrush, 1 Pack",Listed on Colgate brand site product carousel with barcode 827854018834,n.a.,1 ct,Brush,827854018834,n.a.,Colgate.com/en-ca (brand site),https://www.colgate.com/en-ca/products/toothbrush/total-active-prevention-foaming-clean-soft-toothbrush,Brand site,Medium,2026-08-31
CL-CA-COLGATE-0381,Canada,Colgate,Toothbrush,Manual toothbrush,Colgate Total,"Colgate Total Active Prevention Foaming Clean Soft Toothbrush, 1 Pack","The Colgate Total Active Prevention Foaming Clean Soft Toothbrush is designed to fight bacteria, the root cause of cavities, plaque, gingivitis, bad breath, and stains* while offering rapid foaming action for deeper (2) toothpaste delivery.",n.a.,n.a.,Brush,n.a.,n.a.,Colgate.com/en-ca (brand site),https://www.colgate.com/en-ca/products/toothbrush/total-active-prevention-foaming-clean-soft-toothbrush,Brand site,Medium,2026-08-31
CL-CA-COLGATE-0382,Canada,Colgate,Toothpaste,Toothpaste,Colgate Total,Colgate Total Active Prevention Fresh Mint Toothpaste,"For superior prevention** against sensitivity, plaque, gingivitis, and tartar, choose Colgate Total Active Prevention Fresh Mint Anticavity Toothpaste.",Fresh Mint,n.a.,Paste / Gel,035000995339,n.a.,Colgate.com/en-ca (brand site),https://www.colgate.com/en-ca/products/toothpaste/ct-fresh-mint-stripe-gel,Brand site,Medium,2026-08-31
CL-CA-COLGATE-0383,Canada,Colgate,Toothpaste,Toothpaste,Colgate Total,Colgate Total Active Prevention Fresh Mint Toothpaste 120 Ml,Walmart Canada retailer listing.,Fresh Mint,120 mL,Paste / Gel,n.a.,Walmart.ca item 26FKYBB9J9RE,Walmart Canada,https://www.walmart.ca/en/ip/Colgate-Total-Active-Prevention-Fresh-Mint-Toothpaste-120-ml/26FKYBB9J9RE,Retailer listing,High,2026-08-31
CL-CA-COLGATE-0384,Canada,Colgate,Mouthwash & Rinse,Mouthwash / rinse,Colgate Total,Colgate Total Active Prevention Gum Health Alcohol Free Mouthwash Mint 1L,Walmart Canada retailer listing.,Mint,1 L,Liquid Rinse,n.a.,Walmart.ca item 6000195499482,Walmart Canada,https://www.walmart.ca/en/ip/Colgate-Total-Active-Prevention-Gum-Health-Alcohol-Free-Mouthwash-Mint-1L/6000195499482,Retailer listing,High,2026-08-31
CL-CA-COLGATE-0385,Canada,Colgate,Toothpaste,Toothpaste,Colgate Total,Colgate Total Active Prevention Plaque Control Anti Plaque Toothpaste Cool Peppermint 120 Ml,Walmart Canada retailer listing.,Peppermint,120 mL,Paste / Gel,n.a.,Walmart.ca item 36UVHCSI6THB,Walmart Canada,https://www.walmart.ca/en/ip/Colgate-Total-Active-Prevention-Plaque-Control-Anti-Plaque-Toothpaste-Cool-Peppermint-120-ml/36UVHCSI6THB,Retailer listing,High,2026-08-31
CL-CA-COLGATE-0386,Canada,Colgate,Toothpaste,Toothpaste,Colgate Total,"Colgate Total Active Prevention Plaque Control Anti Plaque Toothpaste, Cool Peppermint",Actively fight the cause of plaque with Colgate Total Active Prevention Plaque Control Anti Plaque Toothpaste.,Peppermint,n.a.,Paste / Gel,827854027959,n.a.,Colgate.com/en-ca (brand site),https://www.colgate.com/en-ca/products/toothpaste/colgate-total-active-prevention-plaque-control,Brand site,Medium,2026-08-31
CL-CA-COLGATE-0387,Canada,Colgate,Toothpaste,Toothpaste,Colgate Total,Colgate Total Active Prevention Plus Deep Clean Toothpaste Mint,Walmart Canada retailer listing.,Mint,n.a.,Paste / Gel,n.a.,Walmart.ca item 6000199274799,Walmart Canada,https://www.walmart.ca/en/ip/Colgate-Total-Active-Prevention-Plus-Deep-Clean-Toothpaste-Mint/6000199274799,Retailer listing,High,2026-08-31
CL-CA-COLGATE-0388,Canada,Colgate,Toothpaste,Toothpaste,Colgate Total,Colgate Total Active Prevention Plus Deep Clean Toothpaste Mint 70 Ml,Walmart Canada retailer listing.,Mint,70 mL,Paste / Gel,n.a.,Walmart.ca item 6000199125676,Walmart Canada,https://www.walmart.ca/en/ip/Colgate-Total-Active-Prevention-Plus-Deep-Clean-Toothpaste-Mint-70-ml/6000199125676,Retailer listing,High,2026-08-31
CL-CA-COLGATE-0389,Canada,Colgate,Toothpaste,Toothpaste,Colgate Total,Colgate Total Active Prevention Plus Deep Clean Toothpaste Mint Flavour 120 Ml,Walmart Canada retailer listing.,Mint,120 mL,Paste / Gel,n.a.,Walmart.ca item 6000199125195,Walmart Canada,https://www.walmart.ca/en/ip/Colgate-Total-Active-Prevention-Plus-Deep-Clean-Toothpaste-Mint-Flavour-120-ml/6000199125195,Retailer listing,High,2026-08-31
CL-CA-COLGATE-0390,Canada,Colgate,Toothpaste,Toothpaste,Colgate Total,Colgate Total Active Prevention Plus Deep Clean Toothpaste Mint Value Pack 3X70Ml,Walmart Canada retailer listing.,Mint,70 mL,Paste / Gel,n.a.,Walmart.ca item 6000208728144,Walmart Canada,https://www.walmart.ca/en/ip/Colgate-Total-Active-Prevention-Plus-Deep-Clean-Toothpaste-Mint-Value-pack-3x70ml/6000208728144,Retailer listing,High,2026-08-31
CL-CA-COLGATE-0391,Canada,Colgate,Toothpaste,Toothpaste,Colgate Total,"Colgate Total Active Prevention Plus Deep Clean Toothpaste, Mint",Colgate Total Active Prevention Plus Deep Clean Toothpaste is clinically proven to help prevent plaque buildup. This fluoride toothpaste developed by experts is also formulated with additional fluoride to protect against cavities.,Mint,n.a.,Paste / Gel,058000142053,n.a.,Colgate.com/en-ca (brand site),https://www.colgate.com/en-ca/products/toothpaste/colgate-total-plus-deep-clean,Brand site,Medium,2026-08-31
CL-CA-COLGATE-0392,Canada,Colgate,Toothpaste,Toothpaste,Colgate Total,"Colgate Total Active Prevention Plus Enamel Toothpaste, Mint Flavour","To help prevent sensitivity, plaque, gingivitis, and tartar, choose Colgate Total Active Prevention Plus Enamel Toothpaste. This enamel repair toothpaste helps protect against early enamel erosion and works to strengthen softened enamel.",Mint,n.a.,Paste / Gel,058000142114,n.a.,Colgate.com/en-ca (brand site),https://www.colgate.com/en-ca/products/toothpaste/colgate-total-plus-enamel-strength,Brand site,Medium,2026-08-31
CL-CA-COLGATE-0393,Canada,Colgate,Toothpaste,Toothpaste,Colgate Total,Colgate Total Active Prevention Plus Gum Care Toothpaste Mint Flavour 120 Ml,Walmart Canada retailer listing.,Mint,120 mL,Paste / Gel,n.a.,Walmart.ca item 6000203249695,Walmart Canada,https://www.walmart.ca/en/ip/Colgate-Total-Active-Prevention-Plus-Gum-Care-Toothpaste-Mint-Flavour-120-mL/6000203249695,Retailer listing,High,2026-08-31
CL-CA-COLGATE-0394,Canada,Colgate,Toothpaste,Toothpaste,Colgate Total,"Colgate Total Active Prevention Plus Gum Care Toothpaste, Mint","To help prevent sensitivity, plaque, gingivitis, and tartar, choose Colgate Total Active Prevention Plus Gum Care Toothpaste. This fluoride toothpaste developed by experts is also formulated with additional fluoride to protect against cavities.",Mint,n.a.,Paste / Gel,035000993908,n.a.,Colgate.com/en-ca (brand site),https://www.colgate.com/en-ca/products/toothpaste/colgate-total-gum-protect-toothpaste-fresh-mint,Brand site,Medium,2026-08-31
CL-CA-COLGATE-0395,Canada,Colgate,Toothpaste,Toothpaste,Colgate Total,"Colgate Total Active Prevention Plus Gum Care Toothpaste, Mint Flavour","Colgate Total Active Prevention Plus Gum Care Toothpaste is clinically proven to reduce gum inflammation. Help prevent gum problems like gingivitis, gum bleeding, and gum inflammation using this toothpaste for bleeding gums.",Mint,n.a.,Paste / Gel,035000993892,n.a.,Colgate.com/en-ca (brand site),https://www.colgate.com/en-ca/products/toothpaste/colgate-total-plus-gum-care,Brand site,Medium,2026-08-31
CL-CA-COLGATE-0396,Canada,Colgate,Toothpaste,Toothpaste,Colgate Total,"Colgate Total Active Prevention Plus Sensitive and Whitening Toothpaste, Mint",Provide superior prevention and protection of your oral care health when you use this anticavity toothpaste twice daily with 4 weeks of continued use.,Mint,n.a.,Paste / Gel,035000978561,n.a.,Colgate.com/en-ca (brand site),https://www.colgate.com/en-ca/products/toothpaste/colgate-total-active-prevention-plus-sensitive-toothpaste,Brand site,Medium,2026-08-31
CL-CA-COLGATE-0397,Canada,Colgate,Toothpaste,Toothpaste,Colgate Total,"Colgate Total Active Prevention Plus Stain Removal Whitening Toothpaste, Mint",Colgate Total Active Prevention Plus Stain Removal Whitening Toothpaste can help improve your dental health by tackling common oral health issues before they begin. Provide superior prevention and protection of your oral care health when you use this anticavity toothpaste twice daily with 4 weeks of continued use.,Mint,n.a.,Paste / Gel,058000142152,n.a.,Colgate.com/en-ca (brand site),https://www.colgate.com/en-ca/products/toothpaste/colgate-total-plus-whitening,Brand site,Medium,2026-08-31
CL-CA-COLGATE-0398,Canada,Colgate,Toothpaste,Toothpaste,Colgate Total,Colgate Total Active Prevention Sensitive And Whitening Toothpaste Mint 120 Ml,Walmart Canada retailer listing.,Mint,120 mL,Paste / Gel,n.a.,Walmart.ca item 6000201629447,Walmart Canada,https://www.walmart.ca/en/ip/Colgate-Total-Active-Prevention-Sensitive-and-Whitening-Toothpaste-Mint-120-mL/6000201629447,Retailer listing,High,2026-08-31
CL-CA-COLGATE-0399,Canada,Colgate,Toothbrush,Manual toothbrush,Colgate Total,Colgate Total Active Prevention Soft Whitening Toothbrush Black,Walmart Canada retailer listing.,n.a.,n.a.,Brush,n.a.,Walmart.ca item 6000208749580,Walmart Canada,https://www.walmart.ca/en/ip/Colgate-Total-Active-Prevention-Soft-Whitening-Toothbrush-Black/6000208749580,Retailer listing,High,2026-08-31
CL-CA-COLGATE-0400,Canada,Colgate,Toothbrush,Manual toothbrush,Colgate Total,Colgate Total Active Prevention Soft Whitening Toothbrush Pack Black 2 Pack,Walmart Canada retailer listing.,n.a.,2 ct,Brush,n.a.,Walmart.ca item 6000208749189,Walmart Canada,https://www.walmart.ca/en/ip/Colgate-Total-Active-Prevention-Soft-Whitening-Toothbrush-Pack-Black-2-Pack/6000208749189,Retailer listing,High,2026-08-31
CL-CA-COLGATE-0401,Canada,Colgate,Toothbrush,Manual toothbrush,Colgate Total,"Colgate Total Active Prevention Soft Whitening Toothbrush, Black","Help prevent stain buildup by removing surface stains with the Colgate Total Whitening Toothbrush. This black toothbrush features specially engineered, high-density bristles to help polish away stains and disrupt plaque buildup so you can stay at the top of your oral care game for a clean mouth.",n.a.,n.a.,Brush,827854018858,n.a.,Colgate.com/en-ca (brand site),https://www.colgate.com/en-ca/products/toothbrush/total-active-prevention-whitening-soft-toothbrush,Brand site,Medium,2026-08-31
CL-CA-COLGATE-0402,Canada,Colgate,Toothpaste,Toothpaste,Colgate Total,Colgate Total Active Prevention Stain Removal Whitening Toothpaste Gel 120 Ml,Walmart Canada retailer listing.,n.a.,120 mL,Paste / Gel,n.a.,Walmart.ca item 6000199127432,Walmart Canada,https://www.walmart.ca/en/ip/Colgate-Total-Active-Prevention-Stain-Removal-Whitening-Toothpaste-Gel-120-mL/6000199127432,Retailer listing,High,2026-08-31
CL-CA-COLGATE-0403,Canada,Colgate,Toothbrush,Manual toothbrush,Colgate Total,Colgate Total Active Prevention Toothbrush Soft Whitening,Voila.ca (Sobeys/Safeway Canada) retailer listing.,n.a.,n.a.,Brush,n.a.,Voila article 1309528EA,Voila.ca (Sobeys/Safeway Canada),https://voila.ca/products/colgate-total-active-prevention-toothbrush-soft-whitening/1309528EA,Retailer listing,High,2026-08-31
CL-CA-COLGATE-0404,Canada,Colgate,Toothpaste,Toothpaste,Colgate Total,Colgate Total Active Prevention Whitening Toothpaste Gel Mint 120 Ml,Walmart Canada retailer listing.,Mint,120 mL,Paste / Gel,n.a.,Walmart.ca item 6000199125799,Walmart Canada,https://www.walmart.ca/en/ip/Colgate-Total-Active-Prevention-Whitening-Toothpaste-Gel-Mint-120-ml/6000199125799,Retailer listing,High,2026-08-31
CL-CA-COLGATE-0405,Canada,Colgate,Toothpaste,Toothpaste,Colgate Total,Colgate Total Active Prevention Whitening Toothpaste Gel Mint 170 Ml,Walmart Canada retailer listing.,Mint,170 mL,Paste / Gel,n.a.,Walmart.ca item 6000199126818,Walmart Canada,https://www.walmart.ca/en/ip/Colgate-Total-Active-Prevention-Whitening-Toothpaste-Gel-Mint-170-mL/6000199126818,Retailer listing,High,2026-08-31
CL-CA-COLGATE-0406,Canada,Colgate,Toothpaste,Toothpaste,Colgate Total,Colgate Total Active Prevention Whitening Toothpaste Gel Mint 70 Ml,Walmart Canada retailer listing.,Mint,70 mL,Paste / Gel,n.a.,Walmart.ca item 6000199127229,Walmart Canada,https://www.walmart.ca/en/ip/Colgate-Total-Active-Prevention-Whitening-Toothpaste-Gel-Mint-70-ml/6000199127229,Retailer listing,High,2026-08-31
CL-CA-COLGATE-0407,Canada,Colgate,Toothpaste,Toothpaste,Colgate Total,"Colgate Total Active Prevention Whitening Toothpaste Gel, Mint",This advanced fluoride toothpaste improves your dental health and contains an advanced technology that helps prevent common oral health issues for an overall healthier mouth better than regular fluoride toothpaste.,Mint,n.a.,Paste / Gel,058000142107,n.a.,Colgate.com/en-ca (brand site),https://www.colgate.com/en-ca/products/toothpaste/colgate-total-whitening,Brand site,Medium,2026-08-31
CL-CA-COLGATE-0408,Canada,Colgate,Toothpaste,Toothpaste,Colgate Total,Colgate Total Active Prevention Whitening Toothpaste Mint Value Pack 3X120Ml,Walmart Canada retailer listing.,Mint,120 mL,Paste / Gel,n.a.,Walmart.ca item 6000199126265,Walmart Canada,https://www.walmart.ca/en/ip/Colgate-Total-Active-Prevention-Whitening-Toothpaste-Mint-Value-pack-3x120ml/6000199126265,Retailer listing,High,2026-08-31
CL-CA-COLGATE-0409,Canada,Colgate,Toothbrush,Electric / battery toothbrush,Colgate Total,Colgate Total Adult Sonic Battery Powered Electric Toothbrush Soft,Walmart Canada retailer listing.,n.a.,n.a.,Brush,n.a.,Walmart.ca item 5UVL48CGRTPJ,Walmart Canada,https://www.walmart.ca/en/ip/Colgate-Total-Adult-Sonic-Battery-Powered-Electric-Toothbrush-Soft/5UVL48CGRTPJ,Retailer listing,High,2026-08-31
CL-CA-COLGATE-0410,Canada,Colgate,Toothbrush,Electric / battery toothbrush,Colgate Total,"Colgate Total Adult Sonic Battery Toothbrush, Soft",Take control of your oral health using the Colgate Total Soft Bristled Adult Battery Toothbrush.,n.a.,n.a.,Brush,827854027560,n.a.,Colgate.com/en-ca (brand site),https://www.colgate.com/en-ca/products/toothbrush/colgate-total-adult-sonic-battery-toothbrush,Brand site,Medium,2026-08-31
CL-CA-COLGATE-0411,Canada,Colgate,Toothpaste,Toothpaste,Colgate Total,Colgate Total Advanced Sensitive Whitening Tooth Paste 120 Ml,Voila.ca (Sobeys/Safeway Canada) retailer listing.,n.a.,120 mL,Paste / Gel,n.a.,Voila article 609750EA,Voila.ca (Sobeys/Safeway Canada),https://voila.ca/products/colgate-total-advanced-sensitive-whitening-tooth-paste-120-ml/609750EA,Retailer listing,High,2026-08-31
CL-CA-COLGATE-0412,Canada,Colgate,Toothpaste,Toothpaste,Colgate Total,Colgate Total Advanced Toothpaste Daily Repair 120 Ml,Voila.ca (Sobeys/Safeway Canada) retailer listing.,n.a.,120 mL,Paste / Gel,n.a.,Voila article 949749EA,Voila.ca (Sobeys/Safeway Canada),https://voila.ca/products/colgate-total-advanced-toothpaste-daily-repair-120-ml/949749EA,Retailer listing,High,2026-08-31
CL-CA-COLGATE-0413,Canada,Colgate,Toothpaste,Toothpaste,Colgate Total,Colgate Total Advanced Toothpaste Professional Clean 120 Ml,Voila.ca (Sobeys/Safeway Canada) retailer listing.,n.a.,120 mL,Paste / Gel,n.a.,Voila article 949734EA,Voila.ca (Sobeys/Safeway Canada),https://voila.ca/products/colgate-total-advanced-toothpaste-professional-clean-120-ml/949734EA,Retailer listing,High,2026-08-31
CL-CA-COLGATE-0414,Canada,Colgate,Toothpaste,Toothpaste,Colgate Total,Colgate Total Advanced Toothpaste Whitening 120 Ml,Voila.ca (Sobeys/Safeway Canada) retailer listing.,n.a.,120 mL,Paste / Gel,n.a.,Voila article 949748EA,Voila.ca (Sobeys/Safeway Canada),https://voila.ca/products/colgate-total-advanced-toothpaste-whitening-120-ml/949748EA,Retailer listing,High,2026-08-31
CL-CA-COLGATE-0415,Canada,Colgate,Toothpaste,Toothpaste,Colgate Total,Colgate Total Advanced Toothpaste Whitening 70 Ml,Voila.ca (Sobeys/Safeway Canada) retailer listing.,n.a.,70 mL,Paste / Gel,n.a.,Voila article 949661EA,Voila.ca (Sobeys/Safeway Canada),https://voila.ca/products/colgate-total-advanced-toothpaste-whitening-70-ml/949661EA,Retailer listing,High,2026-08-31
CL-CA-COLGATE-0416,Canada,Colgate,Toothpaste,Toothpaste,Colgate Total,Colgate Total Advanced Whitening Toothpaste,Well.ca retailer listing (Canada).,n.a.,n.a.,Paste / Gel,n.a.,Well.ca sku 170187,Well.ca,https://well.ca/products/colgate-total-advanced-whitening_170187.html,Retailer listing,High,2026-08-31
CL-CA-COLGATE-0417,Canada,Colgate,Toothbrush,Electric / battery toothbrush,Colgate Total,Colgate Total Battery Powered Toothbrush White,Well.ca retailer listing (Canada).,n.a.,n.a.,Brush,n.a.,Well.ca sku 324871,Well.ca,https://well.ca/products/colgate-total-battery-powered_324871.html,Retailer listing,High,2026-08-31
CL-CA-COLGATE-0418,Canada,Colgate,Toothbrush,Electric / battery toothbrush,Colgate Total,"Colgate Total Battery Powered Toothbrush, White","When compared to an ordinary manual toothbrush, the Colgate Total Battery Toothbrush offers a superior clean. The tapered Floss-Tip (1) bristles reach deeper (2) along the gumline and between teeth to remove bacteria.",n.a.,n.a.,Brush,827854019749,n.a.,Colgate.com/en-ca (brand site),https://www.colgate.com/en-ca/products/toothbrush/colgate-total-battery-toothbrush,Brand site,Medium,2026-08-31
CL-CA-COLGATE-0419,Canada,Colgate,Toothbrush,Replacement brush heads,Colgate Total,Colgate Total Battery Replacement Toothbrush Heads White 2 Pack,Walmart Canada retailer listing.,n.a.,2 ct,Brush,n.a.,Walmart.ca item 5TD13XOVXWBK,Walmart Canada,https://www.walmart.ca/en/ip/Colgate-Total-Battery-Replacement-Toothbrush-Heads-White-2-Pack/5TD13XOVXWBK,Retailer listing,High,2026-08-31
CL-CA-COLGATE-0420,Canada,Colgate,Toothpaste,Toothpaste,Colgate Total,Colgate Total Clean Mint Toothpaste,Well.ca retailer listing (Canada).,Clean Mint,n.a.,Paste / Gel,n.a.,Well.ca sku 170484,Well.ca,https://well.ca/products/colgate-total-clean-mint-toothpaste_170484.html,Retailer listing,High,2026-08-31
CL-CA-COLGATE-0421,Canada,Colgate,Toothbrush,Manual toothbrush,Colgate Total,Colgate Total Clean Toothbrush 2 Pack,Voila.ca (Sobeys/Safeway Canada) retailer listing.,n.a.,2 ct,Brush,n.a.,Voila article 1309316EA,Voila.ca (Sobeys/Safeway Canada),https://voila.ca/products/colgate-total-clean-toothbrush-2-pack/1309316EA,Retailer listing,High,2026-08-31
CL-CA-COLGATE-0422,Canada,Colgate,Mouthwash & Rinse,Mouthwash / rinse,Colgate Total,Colgate Total Daily Repair Mouthwash Fresh Mint,Well.ca retailer listing (Canada).,Fresh Mint,n.a.,Liquid Rinse,n.a.,Well.ca sku 131505,Well.ca,https://well.ca/products/colgate-total-daily-repair-mouthwash_131505.html,Retailer listing,High,2026-08-31
CL-CA-COLGATE-0423,Canada,Colgate,Mouthwash & Rinse,Mouthwash / rinse,Colgate Total,Colgate Total Mouthwash Charcoal 1 L,Voila.ca (Sobeys/Safeway Canada) retailer listing.,Charcoal,1 L,Liquid Rinse,n.a.,Voila article 920582EA,Voila.ca (Sobeys/Safeway Canada),https://voila.ca/products/colgate-total-mouthwash-charcoal-1-l/920582EA,Retailer listing,High,2026-08-31
CL-CA-COLGATE-0424,Canada,Colgate,Mouthwash & Rinse,Mouthwash / rinse,Colgate Total,Colgate Total Mouthwash Peppermint Blast,Well.ca retailer listing (Canada).,Peppermint,n.a.,Liquid Rinse,n.a.,Well.ca sku 131508,Well.ca,https://well.ca/products/colgate-total-mouthwash-peppermint_131508.html,Retailer listing,High,2026-08-31
CL-CA-COLGATE-0425,Canada,Colgate,Toothpaste,Toothpaste,Colgate Total,Colgate Total Plus Toothpaste Deep Clean 3 Count,Voila.ca (Sobeys/Safeway Canada) retailer listing.,n.a.,3 ct,Paste / Gel,n.a.,Voila article 1309354EA,Voila.ca (Sobeys/Safeway Canada),https://voila.ca/products/colgate-total-plus-toothpaste-deep-clean-3-count/1309354EA,Retailer listing,High,2026-08-31
CL-CA-COLGATE-0426,Canada,Colgate,Toothbrush,Replacement brush heads,Colgate Total,"Colgate Total Replacement Toothbrush Heads Pack, 2 Count",The Colgate Total Replacement Toothbrush Heads Pack includes two replacement brush heads for your Colgate Battery Powered Toothbrush and are compatible with any adult Colgate battery toothbrush.,n.a.,2 ct,Brush,827854029397,n.a.,Colgate.com/en-ca (brand site),https://www.colgate.com/en-ca/products/toothbrush/colgate-total-replacement-toothbrush-head,Brand site,Medium,2026-08-31
CL-CA-COLGATE-0427,Canada,Colgate,Toothpaste,Toothpaste,Colgate Total,Colgate Total Tooth Paste Fresh Boost 120 Ml,Voila.ca (Sobeys/Safeway Canada) retailer listing.,n.a.,120 mL,Paste / Gel,n.a.,Voila article 2815EA,Voila.ca (Sobeys/Safeway Canada),https://voila.ca/products/colgate-total-tooth-paste-fresh-boost-120-ml/2815EA,Retailer listing,High,2026-08-31
CL-CA-COLGATE-0428,Canada,Colgate,Toothbrush,Manual toothbrush,Colgate Total,Colgate Total Toothbrush Foaming Clean Soft 1 Count,Voila.ca (Sobeys/Safeway Canada) retailer listing.,n.a.,1 ct,Brush,n.a.,Voila article 1309348EA,Voila.ca (Sobeys/Safeway Canada),https://voila.ca/products/colgate-total-toothbrush-foaming-clean-soft-1-count/1309348EA,Retailer listing,High,2026-08-31
CL-CA-COLGATE-0429,Canada,Colgate,Toothbrush,Manual toothbrush,Colgate Total,Colgate Total Toothbrush Whitening Restore Soft 2 Pack,Voila.ca (Sobeys/Safeway Canada) retailer listing.,n.a.,2 ct,Brush,n.a.,Voila article 1309350EA,Voila.ca (Sobeys/Safeway Canada),https://voila.ca/products/colgate-total-toothbrush-whitening-restore-soft-2-pack/1309350EA,Retailer listing,High,2026-08-31
CL-CA-COLGATE-0430,Canada,Colgate,Toothpaste,Toothpaste,Colgate Total,Colgate Total Toothpaste Advanced Daily Repair 70 Ml,Voila.ca (Sobeys/Safeway Canada) retailer listing.,n.a.,70 mL,Paste / Gel,n.a.,Voila article 949636EA,Voila.ca (Sobeys/Safeway Canada),https://voila.ca/products/colgate-total-toothpaste-advanced-daily-repair-70-ml/949636EA,Retailer listing,High,2026-08-31
CL-CA-COLGATE-0431,Canada,Colgate,Toothpaste,Toothpaste,Colgate Total,Colgate Total Toothpaste Advanced Gum Protection 70 Ml,Voila.ca (Sobeys/Safeway Canada) retailer listing.,n.a.,70 mL,Paste / Gel,n.a.,Voila article 902029EA,Voila.ca (Sobeys/Safeway Canada),https://voila.ca/products/colgate-total-toothpaste-advanced-gum-protection-70-ml/902029EA,Retailer listing,High,2026-08-31
CL-CA-COLGATE-0432,Canada,Colgate,Toothpaste,Toothpaste,Colgate Total,Colgate Total Toothpaste Advanced Sensitive 70 Ml,Voila.ca (Sobeys/Safeway Canada) retailer listing.,n.a.,70 mL,Paste / Gel,n.a.,Voila article 949678EA,Voila.ca (Sobeys/Safeway Canada),https://voila.ca/products/colgate-total-toothpaste-advanced-sensitive-70-ml/949678EA,Retailer listing,High,2026-08-31
CL-CA-COLGATE-0433,Canada,Colgate,Toothpaste,Toothpaste,Colgate Total,Colgate Total Toothpaste Clean Mint 3 Pack 360 Ml,Voila.ca (Sobeys/Safeway Canada) retailer listing.,Clean Mint,"360 mL, 3 ct",Paste / Gel,n.a.,Voila article 902018EA,Voila.ca (Sobeys/Safeway Canada),https://voila.ca/products/colgate-total-toothpaste-clean-mint-3-pack-360-ml/902018EA,Retailer listing,High,2026-08-31
CL-CA-COLGATE-0434,Canada,Colgate,Toothpaste,Toothpaste,Colgate Total,Colgate Total Toothpaste Clean Mint 70 Ml,Voila.ca (Sobeys/Safeway Canada) retailer listing.,Clean Mint,70 mL,Paste / Gel,n.a.,Voila article 949820EA,Voila.ca (Sobeys/Safeway Canada),https://voila.ca/products/colgate-total-toothpaste-clean-mint-70-ml/949820EA,Retailer listing,High,2026-08-31
CL-CA-COLGATE-0435,Canada,Colgate,Toothpaste,Toothpaste,Colgate Total,Colgate Total Whitening Toothpaste,Well.ca retailer listing (Canada).,n.a.,n.a.,Paste / Gel,n.a.,Well.ca sku 170172,Well.ca,https://well.ca/products/colgate-total-whitening-toothpaste_170172.html,Retailer listing,High,2026-08-31
CL-CA-COLGATE-0436,Canada,Colgate,Toothpaste,Toothpaste,Colgate Total,Colgate Total Whitening Toothpaste 120 Ml,Voila.ca (Sobeys/Safeway Canada) retailer listing.,n.a.,120 mL,Paste / Gel,n.a.,Voila article 949772EA,Voila.ca (Sobeys/Safeway Canada),https://voila.ca/products/colgate-total-whitening-toothpaste-120-ml/949772EA,Retailer listing,High,2026-08-31
CL-CA-COLGATE-0437,Canada,Colgate,Toothpaste,Toothpaste,Colgate Triple Action,"Colgate Triple Action Whitening Toothpaste, Mint","This fresh breath toothpaste also doubles as a whitening toothpaste and helps remove surface stains when you brush. In addition to whitening teeth and freshening breath, Colgate Triple Action Toothpaste also uses fluoride to help remineralize tooth enamel.",Mint,n.a.,Paste / Gel,035000968852,n.a.,Colgate.com/en-ca (brand site),https://www.colgate.com/en-ca/products/toothpaste/colgate-triple-action-whitening-toothpaste,Brand site,Medium,2026-08-31
CL-CA-COLGATE-0438,Canada,Colgate,Toothpaste,Toothpaste,Colgate Zero,Colgate Clear Gel Zero Anticavity Flouride Toothpaste,Open barcode database record (barcode 0035000970466); brands field: Colgate.,n.a.,98 mL,Paste / Gel,035000970466,n.a.,n.a. (open barcode database),"https://world.openbeautyfacts.org/api/v2/search?brands_tags=colgate&countries_tags=en%3Acanada&fields=code,product_name,generic_name,brands,quantity,categories_tags,product_quantity,labels_tags,url&page_size=100&page=1",UPC database,Medium,2026-08-31
CL-CA-ELTAMD-0439,Canada,EltaMD,Skin Care,Moisturizer,EltaMD Skin Care,EltaMD AM Restore Facial Moisturizer,"EltaMD AM Restore Moisturizer hydrates and strengthens the skin’s moisture barrier. Formulated with willow bark extract to support natural exfoliation and niacinamide (vitamin B3) to even skin tone and reduce the appearance of age spots, it leaves skin visibly smoother and more radiant. Non-comedogenic, fragrance-free, and dye-free. AM Restore is oil-free, fragrance-free, noncomedogenic and safe f",n.a.,n.a.,Cream / Lotion,n.a.,ELT02533-P,wedoskin.ca,https://wedoskin.ca/products/eltamd-am-restore-facial-moisturizer,Retailer listing,Medium,2026-08-31
CL-CA-ELTAMD-0440,Canada,EltaMD,Skin Care,Moisturizer,EltaMD Skin Care,EltaMD AM Restore Moisturizer,"EltaMD AM Restore Moisturizer is an advanced, oil-free formula designed to hydrate, smooth, and brighten oily and sensitive skin. Enriched with Niacinamide (Vitamin B3) and Willow Bark Extract, this lightweight moisturizer promotes natural exfoliation, reduces the look of dark spots, and restores skin clarity without clogging pores. Hyaluronic Acid enhances moisture retention, while Caffeine and V",n.a.,n.a.,Cream / Lotion,n.a.,DRM90177,dermacart.ca,https://dermacart.ca/products/eltamd-am-restore-moisturizer,Retailer listing,Medium,2026-08-31
CL-CA-ELTAMD-0441,Canada,EltaMD,Skin Care,Other Skin Care,EltaMD Skin Care,EltaMD Enzyme HydroGel,"EltaMD Enzyme HydroGel is an enzyme-infused skincare treatment designed to promote comfort, recovery, and hydration after non-ablative and mildly ablative procedures. Ideal for combination , dry, and oily skin types, this advanced gel formula helps soothe irritation and reduce itchiness. Featuring hyaluronic acid , it deeply hydrates while delivering a cooling, soothing sensation. Its clear base a",n.a.,n.a.,Paste / Gel,n.a.,DRM90122,dermacart.ca,https://dermacart.ca/products/eltamd-enzyme-hydrogel,Retailer listing,Medium,2026-08-31
CL-CA-ELTAMD-0442,Canada,EltaMD,Skin Care,Moisturizer,EltaMD Skin Care,EltaMD PM Restore Moisturizer (1.7oz),"EltaMD PM Restore Moisturizer works to restore skin while at rest. EltaMD PM Restore Moisturizer helps restore skin vitality and texture. Niacinamide and antioxidants help improve skin tone and texture, while hyaluronic acid and a ceramide hydrate and strengthen skin’s moisture barrier. The result is skin that looks softer, smoother and brighter. Non-comedogenic, fragrance-free. Size: 1.7 oz (48g)",n.a.,n.a.,Cream / Lotion,n.a.,ELT-02540,wedoskin.ca,https://wedoskin.ca/products/eltamd-pm-restore-moisturizer-1-7oz,Retailer listing,Medium,2026-08-31
CL-CA-ELTAMD-0443,Canada,EltaMD,Skin Care,Eye / Lip,EltaMD Skin Care,EltaMD Renew Eye Gel,"EltaMD Renew Eye Gel is a powerful treatment designed to reduce the appearance of puffiness, dark circles, fine lines, and wrinkles around the delicate eye area. Formulated with peptides, Vitamin C & E, and natural extracts, this gel visibly rejuvenates tired eyes, revealing brighter, healthier-looking skin. Clinically proven to reduce fine lines and dark circles within 4 weeks, it also provides e",n.a.,n.a.,Paste / Gel,n.a.,DRM90124,dermacart.ca,https://dermacart.ca/products/eltamd-renew-eye-gel,Retailer listing,Medium,2026-08-31
CL-CA-ELTAMD-0444,Canada,EltaMD,Skin Care,Cleanser,EltaMD Skin Care,EltaMD Skin Recovery Essence Toner,"The EltaMD Skin Recovery Essence Toner is a soothing, hydrating, and detoxifying formula designed to restore your skin's natural pH balance. Powered by AAComplex, a patented blend of amino acids, this gentle toner helps repair the skin barrier, reducing redness and minimizing irritation. Malachite extract, a mineral-rich copper complex, protects against environmental aggressors while detoxifying t",n.a.,n.a.,Liquid,n.a.,DRM90126,dermacart.ca,https://dermacart.ca/products/eltamd-skin-recovery-essence-toner,Retailer listing,Medium,2026-08-31
CL-CA-ELTAMD-0445,Canada,EltaMD,Skin Care,Moisturizer,EltaMD Skin Care,EltaMD Skin Recovery Light Moisturizer,"EltaMD Skin Recovery Light Moisturizer is a lightweight, non-greasy formula designed to hydrate, restore, and protect all skin types, including acne-prone and sensitive skin. Powered by our patented AAComplex, it helps repair the skin barrier, reduce redness, and improve moisture retention. Enriched with Squalane, Coconut Fruit Extract, and Sodium Hyaluronate, this moisturizer nurtures dehydrated",n.a.,n.a.,Cream / Lotion,n.a.,DRM90127,dermacart.ca,https://dermacart.ca/products/eltamd-skin-recovery-light-moisturizer,Retailer listing,Medium,2026-08-31
CL-CA-ELTAMD-0446,Canada,EltaMD,Skin Care,Serum / Treatment,EltaMD Skin Care,EltaMD Skin Recovery Serum,"EltaMD Skin Recovery Serum is a powerful skincare treatment designed for dry and sensitive skin. Featuring twice the concentration of AAComplex Technology, it helps repair the skin barrier, reducing irritation and redness . Antioxidants like Vitamin E and Centella Asiatica (Cica) provide protection against environmental damage, while glycerin, hyaluronic acid, and vitamin B5 offer lightweight hydr",n.a.,n.a.,Serum / Treatment,n.a.,DRM90125,dermacart.ca,https://dermacart.ca/products/eltamd-skin-recovery-serum,Retailer listing,Medium,2026-08-31
CL-CA-ELTAMD-0447,Canada,EltaMD,Skin Care,Sun Care / SPF,EltaMD UV (Sun Care),EltaMD UV Clear Broad-Spectrum SPF 46,"SKIN TYPES - COMBINATION | DRY | OILY EltaMD UV Clear Broad Spectrum SPF 46 is formulated with 5% Niacinamide (Vitamin B3) to help reduce the appearance of blemishes and discoloration on your skin. This broad spectrum sunscreen contains micronized zinc oxide to protect your skin from damaging UVA (aging) and UVB (burning) rays. Ideal for daily use on various skin types, UV Clear is lightweight and",n.a.,1.7 Oz. / 48 g,Sunscreen,n.a.,ELT02500CS12,dermshop.ca,https://dermshop.ca/products/eltamd-uv-clear-broad-spectrum-spf-46,Retailer listing,Medium,2026-08-31
CL-CA-ELTAMD-0448,Canada,EltaMD,Skin Care,Sun Care / SPF,EltaMD UV (Sun Care),EltaMD UV Clear Broad-Spectrum SPF 46 (PRE-ORDER),"Please be advised that this item is currently out of stock, and the estimated return date will be June. Protect and nourish your skin with EltaMD UV Clear Broad-Spectrum SPF 46, a dermatologist-recommended sunscreen designed for acne-prone, combination, and oily skin . Formulated with 5% Niacinamide (Vitamin B3), it helps reduce the appearance of blemishes, discoloration, and redness. Micronized Z",n.a.,n.a.,Sunscreen,n.a.,DRM90115,dermacart.ca,https://dermacart.ca/products/eltamd-uv-clear-broad-spectrum-spf-46,Retailer listing,Medium,2026-08-31
CL-CA-ELTAMD-0449,Canada,EltaMD,Skin Care,Sun Care / SPF,EltaMD UV (Sun Care),EltaMD UV Clear SPF 46 Broad Spectrum,"EltaMD® UV Clear Broad-Spectrum SPF 46 sunscreen is formulated with 5% high-purity niacinamide (vitamin B3) to help reduce the appearance of blemishes, discoloration, and photo-damage. Niacinamide’s effect on blemishes such as acne, as well as skin discoloration, has been proven scientifically many times over. Niacinamide’s management of acne in several studies suggests it to be highly effective.",n.a.,n.a.,Sunscreen,n.a.,ELT02500-P,wedoskin.ca,https://wedoskin.ca/products/eltamd-uv-clear-spf46-broad-spectrum,Retailer listing,Medium,2026-08-31
CL-CA-ELTAMD-0450,Canada,EltaMD,Skin Care,Sun Care / SPF,EltaMD UV (Sun Care),EltaMD UV Clear Tinted Broad-Spectrum SPF 46,SKIN TYPES - COMBINATION | DRY | OILY | ACNE-PRONE | ROSACEA | HYPERPIGMENTATION EltaMD UV Clear Broad Spectrum SPF 46 is a lightweight sunscreen with a sheer tint to help even skin tone. Formulated with 5% Niacinamide (Vitamin B3) to help reduce the appearance of blemishes and discoloration on your skin for a more smooth appearance. This broad spectrum sunscreen contains micronized zinc oxide to,n.a.,1.7 Oz. / 48 g,Sunscreen,n.a.,ELT02520-P,dermshop.ca,https://dermshop.ca/products/eltamd-uv-clear-tinted-broad-spectrum-spf-46,Retailer listing,Medium,2026-08-31
CL-CA-ELTAMD-0451,Canada,EltaMD,Skin Care,Sun Care / SPF,EltaMD UV (Sun Care),EltaMD UV Clear Tinted Broad-Spectrum SPF 46,"EltaMD UV Clear Tinted Broad-Spectrum SPF 46 is a lightweight, hypoallergenic sunscreen designed for acne-prone, rosacea-prone, and sensitive skin. With 5% Niacinamide (Vitamin B3), it helps reduce blemishes and discoloration while promoting an even skin tone. This broad-spectrum sunscreen uses micronized zinc oxide to protect against harmful UVA and UVB rays. Its tinted formula smooths and blurs",n.a.,n.a.,Sunscreen,n.a.,DRM90116,dermacart.ca,https://dermacart.ca/products/eltamd-uv-clear-tinted-broad-spectrum-spf-46,Retailer listing,Medium,2026-08-31
CL-CA-ELTAMD-0452,Canada,EltaMD,Skin Care,Sun Care / SPF,EltaMD UV (Sun Care),EltaMD UV Clear Tinted SPF 46 Broad Spectrum,"Oil-free EltaMD UV Clear Tinted helps calm and protect sensitive skin types prone to discoloration and breakouts associated to acne and rosacea. It contains niacinamide (vitamin B3), hyaluronic acid and lactic acid, ingredients that promote the appearance of healthy-looking skin. Very lightweight and silky, it may be worn with makeup or alone. EltaMD UV Clear is also available in an untinted formu",n.a.,n.a.,Sunscreen,n.a.,ELT02520-P,wedoskin.ca,https://wedoskin.ca/products/eltamd-uv-clear-tinted-spf46-broad-spectrum,Retailer listing,Medium,2026-08-31
CL-CA-ELTAMD-0453,Canada,EltaMD,Skin Care,Sun Care / SPF,EltaMD UV (Sun Care),EltaMD UV Daily Broad-Spectrum SPF 40 (PRE-ORDER),"Protect and hydrate your skin with EltaMD UV Daily Broad-Spectrum SPF 40, a sheer, lightweight moisturizing sunscreen designed for daily use. Formulated with hyaluronic acid , it helps retain moisture, reduce fine lines, and improve skin texture. Featuring transparent zinc oxide and octinoxate, this broad-spectrum SPF 40 shields against UVA (aging) and UVB (burning) rays. The fragrance-free, parab",n.a.,n.a.,Sunscreen,n.a.,DRM90113,dermacart.ca,https://dermacart.ca/products/eltamd-uv-daily-broad-spectrum-spf-40,Retailer listing,Medium,2026-08-31
CL-CA-ELTAMD-0454,Canada,EltaMD,Skin Care,Sun Care / SPF,EltaMD UV (Sun Care),EltaMD UV Daily SPF 40 Broad Spectrum,"EltaMD® UV Daily Broad-Spectrum SPF 40 is a sheer, lightweight moisturizing sunscreen. It is formulated with hyaluronic acid to reduce the appearance of fine lines and wrinkles. The tinted and untinted products are based on the same popular, moisturizing formula. EltaMD UV Daily is ideal for daily use on normal and combination skin and can be used after microdermabrasion; chemical and glycolic pee",n.a.,n.a.,Sunscreen,n.a.,ELT02289-P,wedoskin.ca,https://wedoskin.ca/products/eltamd-uv-daily-spf40-broad-spectrum,Retailer listing,Medium,2026-08-31
CL-CA-ELTAMD-0455,Canada,EltaMD,Skin Care,Sun Care / SPF,EltaMD UV (Sun Care),EltaMD UV Daily Tinted Broad-Spectrum SPF 40,"SKIN TYPES - COMBINATION | DRY EltaMD UV Daily Broad Spectrum SPF 40 is a lightweight moisturizing sunscreen with a sheer tint to help even skin tone. Formulated with hyaluronic acid to help reduce the appearance of fine lines and wrinkles. It is ideal for daily use on normal, dry and combination skin. This broad spectrum sunscreen contains micronized zinc oxide to protect your skin from damaging",n.a.,1.7 Oz. / 48 g,Sunscreen,n.a.,ELT02269-P,dermshop.ca,https://dermshop.ca/products/eltamd-uv-daily-tinted-broad-spectrum-spf-40,Retailer listing,Medium,2026-08-31
CL-CA-ELTAMD-0456,Canada,EltaMD,Skin Care,Sun Care / SPF,EltaMD UV (Sun Care),EltaMD UV Daily Tinted Broad-Spectrum SPF 40,"EltaMD® UV Daily Tinted Broad-Spectrum SPF 40 is a sheer, lightweight moisturizing sunscreen. It is formulated with hyaluronic acid to reduce the appearance of fine lines and wrinkles. The tinted and untinted products are based on the same popular, moisturizing formula. EltaMD UV Daily is ideal for daily use on normal and combination skin and can be used after microdermabrasion; chemical and glyco",n.a.,n.a.,Sunscreen,n.a.,ELT02269-P,wedoskin.ca,https://wedoskin.ca/products/eltamd-uv-daily-tinted-spf40-broad-spectrum,Retailer listing,Medium,2026-08-31
CL-CA-ELTAMD-0457,Canada,EltaMD,Skin Care,Sun Care / SPF,EltaMD UV (Sun Care),EltaMD UV Daily Tinted Broad-Spectrum SPF 40 (PRE-ORDER),"Protect, hydrate, and enhance your skin with EltaMD UV Daily Tinted Broad-Spectrum SPF 40. This lightweight, sheer sunscreen provides broad-spectrum UVA/UVB protection while moisturizing dry and combination skin. Formulated with h yaluronic acid , it helps reduce fine lines and wrinkles by retaining moisture and boosting suppleness. Micronized zinc oxide shields against premature aging and sun dam",n.a.,n.a.,Sunscreen,n.a.,DRM90114,dermacart.ca,https://dermacart.ca/products/eltamd-uv-daily-tinted-broad-spectrum-spf-40,Retailer listing,Medium,2026-08-31
CL-CA-ELTAMD-0458,Canada,EltaMD,Skin Care,Sun Care / SPF,EltaMD UV (Sun Care),EltaMD UV Facial Broad-Spectrum SPF 35,"EltaMD UV Facial Broad-Spectrum SPF 35 is a lightweight, creamy, and moisturizing sunscreen designed for normal to dry skin . Enriched with transparent zinc oxide and vitamin E, it provides broad-spectrum protection against UVA (aging) and UVB (burning) rays while combating free radicals that accelerate skin aging. The non-comedogenic, fragrance-free formula glides effortlessly onto the skin, offe",n.a.,n.a.,Sunscreen,n.a.,DRM90117,dermacart.ca,https://dermacart.ca/products/eltamd-uv-facial-broad-spectrum-spf-35,Retailer listing,Medium,2026-08-31
CL-CA-ELTAMD-0459,Canada,EltaMD,Skin Care,Sun Care / SPF,EltaMD UV (Sun Care),EltaMD UV Facial SPF 30,"EltaMD® UV Facial Broad-Spectrum SPF 30+ is a lightweight, creamy and cosmetically elegant moisturizing facial sunscreen. Formulated for use every day, it provides moisturization while protecting against UVA (aging) and UVB (burning) rays. EltaMD UV Facial is appropriate for all skin types, especially moderate to dry. It is ideal for use after microdermabrasion; IPL treatments; chemical and glycol",n.a.,n.a.,Sunscreen,n.a.,ELT-014,wedoskin.ca,https://wedoskin.ca/products/eltamd-uv-facial-spf-30,Retailer listing,Medium,2026-08-31
CL-CA-ELTAMD-0460,Canada,EltaMD,Skin Care,Sun Care / SPF,EltaMD UV (Sun Care),EltaMD UV Physical Broad-Spectrum SPF 41 (PRE-ORDER),"EltaMD UV Physical is a 100% mineral sunscreen designed for oily to normal and sensitive skin. Infused with Zinc Oxide and Titanium Dioxide, it provides broad-spectrum UVA/UVB protection while a lightweight tint evens skin tone with a matte finish. Water-resistant for up to 40 minutes, this gentle, non-comedogenic formula also contains antioxidants like Linoleic Acid, Quercetin, and Thioctic Acid",n.a.,n.a.,Sunscreen,n.a.,DRM90118,dermacart.ca,https://dermacart.ca/products/eltamd-uv-physical-broad-spectrum-spf-41,Retailer listing,Medium,2026-08-31
CL-CA-ELTAMD-0461,Canada,EltaMD,Skin Care,Sun Care / SPF,EltaMD UV (Sun Care),EltaMD UV Physical SPF 41 (Tinted),"EltaMD UV Physical is an all mineral sunscreen for normal to oily skin. It is lightly tinted to even skin tone and provides excellent protection against UVA (again) and UVB (burning) rays. EltaMD UV Physical can be used alone or under makeup. It is fragrance-free, paraben free, hypoallergenic and non-comedogenic. Formulated for extra-sensitive and post-procedure skin, EltaMD UV Physical is safe fo",n.a.,n.a.,Sunscreen,n.a.,ELT02578-P,wedoskin.ca,https://wedoskin.ca/products/eltamd-uv-physical-spf41,Retailer listing,Medium,2026-08-31
CL-CA-ELTAMD-0462,Canada,EltaMD,Skin Care,Sun Care / SPF,EltaMD UV (Sun Care),EltaMD UV Physical Tinted Broad-Spectrum SPF 41,"SKIN TYPES - OILY | GOOD FOR MATURE SKIN EltaMD UV Physical is an all mineral sunscreen for normal to oily skin. It is lightly tinted to even skin tone and provides excellent protection against UVA (aging) and UVB (burning) rays. UV Physical can be used alone or under makeup. It is fragrance-free, paraben free, hypoallergenic, oil-free and non-comedogenic. How to use: Apply liberally 15 minutes be",n.a.,3 Oz. / 85 g,Sunscreen,n.a.,390205025787,dermshop.ca,https://dermshop.ca/products/eltamd-uv-physical-broad-spectrum-spf-41,Retailer listing,Medium,2026-08-31
CL-CA-ELTAMD-0463,Canada,EltaMD,Skin Care,Sun Care / SPF,EltaMD UV (Sun Care),EltaMD UV Sport Broad-Spectrum SPF 50,SKIN TYPES - COMBINATION | DRY | OILY | MATURE SKIN EltaMD UV Sport Broad-Spectrum SPF 50 Sunscreen is specially formulated for active lifestyles. This water-resistant (80 minutes) sunscreen that will not rinse off in water or drip into the eyes and sting. How to use: Apply liberally 15 minutes before sun exposure. Reapply after 80 minutes of swimming or sweating. Reapply immediately after towel d,n.a.,3 Oz. / 85 g,Sunscreen,n.a.,390205022878,dermshop.ca,https://dermshop.ca/products/eltamd-uv-sport-broad-spectrum-spf-50,Retailer listing,Medium,2026-08-31
CL-CA-ELTAMD-0464,Canada,EltaMD,Skin Care,Sun Care / SPF,EltaMD UV (Sun Care),EltaMD UV Sport Broad-Spectrum SPF 50,SKIN TYPES - COMBINATION | DRY | OILY | MATURE SKIN EltaMD UV Sport Broad-Spectrum SPF 50 Sunscreen is specially formulated for active lifestyles. This water-resistant (80 minutes) sunscreen that will not rinse off in water or drip into the eyes and sting. How to use: Apply liberally 15 minutes before sun exposure. Reapply after 80 minutes of swimming or sweating. Reapply immediately after towel d,n.a.,8 Oz. / 226 g,Sunscreen,n.a.,390205022885,dermshop.ca,https://dermshop.ca/products/eltamd-uv-sport-broad-spectrum-spf-50,Retailer listing,Medium,2026-08-31
CL-CA-ELTAMD-0465,Canada,EltaMD,Skin Care,Sun Care / SPF,EltaMD UV (Sun Care),EltaMD UV Sport Broad-Spectrum SPF 50+,"EltaMD UV Sport Broad-Spectrum SPF 50+ is a high-performance sunscreen designed for active lifestyles. Water-resistant for up to 80 minutes, this sweat-proof formula won’t drip into your eyes or sting, making it perfect for outdoor athletes, swimmers, and sports enthusiasts. Powered by 9% transparent zinc oxide and 7.5% octinoxate, it provides broad-spectrum UVA/UVB protection to help prevent sunb",n.a.,3oz,Sunscreen,n.a.,DRM90119,dermacart.ca,https://dermacart.ca/products/eltamd-uv-sport-broad-spectrum-spf-50,Retailer listing,Medium,2026-08-31
CL-CA-ELTAMD-0466,Canada,EltaMD,Skin Care,Sun Care / SPF,EltaMD UV (Sun Care),EltaMD UV Sport Broad-Spectrum SPF 50+,"EltaMD UV Sport Broad-Spectrum SPF 50+ is a high-performance sunscreen designed for active lifestyles. Water-resistant for up to 80 minutes, this sweat-proof formula won’t drip into your eyes or sting, making it perfect for outdoor athletes, swimmers, and sports enthusiasts. Powered by 9% transparent zinc oxide and 7.5% octinoxate, it provides broad-spectrum UVA/UVB protection to help prevent sunb",n.a.,8oz,Sunscreen,n.a.,DRM90120,dermacart.ca,https://dermacart.ca/products/eltamd-uv-sport-broad-spectrum-spf-50,Retailer listing,Medium,2026-08-31
CL-CA-ELTAMD-0467,Canada,EltaMD,Skin Care,Sun Care / SPF,EltaMD UV (Sun Care),EltaMD UV Sport SPF 50 (8 oz),"EltaMD® UV Sport Broad-Spectrum SPF 50 sunscreen is specially formulated for active lifestyles. It is a water-resistant (80 minutes) sunscreen that will not rinse off in water or drip into the eyes and sting. EltaMD UV Sport delivers broad-spectrum protection against UVA (aging) and UVB (burning) rays. Ideal for use by outdoor athletes and children, it is safe for all skin types. Size: 8 oz / 198",n.a.,n.a.,Sunscreen,n.a.,ELT02288-P,wedoskin.ca,https://wedoskin.ca/products/eltamd-uv-sport-spf-50-7-oz,Retailer listing,Medium,2026-08-31
CL-CA-ELTAMD-0468,Canada,EltaMD,Skin Care,Sun Care / SPF,EltaMD UV (Sun Care),EltaMD UV Sport SPF 50 Broad Spectrum (3 oz),"EltaMD® UV Sport Broad-Spectrum SPF 50 sunscreen is specially formulated for active lifestyles. It is a water-resistant (80 minutes) sunscreen that will not rinse off in water or drip into the eyes and sting. EltaMD UV Sport delivers broad-spectrum protection against UVA (aging) and UVB (burning) rays. Ideal for use by outdoor athletes and children, it is safe for all skin types. EltaMD UV Sport i",n.a.,n.a.,Sunscreen,n.a.,ELT02287-P,wedoskin.ca,https://wedoskin.ca/products/eltamd-uv-sport-spf50-broad-spectrum-water-resistant-80-minutes,Retailer listing,Medium,2026-08-31
CL-CA-FILORGA-0469,Canada,Filorga,Skin Care,Moisturizer,Filorga,Filorga Absolute Eye Correction Cream,n.a.,n.a.,n.a.,Cream / Lotion,n.a.,n.a.,filorga.com (brand store),https://ca.filorga.com/shop/page/4/,Brand site,Medium,2026-08-31
CL-CA-FILORGA-0470,Canada,Filorga,Skin Care,Moisturizer,Filorga,Filorga Absolute Wrinkle Correction Cream,n.a.,n.a.,n.a.,Cream / Lotion,n.a.,n.a.,filorga.com (brand store),https://ca.filorga.com/shop/page/2/,Brand site,Medium,2026-08-31
CL-CA-FILORGA-0471,Canada,Filorga,Skin Care,Other Skin Care,Filorga,Filorga Anti-ageing program,n.a.,n.a.,n.a.,n.a.,n.a.,n.a.,filorga.com (brand store),https://ca.filorga.com/shop/page/2/,Brand site,Medium,2026-08-31
CL-CA-FILORGA-0472,Canada,Filorga,Skin Care,Other Skin Care,Filorga,"Filorga Anti-ageing set that targets wrinkles on your face, day and night",n.a.,n.a.,n.a.,n.a.,n.a.,n.a.,filorga.com (brand store),https://ca.filorga.com/shop/page/3/,Brand site,Medium,2026-08-31
CL-CA-FILORGA-0473,Canada,Filorga,Skin Care,Other Skin Care,Filorga,Filorga Anti-aging multi-correction set,n.a.,n.a.,n.a.,n.a.,n.a.,n.a.,filorga.com (brand store),https://ca.filorga.com/shop/page/3/,Brand site,Medium,2026-08-31
CL-CA-FILORGA-0474,Canada,Filorga,Skin Care,Moisturizer,Filorga,Filorga Anti-wrinkle face cream,n.a.,n.a.,n.a.,Cream / Lotion,n.a.,n.a.,filorga.com (brand store),https://ca.filorga.com/shop/,Brand site,Medium,2026-08-31
CL-CA-FILORGA-0475,Canada,Filorga,Skin Care,Moisturizer,Filorga,Filorga Anti-wrinkle face gel-cream,n.a.,n.a.,n.a.,Paste / Gel,n.a.,n.a.,filorga.com (brand store),https://ca.filorga.com/shop/,Brand site,Medium,2026-08-31
CL-CA-FILORGA-0476,Canada,Filorga,Skin Care,Moisturizer,Filorga,Filorga Anti-wrinkle lotion,n.a.,n.a.,n.a.,Cream / Lotion,n.a.,n.a.,filorga.com (brand store),https://ca.filorga.com/shop/,Brand site,Medium,2026-08-31
CL-CA-FILORGA-0477,Canada,Filorga,Skin Care,Serum / Treatment,Filorga,"Filorga Concentrated serum, visible expression lines correction",n.a.,n.a.,15ml,Serum / Treatment,n.a.,n.a.,filorga.com (brand store),https://ca.filorga.com/shop/page/3/,Brand site,Medium,2026-08-31
CL-CA-FILORGA-0478,Canada,Filorga,Skin Care,Moisturizer,Filorga,Filorga Correction eye cream - all types of wrinkles,n.a.,n.a.,n.a.,Cream / Lotion,n.a.,n.a.,filorga.com (brand store),https://ca.filorga.com/shop/,Brand site,Medium,2026-08-31
CL-CA-FILORGA-0479,Canada,Filorga,Skin Care,Serum / Treatment,Filorga,Filorga Even Complexion Illuminating Serum,n.a.,n.a.,n.a.,Serum / Treatment,n.a.,n.a.,filorga.com (brand store),https://ca.filorga.com/shop/page/2/,Brand site,Medium,2026-08-31
CL-CA-FILORGA-0480,Canada,Filorga,Skin Care,Mask,Filorga,Filorga Exfoliating Bubble Mask,n.a.,n.a.,n.a.,n.a.,n.a.,n.a.,filorga.com (brand store),https://ca.filorga.com/shop/page/2/,Brand site,Medium,2026-08-31
CL-CA-FILORGA-0481,Canada,Filorga,Skin Care,Serum / Treatment,Filorga,Filorga Express Smoothing Multi-Correction Wrinkle Serum,n.a.,n.a.,n.a.,Serum / Treatment,n.a.,n.a.,filorga.com (brand store),https://ca.filorga.com/shop/page/2/,Brand site,Medium,2026-08-31
CL-CA-FILORGA-0482,Canada,Filorga,Skin Care,Serum / Treatment,Filorga,Filorga Hydra-Hyal Serum + Micellar Solution + Hydra-Hyal Creme Tube,n.a.,n.a.,30ml + 50ml + 15ml,Serum / Treatment,n.a.,n.a.,filorga.com (brand store),https://ca.filorga.com/shop/page/3/,Brand site,Medium,2026-08-31
CL-CA-FILORGA-0483,Canada,Filorga,Skin Care,Moisturizer,Filorga,Filorga Hydrating plumping cream,n.a.,n.a.,n.a.,Cream / Lotion,n.a.,n.a.,filorga.com (brand store),https://ca.filorga.com/shop/,Brand site,Medium,2026-08-31
CL-CA-FILORGA-0484,Canada,Filorga,Skin Care,Moisturizer,Filorga,Filorga Hydrating plumping water cream,n.a.,n.a.,n.a.,Cream / Lotion,n.a.,n.a.,filorga.com (brand store),https://ca.filorga.com/shop/,Brand site,Medium,2026-08-31
CL-CA-FILORGA-0485,Canada,Filorga,Skin Care,Moisturizer,Filorga,Filorga Illuminating even skin tone cream,n.a.,n.a.,n.a.,Cream / Lotion,n.a.,n.a.,filorga.com (brand store),https://ca.filorga.com/shop/page/3/,Brand site,Medium,2026-08-31
CL-CA-FILORGA-0486,Canada,Filorga,Skin Care,Serum / Treatment,Filorga,Filorga Illuminating even skin tone serum,n.a.,n.a.,n.a.,Serum / Treatment,n.a.,n.a.,filorga.com (brand store),https://ca.filorga.com/shop/page/2/,Brand site,Medium,2026-08-31
CL-CA-FILORGA-0487,Canada,Filorga,Skin Care,Other Skin Care,Filorga,Filorga Illuminating perfecting fluid,n.a.,n.a.,n.a.,n.a.,n.a.,n.a.,filorga.com (brand store),https://ca.filorga.com/shop/page/4/,Brand site,Medium,2026-08-31
CL-CA-FILORGA-0488,Canada,Filorga,Skin Care,Moisturizer,Filorga,Filorga Intensive Hydrating Plumping Concentrate,n.a.,n.a.,n.a.,Cream / Lotion,n.a.,n.a.,filorga.com (brand store),https://ca.filorga.com/shop/,Brand site,Medium,2026-08-31
CL-CA-FILORGA-0489,Canada,Filorga,Skin Care,Moisturizer,Filorga,"Filorga Intensive Revitalizing 3-in-1 Eye Contour Cream for Dark Circles, Wrinkles, and Puffiness",n.a.,n.a.,n.a.,Cream / Lotion,n.a.,n.a.,filorga.com (brand store),https://ca.filorga.com/shop/page/4/,Brand site,Medium,2026-08-31
CL-CA-FILORGA-0490,Canada,Filorga,Skin Care,Other Skin Care,Filorga,Filorga Intensive wrinkles correction routine,n.a.,n.a.,n.a.,n.a.,n.a.,n.a.,filorga.com (brand store),https://ca.filorga.com/shop/page/4/,Brand site,Medium,2026-08-31
CL-CA-FILORGA-0491,Canada,Filorga,Skin Care,Serum / Treatment,Filorga,Filorga Micro-peeling Night Cream,n.a.,n.a.,n.a.,Serum / Treatment,n.a.,n.a.,filorga.com (brand store),https://ca.filorga.com/shop/,Brand site,Medium,2026-08-31
CL-CA-FILORGA-0492,Canada,Filorga,Skin Care,Moisturizer,Filorga,Filorga Multi-Correction Eye Cream [Wrinkles – Dark circles – Puffiness – Radiance],n.a.,n.a.,n.a.,Cream / Lotion,n.a.,n.a.,filorga.com (brand store),https://ca.filorga.com/shop/page/4/,Brand site,Medium,2026-08-31
CL-CA-FILORGA-0493,Canada,Filorga,Skin Care,Moisturizer,Filorga,Filorga Multi-Correction Wrinkle Night Cream,n.a.,n.a.,n.a.,Cream / Lotion,n.a.,n.a.,filorga.com (brand store),https://ca.filorga.com/shop/page/3/,Brand site,Medium,2026-08-31
CL-CA-FILORGA-0494,Canada,Filorga,Skin Care,Eye / Lip,Filorga,Filorga Multi-Revitalizing Eyes & Lips Contour,n.a.,n.a.,n.a.,n.a.,n.a.,n.a.,filorga.com (brand store),https://ca.filorga.com/shop/page/4/,Brand site,Medium,2026-08-31
CL-CA-FILORGA-0495,Canada,Filorga,Skin Care,Other Skin Care,Filorga,Filorga Multi-correcting skincare product ultra-concentrated in NCEF,n.a.,n.a.,n.a.,n.a.,n.a.,n.a.,filorga.com (brand store),https://ca.filorga.com/shop/,Brand site,Medium,2026-08-31
CL-CA-FILORGA-0496,Canada,Filorga,Skin Care,Other Skin Care,Filorga,Filorga Multi-correcting skincare products ultra-concentrated in NCEF,n.a.,n.a.,n.a.,n.a.,n.a.,n.a.,filorga.com (brand store),https://ca.filorga.com/shop/page/2/,Brand site,Medium,2026-08-31
CL-CA-FILORGA-0497,Canada,Filorga,Skin Care,Other Skin Care,Filorga,Filorga Multi-correction anti-aging routine,n.a.,n.a.,n.a.,n.a.,n.a.,n.a.,filorga.com (brand store),https://ca.filorga.com/shop/page/4/,Brand site,Medium,2026-08-31
CL-CA-FILORGA-0498,Canada,Filorga,Skin Care,Moisturizer,Filorga,Filorga Multi-revitalising nutritive balm,n.a.,n.a.,n.a.,Cream / Lotion,n.a.,n.a.,filorga.com (brand store),https://ca.filorga.com/shop/,Brand site,Medium,2026-08-31
CL-CA-FILORGA-0499,Canada,Filorga,Skin Care,Cleanser,Filorga,Filorga No rinse facial cleanser,n.a.,n.a.,n.a.,Liquid Rinse,n.a.,n.a.,filorga.com (brand store),https://ca.filorga.com/shop/,Brand site,Medium,2026-08-31
CL-CA-FILORGA-0500,Canada,Filorga,Skin Care,Moisturizer,Filorga,Filorga Nutri-Restorative Multi-Revitalizing Lotion,n.a.,n.a.,n.a.,Cream / Lotion,n.a.,n.a.,filorga.com (brand store),https://ca.filorga.com/shop/page/2/,Brand site,Medium,2026-08-31
CL-CA-FILORGA-0501,Canada,Filorga,Skin Care,Moisturizer,Filorga,Filorga Pro-Youth Moisturizer,n.a.,n.a.,n.a.,Cream / Lotion,n.a.,n.a.,filorga.com (brand store),https://ca.filorga.com/shop/page/2/,Brand site,Medium,2026-08-31
CL-CA-FILORGA-0502,Canada,Filorga,Skin Care,Moisturizer,Filorga,Filorga Repairing anti-aging face cream for mature skin,n.a.,n.a.,50ml,Cream / Lotion,n.a.,n.a.,filorga.com (brand store),https://ca.filorga.com/shop/page/3/,Brand site,Medium,2026-08-31
CL-CA-FILORGA-0503,Canada,Filorga,Skin Care,Serum / Treatment,Filorga,Filorga Repairing anti-aging facial oil-serum,n.a.,n.a.,30ml,Serum / Treatment,n.a.,n.a.,filorga.com (brand store),https://ca.filorga.com/shop/page/3/,Brand site,Medium,2026-08-31
CL-CA-FILORGA-0504,Canada,Filorga,Skin Care,Moisturizer,Filorga,Filorga Restorative Anti-Aging Cream,n.a.,n.a.,n.a.,Cream / Lotion,n.a.,n.a.,filorga.com (brand store),https://ca.filorga.com/shop/page/2/,Brand site,Medium,2026-08-31
CL-CA-FILORGA-0505,Canada,Filorga,Skin Care,Serum / Treatment,Filorga,Filorga Restorative Anti-Aging Serum,n.a.,n.a.,n.a.,Serum / Treatment,n.a.,n.a.,filorga.com (brand store),https://ca.filorga.com/shop/page/2/,Brand site,Medium,2026-08-31
CL-CA-FILORGA-0506,Canada,Filorga,Skin Care,Mask,Filorga,Filorga Smoothing Radiance Mask,n.a.,n.a.,n.a.,n.a.,n.a.,n.a.,filorga.com (brand store),https://ca.filorga.com/shop/page/2/,Brand site,Medium,2026-08-31
CL-CA-FILORGA-0507,Canada,Filorga,Skin Care,Mask,Filorga,Filorga Super-Perfecting Express Radiance Mask,n.a.,n.a.,n.a.,n.a.,n.a.,n.a.,filorga.com (brand store),https://ca.filorga.com/shop/page/4/,Brand site,Medium,2026-08-31
CL-CA-FILORGA-0508,Canada,Filorga,Skin Care,Moisturizer,Filorga,Filorga Supreme Multi-Correction Face Cream,n.a.,n.a.,n.a.,Cream / Lotion,n.a.,n.a.,filorga.com (brand store),https://ca.filorga.com/shop/page/3/,Brand site,Medium,2026-08-31
CL-CA-FILORGA-0509,Canada,Filorga,Skin Care,Serum / Treatment,Filorga,Filorga Supreme Multi-Correction Face Serum,n.a.,n.a.,n.a.,Serum / Treatment,n.a.,n.a.,filorga.com (brand store),https://ca.filorga.com/shop/page/2/,Brand site,Medium,2026-08-31
CL-CA-FILORGA-0510,Canada,Filorga,Skin Care,Other Skin Care,Filorga,Filorga Supreme Multi-Correction Fluid,n.a.,n.a.,n.a.,n.a.,n.a.,n.a.,filorga.com (brand store),https://ca.filorga.com/shop/page/3/,Brand site,Medium,2026-08-31
CL-CA-FILORGA-0511,Canada,Filorga,Skin Care,Moisturizer,Filorga,Filorga Supreme Multi-correction Face Lotion,n.a.,n.a.,n.a.,Cream / Lotion,n.a.,n.a.,filorga.com (brand store),https://ca.filorga.com/shop/page/3/,Brand site,Medium,2026-08-31
CL-CA-FILORGA-0512,Canada,Filorga,Skin Care,Mask,Filorga,Filorga Supreme Multi-correction Night Face Mask [Wrinkles – Firmness – Radiance],n.a.,n.a.,n.a.,n.a.,n.a.,n.a.,filorga.com (brand store),https://ca.filorga.com/shop/page/4/,Brand site,Medium,2026-08-31
CL-CA-FILORGA-0513,Canada,Filorga,Skin Care,Other Skin Care,Filorga,Filorga Supreme Polyrevitalizing Concentrate,n.a.,n.a.,n.a.,n.a.,n.a.,n.a.,filorga.com (brand store),https://ca.filorga.com/shop/page/2/,Brand site,Medium,2026-08-31
CL-CA-FILORGA-0514,Canada,Filorga,Skin Care,Serum / Treatment,Filorga,Filorga The FILORGA intensive antioxidant face serum that gives you younger-looking skin for longer.,n.a.,n.a.,n.a.,Serum / Treatment,n.a.,n.a.,filorga.com (brand store),https://ca.filorga.com/shop/,Brand site,Medium,2026-08-31
CL-CA-FILORGA-0515,Canada,Filorga,Skin Care,Serum / Treatment,Filorga,Filorga [Booster Serum + Volumizing Care] Lashes & Brows,n.a.,n.a.,n.a.,Serum / Treatment,n.a.,n.a.,filorga.com (brand store),https://ca.filorga.com/shop/page/4/,Brand site,Medium,2026-08-31
CL-CA-IRISHSPRING-0516,Canada,Irish Spring,Personal Care,Bar Soap,Irish Spring Bar Soap,Irish Spring 3-in-1 Men’s Bar Soap Sea Salt & Cedarwood,"Discover Irish Spring 3-in-1 Bar Soap in Sea Salt & Cedarwood. You don’t have to choose between an all-action soap bar and smelling fantastic. Specially made for the modern routine, this 3-in-1 scrub bar works as a body wash, face cleanser, and exfoliating scrub, offering convenience and energizing freshness with every use. Enjoy a crisp blend of sea salt and warm cedarwood for an uplifting scent that keeps you feeling fresh throughout the day. Each men’s bar soap is formulated with oat and jojo",n.a.,3 ea,Bar,n.a.,21706047,Real Canadian Superstore,https://www.realcanadiansuperstore.ca/3-in-1-men-s-bar-soap-sea-salt-cedarwood/p/21706047_EA,Retailer listing,High,2026-08-31
CL-CA-IRISHSPRING-0517,Canada,Irish Spring,Personal Care,Deodorant / Antiperspirant,Irish Spring Bar Soap,"Irish Spring Aloe Mist Deodorant Bar Soap, 12 Pack","Count on Irish Spring Aloe Mist Bar Soap to leave your skin feeling clean. Our deodorant bar soap for men is made with a 98% naturally derived formula that keeps you fresh for 12 hours and is suitable for all skin types. For deeply moisturized skin, Irish Spring Aloe Mist Bar Soap helps attract and lock in moisture. Our soap bar can be used as a hand soap or face wash. This bar soap is suitable for all skin types, including normal, oily, and dry skin, ensuring a gentle yet effective cleanse. It ",Aloe,12x105.0 g,Bar,n.a.,21663084,Real Canadian Superstore,https://www.realcanadiansuperstore.ca/aloe-mist-deodorant-bar-soap-12-pack/p/21663084_EA,Retailer listing,High,2026-08-31
CL-CA-IRISHSPRING-0518,Canada,Irish Spring,Personal Care,Deodorant / Antiperspirant,Irish Spring Bar Soap,"Irish Spring Aloe Mist Deodorant Bar Soap, 3 Pack","Count on Irish Spring Aloe Mist Bar Soap to leave your skin feeling clean. Our deodorant bar soap for men is made with a 98% naturally derived formula that keeps you fresh for 12 hours and is suitable for all skin types. For deeply moisturized skin, Irish Spring Aloe Mist Bar Soap helps attract and lock in moisture. Our soap bar can be used as a hand soap or face wash. This bar soap is suitable for all skin types, including normal, oily, and dry skin, ensuring a gentle yet effective cleanse. It ",Aloe,3x104.0 g,Bar,n.a.,21436455,Real Canadian Superstore,https://www.realcanadiansuperstore.ca/aloe-mist-deodorant-bar-soap-3-pack/p/21436455_EA,Retailer listing,High,2026-08-31
CL-CA-IRISHSPRING-0519,Canada,Irish Spring,Personal Care,Deodorant / Antiperspirant,Irish Spring Bar Soap,"Irish Spring Aloe Mist Deodorant Bar Soap, 6 Pack","Count on Irish Spring Aloe Mist Bar Soap to leave your skin feeling clean. Our deodorant bar soap for men is made with a 98% naturally derived formula that keeps you fresh for 12 hours and is suitable for all skin types. For deeply moisturized skin, Irish Spring Aloe Mist Bar Soap helps attract and lock in moisture. Our soap bar can be used as a hand soap or face wash. This bar soap is suitable for all skin types, including normal, oily, and dry skin, ensuring a gentle yet effective cleanse. It ",Aloe,6x104.0 g,Bar,n.a.,21436497,Real Canadian Superstore,https://www.realcanadiansuperstore.ca/aloe-mist-deodorant-bar-soap-6-pack/p/21436497_EA,Retailer listing,High,2026-08-31
CL-CA-IRISHSPRING-0520,Canada,Irish Spring,Personal Care,Deodorant / Antiperspirant,Irish Spring Bar Soap,Irish Spring Icy Blast Deodorant Bar Soap for Men,"Smell like you came from a nice-smelling place with Irish Spring Bar Soap. The Irish Spring bar soap carton might have a new design, but it’s still the same great bar soap you love to smell. Count on Irish Spring Icy Blast Deodorant Bar Soap to leave your skin feeling clean — our bar soap for men is made with a 98% naturally derived formula that keeps you fresh for 12 hours. Plus, this men’s bar soap is mild for skin and paraben, phthalate and gluten free. This bar soap also has flaxseed oil. Fe",n.a.,6x104.0 g,Bar,n.a.,21436500,Real Canadian Superstore,https://www.realcanadiansuperstore.ca/icy-blast-deodorant-bar-soap-for-men/p/21436500_EA,Retailer listing,High,2026-08-31
CL-CA-IRISHSPRING-0521,Canada,Irish Spring,Personal Care,Deodorant / Antiperspirant,Irish Spring Bar Soap,"Irish Spring Icy Blast Deodorant Bar Soap, 6 Pack","Count on Irish Spring Icy Blast Bar Soap to leave your skin feeling clean. Our deodorant bar soap for men is made with a 98% naturally derived formula that keeps you fresh for 12 hours and is suitable for all skin types. Our soap bar has a sudsy lather and can be used as a hand soap or face wash. This bar soap is suitable for all skin types, including normal, oily, and dry skin, ensuring an effective cleanse. It is also paraben, phthalate, and gluten free and has flaxseed oil. Add some adventure",n.a.,6x104.0 g,Bar,n.a.,21436486,Real Canadian Superstore,https://www.realcanadiansuperstore.ca/icy-blast-deodorant-bar-soap-6-pack/p/21436486_EA,Retailer listing,High,2026-08-31
CL-CA-IRISHSPRING-0522,Canada,Irish Spring,Personal Care,Deodorant / Antiperspirant,Irish Spring Bar Soap,"Irish Spring Original Clean Deodorant Bar Soap for Men, Feel Fresh All Day, 104.8 g, 12 Pack","Feel fresh all day with Irish Spring Bar Soap. Count on Irish Spring Original Clean Deodorant Bar Soap to leave your skin feeling clean — our original bar soap for men is made with a 98% naturally derived formula that keeps you fresh for 12 hours. Plus, this men’s bar soap is mild for skin and paraben, phthalate and gluten free. This bar soap also has flaxseed oil. Our deodorant soap has a sudsy lather that can be used as a hand soap. Never go without smelling your best. Keep some in your bathro",Original,12x104.0 g,Bar,n.a.,21436495,Real Canadian Superstore,https://www.realcanadiansuperstore.ca/original-clean-deodorant-bar-soap-for-men-feel-fre/p/21436495_EA,Retailer listing,High,2026-08-31
CL-CA-IRISHSPRING-0523,Canada,Irish Spring,Personal Care,Deodorant / Antiperspirant,Irish Spring Bar Soap,"Irish Spring Original Deodorant Bar Soap for Men, 3 Pack","Count on Irish Spring Original Bar Soap to leave your skin feeling clean and fresh. Our deodorant bar soap for men is made with a 98% naturally derived formula that keeps you fresh for 12 hours and is suitable for all skin types. Irish Spring Original Bar Soap can be used as a hand soap or face wash. This bar soap is suitable for all skin types, including normal, oily, and dry skin, ensuring an effective cleanse. It is also paraben, phthalate, and gluten free and has flaxseed oil. Add some adven",Original,3x104.0 g,Bar,n.a.,21436450,Real Canadian Superstore,https://www.realcanadiansuperstore.ca/original-deodorant-bar-soap-for-men-3-pack/p/21436450_EA,Retailer listing,High,2026-08-31
CL-CA-IRISHSPRING-0524,Canada,Irish Spring,Personal Care,Deodorant / Antiperspirant,Irish Spring Bar Soap,"Irish Spring Original Deodorant Bar Soap for Men, 6 Pack","Count on Irish Spring Original Bar Soap to leave your skin feeling clean and fresh. Our deodorant bar soap for men is made with a 98% naturally derived formula that keeps you fresh for 12 hours and is suitable for all skin types. Irish Spring Original Bar Soap can be used as a hand soap or face wash. This bar soap is suitable for all skin types, including normal, oily, and dry skin, ensuring an effective cleanse. It is also paraben, phthalate, and gluten free and has flaxseed oil. Add some adven",Original,6x104.0 g,Bar,n.a.,21436477,Real Canadian Superstore,https://www.realcanadiansuperstore.ca/original-deodorant-bar-soap-for-men-6-pack/p/21436477_EA,Retailer listing,High,2026-08-31
CL-CA-IRISHSPRING-0525,Canada,Irish Spring,Personal Care,Body Wash,Irish Spring Body Wash,"Irish Spring 5 in 1 Body Wash for Men, Cool Fresh Scent","Feel invigorated every day with Irish Spring 5 in 1 Moisturizing Body Wash for Men in Fresh Eucalyptus & Bergamot Scent. Simplify your grooming routine with this men’s body wash that works as your shampoo, conditioner, face wash, body wash, and 24 hour deodorizer. This moisturizing body wash creates a rich, deep cleansing lather, and retains skin’s moisture, leaving you feeling clean all day. The long-lasting scent features a rejuvenating eucalyptus blended with zest of bergamot that provides an",n.a.,591 ml,Liquid,n.a.,21435823,Real Canadian Superstore,https://www.realcanadiansuperstore.ca/5-in-1-body-wash-for-men-cool-fresh-scent/p/21435823_EA,Retailer listing,High,2026-08-31
CL-CA-IRISHSPRING-0526,Canada,Irish Spring,Personal Care,Body Wash,Irish Spring Body Wash,"Irish Spring 5 in 1 Body Wash for Men, Cool Fresh Scent","Feel invigorated every day with Irish Spring 5 in 1 Moisturizing Body Wash for Men in Fresh Eucalyptus & Bergamot Scent. Simplify your grooming routine with this men’s body wash that works as your shampoo, conditioner, face wash, body wash, and 24 hour deodorizer. This moisturizing body wash creates a rich, deep cleansing lather and retains skin’s moisture, leaving you feeling clean all day. The long-lasting scent features a rejuvenating eucalyptus blended with zest of bergamot that provides an ",n.a.,887 ml,Liquid,n.a.,21436289,Real Canadian Superstore,https://www.realcanadiansuperstore.ca/5-in-1-body-wash-for-men-cool-fresh-scent/p/21436289_EA,Retailer listing,High,2026-08-31
CL-CA-IRISHSPRING-0527,Canada,Irish Spring,Personal Care,Body Wash,Irish Spring Body Wash,"Irish Spring 5 in 1 Body Wash, Golden Honey & Vetiver Scent","Feel invigorated every day with Irish Spring 5 in 1 Moisturizing Body Wash for Men in Golden Honey & Vetiver scent. Simplify your grooming routine with this men’s body wash that works as your shampoo, conditioner, face wash, body wash, and 24 hour deodorizer. This moisturizing body wash creates a rich, deep cleansing lather, and retains skin’s moisture, leaving you feeling clean all day. The long-lasting scent features sweet honey notes intertwined with woody vetiver, for an outdoor freshness th",n.a.,591 ml,Liquid,n.a.,21706036,Real Canadian Superstore,https://www.realcanadiansuperstore.ca/5-in-1-body-wash-golden-honey-vetiver-scent/p/21706036_EA,Retailer listing,High,2026-08-31
CL-CA-IRISHSPRING-0528,Canada,Irish Spring,Personal Care,Body Wash,Irish Spring Body Wash,"Irish Spring 5-in-1 Body Wash, Sea Salt and Cedarwood",n.a.,n.a.,591 ml,Liquid,n.a.,21706133,Real Canadian Superstore,https://www.realcanadiansuperstore.ca/5-in-1-body-wash-sea-salt-and-cedarwood/p/21706133_EA,Retailer listing,High,2026-08-31
CL-CA-IRISHSPRING-0529,Canada,Irish Spring,Personal Care,Body Wash,Irish Spring Body Wash,Irish Spring Active Scrub Exfoliating Body Wash for Men,"Experience the cool outdoor freshness in every bottle of Irish Spring Active Scrub Exfoliating Face and Body Wash—your ultimate solution for a refreshing cleanse. Not only does this body wash help retain your skin's natural moisture, but it also exfoliates for a deep clean. Designed to provide 24 hours of long-lasting freshness. It’s also paraben free and formulated without phthalates. Irish Spring has a new cap with leak-proof design ensuring you stay fresh no matter where your journey takes yo",n.a.,591 ml,Liquid,n.a.,21436259,Real Canadian Superstore,https://www.realcanadiansuperstore.ca/active-scrub-exfoliating-body-wash-for-men/p/21436259_EA,Retailer listing,High,2026-08-31
CL-CA-IRISHSPRING-0530,Canada,Irish Spring,Personal Care,Body Wash,Irish Spring Body Wash,"Irish Spring Active Scrub Exfoliating Body Wash, Pump Bottle","Experience the cool outdoor freshness in every bottle of Irish Spring Active Scrub Face and Body Wash—your ultimate solution for a refreshing cleanse. Not only does this body wash help retain your skin's natural moisture, but it also exfoliates for a deep clean. Designed to provide 24 hours of long-lasting freshness. It’s also paraben free and formulated without phthalates. Irish Spring has a new cap with leak-proof design ensuring you stay fresh no matter where your journey takes you. What’s In",n.a.,4 ea,Liquid,n.a.,21591538,Real Canadian Superstore,https://www.realcanadiansuperstore.ca/active-scrub-exfoliating-body-wash-pump-bottle/p/21591538_EA,Retailer listing,High,2026-08-31
CL-CA-IRISHSPRING-0531,Canada,Irish Spring,Personal Care,Body Wash,Irish Spring Body Wash,Irish Spring Aloe Mist Moisturizing Body Wash for Men,"Start your day with the invigorating clean of Irish Spring Aloe Mist Moisturizing Body Wash for Men, designed to provide 24 hours of long-lasting freshness. Infused with a soothing and refreshing aloe mist scent so you are ready to take on the day. Our body wash for men is specially crafted to retain your skin’s natural moisture. Designed for use on both the face and body, it simplifies your daily routine while delivering the same refreshing experience you expect from Irish Spring. Our body wash",Aloe,591 ml,Liquid,n.a.,21435811,Real Canadian Superstore,https://www.realcanadiansuperstore.ca/aloe-mist-moisturizing-body-wash-for-men/p/21435811_EA,Retailer listing,High,2026-08-31
CL-CA-IRISHSPRING-0532,Canada,Irish Spring,Personal Care,Body Wash,Irish Spring Body Wash,Irish Spring Moisture Blast Body Wash for Men,"Start your day with the invigorating clean of Irish Spring Moisture Blast Body and Face Wash for Men, designed to provide 24 hours of long-lasting freshness. Infused with a cool outdoor fresh scent, it transports you to nature with every wash, so you are ready to take on the day. Our body wash for men is specially crafted to retain skin’s moisture. It’s also paraben free and formulated without phthalates. Designed for use on both the face and body, it simplifies your daily routine while deliveri",n.a.,591 ml,Liquid,n.a.,21435754,Real Canadian Superstore,https://www.realcanadiansuperstore.ca/moisture-blast-body-wash-for-men/p/21435754_EA,Retailer listing,High,2026-08-31
CL-CA-IRISHSPRING-0533,Canada,Irish Spring,Personal Care,Body Wash,Irish Spring Body Wash,"Irish Spring Moisture Blast Moisturizing Body Wash, Pump Bottle","Start your day with the invigorating clean of Irish Spring Moisture Blast Body and Face Wash for Men, designed to provide 24 hours of long-lasting freshness. Infused with a cool outdoor fresh scent, it transports you to nature with every wash, so you are ready to take on the day. Our body wash for men is specially crafted to retain skin’s moisture. It’s also paraben free and formulated without phthalates. Designed for use on both the face and body, it simplifies your daily routine while deliveri",n.a.,887 ml,Liquid,n.a.,21605928,Real Canadian Superstore,https://www.realcanadiansuperstore.ca/moisture-blast-moisturizing-body-wash-pump-bottle/p/21605928_EA,Retailer listing,High,2026-08-31
CL-CA-IRISHSPRING-0534,Canada,Irish Spring,Personal Care,Body Wash,Irish Spring Body Wash,Irish Spring Original Clean Body Wash for Men,"Feel clean, smell serene with Irish Spring Body Wash. Count on Irish Spring Original Body Wash, formerly our Original body wash, to leave your skin feeling clean — our original body wash for men retains skin’s natural moisture while keeping you fresh for 24 hours. Our bottle might have a new design, but it’s still the same great body wash you love to smell. Our packaging refresh is all part of our master plan to bring the amazing places you love to smell straight to your bathroom. Plus, the larg",Original,887 ml,Liquid,n.a.,21436287,Real Canadian Superstore,https://www.realcanadiansuperstore.ca/original-clean-body-wash-for-men/p/21436287_EA,Retailer listing,High,2026-08-31
CL-CA-IRISHSPRING-0535,Canada,Irish Spring,Personal Care,Body Wash,Irish Spring Body Wash,Irish Spring Original Moisturizing Body Wash for Men,"Start your day with the invigorating clean of Irish Spring Original Body and Face Wash for Men, designed to provide 24 hours of long-lasting freshness. Infused with a cool, outdoor-fresh scent, it brings the essence of nature to every wash, so you are ready to take on the day. It’s also paraben free and formulated without phthalates. Our body wash for men is specially crafted to retain your skin’s natural moisture. Designed for use on both the face and body, it simplifies your daily routine whil",Original,591 ml,Liquid,n.a.,21435726,Real Canadian Superstore,https://www.realcanadiansuperstore.ca/original-moisturizing-body-wash-for-men/p/21435726_EA,Retailer listing,High,2026-08-31
CL-CA-IRISHSPRING-0536,Canada,Irish Spring,Personal Care,Deodorant / Antiperspirant,Irish Spring Deodorant,"Antiperspirant Deodorant For Men, Irish Spring Scent","Speed Stick Antiperspirant Deodorant features an Irish Spring Scent that ignites your day. Powered by long‑lasting antiperspirant protection, this solid stick delivers 72 hour sweat and odor protection, so you stay fresh, dry, and confident from your morning to night. Engineered for comfort and control, the unique comfort guard applicator delivers a smooth, precise glide and even coverage every time. Whether you’re conquering the office, hitting the gym, or heading out after hours, Speed Stick k",n.a.,76 g,Stick / Solid,n.a.,21022234,Real Canadian Superstore,https://www.realcanadiansuperstore.ca/antiperspirant-deodorant-for-men-irish-spring-scen/p/21022234_EA,Retailer listing,High,2026-08-31
CL-CA-LADYSPEEDSTI-0537,Canada,Lady Speed Stick,Personal Care,Deodorant / Antiperspirant,Lady Speed Stick,Lady Speed Stick Antiperspirant & Deodorant,n.a.,n.a.,n.a.,Stick / Solid,n.a.,22913,Well.ca,https://well.ca/products/lady-speed-stick-antiperspirant_22913.html,Retailer listing,High,2026-08-31
CL-CA-LADYSPEEDSTI-0538,Canada,Lady Speed Stick,Personal Care,Deodorant / Antiperspirant,Lady Speed Stick,Lady Speed Stick Antiperspirant Deodorant Powder Fresh,n.a.,n.a.,n.a.,Stick / Solid,n.a.,317614,Well.ca,https://well.ca/products/lady-speed-stick-antiperspirant_317614.html,Retailer listing,High,2026-08-31
CL-CA-LADYSPEEDSTI-0539,Canada,Lady Speed Stick,Personal Care,Deodorant / Antiperspirant,Lady Speed Stick,"Lady Speed Stick Antiperspirant Deodorant, Invisible, Cool Fresh","Stay comfortable and dry all day long with Lady Speed Stick Invisible Antiperspirant Deodorant. This antiperspirant deodorant features a scent renewal formula to give you a confident, fresh scent throughout the day. Lady Speed Stick Antiperspirant Deodorant, reduces underarm perspiration, leaves no residue and offers 24-hour protection. This antiperspirant deodorant goes on clear for added security. This allows you to wear that little black dress with confidence. Stay comfortable and dry all day",n.a.,70 g,Stick / Solid,n.a.,20348223001,Real Canadian Superstore,https://www.realcanadiansuperstore.ca/antiperspirant-deodorant-invisible-cool-fresh/p/20348223001_EA,Retailer listing,High,2026-08-31
CL-CA-LADYSPEEDSTI-0540,Canada,Lady Speed Stick,Personal Care,Deodorant / Antiperspirant,Lady Speed Stick,"Lady Speed Stick Antiperspirant Deodorant, Unscented","Lady Speed Stick Unscented Antiperspirant Deodorant Stick is your trusted solution for all-day protection and confidence. Designed specifically for women, this antiperspirant delivers 72 HR sweat and odor protection that keeps you feeling dry and confident throughout your day. Engineered for comfort and control, the unique comfort guard applicator delivers a smooth, precise glide and even coverage every time. With invisible dry protection, Lady Speed Stick keeps you dry and confident without lea",Unscented,70 g,Stick / Solid,n.a.,20557429,Real Canadian Superstore,https://www.realcanadiansuperstore.ca/antiperspirant-deodorant-unscented/p/20557429_EA,Retailer listing,High,2026-08-31
CL-CA-LADYSPEEDSTI-0541,Canada,Lady Speed Stick,Personal Care,Deodorant / Antiperspirant,Lady Speed Stick,"Lady Speed Stick Deodorants, Invisible Cool & Fresh Antiperspirant Value Pack 2 x","Stay comfortable and dry all day long with Lady Speed Stick Invisible Antiperspirant Deodorant. This antiperspirant deodorant features a scent renewal formula to give you a confident, fresh scent throughout the day. Lady Speed Stick Antiperspirant Deodorant, reduces underarm perspiration, leaves no residue and offers 24-hour protection. This antiperspirant deodorant goes on clear for added security. This allows you to wear that little black dress with confidence. Stay comfortable and dry all day",n.a.,140 g,Stick / Solid,n.a.,21007964,Real Canadian Superstore,https://www.realcanadiansuperstore.ca/deodorants-invisible-cool-fresh-antiperspirant-val/p/21007964_EA,Retailer listing,High,2026-08-31
CL-CA-LADYSPEEDSTI-0542,Canada,Lady Speed Stick,Personal Care,Deodorant / Antiperspirant,Lady Speed Stick,Lady Speed Stick Infusions Antiperspirant/Deodorant Jasmine Moonlit Orchid,n.a.,n.a.,n.a.,Stick / Solid,n.a.,195329,Well.ca,https://well.ca/products/lady-speed-stick-infusions_195329.html,Retailer listing,High,2026-08-31
CL-CA-LADYSPEEDSTI-0543,Canada,Lady Speed Stick,Personal Care,Deodorant / Antiperspirant,Lady Speed Stick,Lady Speed Stick Invisible Anti-Perspirant & Deodorant,n.a.,n.a.,n.a.,Stick / Solid,n.a.,5287,Well.ca,https://well.ca/products/lady-speed-stick-invisible_5287.html,Retailer listing,High,2026-08-31
CL-CA-LADYSPEEDSTI-0544,Canada,Lady Speed Stick,Personal Care,Deodorant / Antiperspirant,Lady Speed Stick,Lady Speed Stick Invisible Antiperspirant,n.a.,n.a.,n.a.,Stick / Solid,n.a.,17375,Well.ca,https://well.ca/products/lady-speed-stick-invisible_17375.html,Retailer listing,High,2026-08-31
CL-CA-LADYSPEEDSTI-0545,Canada,Lady Speed Stick,Personal Care,Deodorant / Antiperspirant,Lady Speed Stick,Lady Speed Stick Invisible Antiperspirant Deodorant Solid Unscented,n.a.,Unscented,n.a.,Stick / Solid,n.a.,195326,Well.ca,https://well.ca/products/lady-speed-stick-invisible_195326.html,Retailer listing,High,2026-08-31
CL-CA-LADYSPEEDSTI-0546,Canada,Lady Speed Stick,Personal Care,Deodorant / Antiperspirant,Lady Speed Stick,Lady Speed Stick Invisible Antiperspirant Powder Fresh,n.a.,n.a.,45 g,Stick / Solid,n.a.,21241007,Real Canadian Superstore,https://www.realcanadiansuperstore.ca/invisible-antiperspirant-powder-fresh/p/21241007_EA,Retailer listing,High,2026-08-31
CL-CA-LADYSPEEDSTI-0547,Canada,Lady Speed Stick,Personal Care,Deodorant / Antiperspirant,Lady Speed Stick,Lady Speed Stick Invisible Powder Fresh Antiperspirant,n.a.,n.a.,70 g,Stick / Solid,n.a.,20348223002,Real Canadian Superstore,https://www.realcanadiansuperstore.ca/lady-speed-stick-invisible-powder-fresh-antiperspi/p/20348223002_EA,Retailer listing,High,2026-08-31
CL-CA-LADYSPEEDSTI-0548,Canada,Lady Speed Stick,Personal Care,Deodorant / Antiperspirant,Lady Speed Stick,Lady Speed Stick Zero Simply Clean Deodorant,"Lady Speed Stick Zero Simply Clean Deodorant delivers 24 HR odor protection. This underarm deodorant for women is aluminum free. The Floral Musk scent combines citrus with delicate florals—peony and jasmine. With an invisible application, Lady Speed Stick helps you stay fresh and confident without leaving messy residue, so you can focus on your day instead of worrying about visible white marks. The smooth, precision underarm deodorant has a comfort guard applicator for even coverage and a comfor",n.a.,39.6 g,Stick / Solid,n.a.,21718189,Real Canadian Superstore,https://www.realcanadiansuperstore.ca/zero-simply-clean-deodorant/p/21718189_EA,Retailer listing,High,2026-08-31
CL-CA-LADYSPEEDSTI-0549,Canada,Lady Speed Stick,Personal Care,Deodorant / Antiperspirant,Lady Speed Stick Fresh Infusions,Lady Speed Stick Antiperspirant Deodorant Fresh Infusions Cool & Fresh,n.a.,n.a.,n.a.,Stick / Solid,n.a.,317615,Well.ca,https://well.ca/products/lady-speed-stick-antiperspirant_317615.html,Retailer listing,High,2026-08-31
CL-CA-LADYSPEEDSTI-0550,Canada,Lady Speed Stick,Personal Care,Deodorant / Antiperspirant,Lady Speed Stick Fresh Infusions,"Lady Speed Stick Antiperspirant Deodorant, Fresh Infusions, Strawberry Splash","Lady Speed Stick Antiperspirant Deodorant, Fresh Infusions Invisible Solid, helps you feel forever fresh with 48 hour protection and a burst of vibrant fragrance. This Antiperspirant Deodorant provides you with a 48 hour odour and wetness protection. This Antiperspirant Deodorant is invisible, so it goes on clear for added confidence. Lady Speed Stick Antiperspirant Deodorant, Fresh Infusions Invisible Solid, helps you feel forever fresh with 48 hour protection and a burst of vibrant fragrance T",Strawberry,45 g,Stick / Solid,n.a.,20432338001,Real Canadian Superstore,https://www.realcanadiansuperstore.ca/antiperspirant-deodorant-fresh-infusions-strawberr/p/20432338001_EA,Retailer listing,High,2026-08-31
CL-CA-LADYSPEEDSTI-0551,Canada,Lady Speed Stick,Personal Care,Deodorant / Antiperspirant,Lady Speed Stick Fresh Infusions,Lady Speed Stick Fresh Infusions Cherry Blossom Antiperspirant,n.a.,n.a.,n.a.,Stick / Solid,n.a.,99856,Well.ca,https://well.ca/products/lady-speed-stick-fresh-infusions_99856.html,Retailer listing,High,2026-08-31
CL-CA-LADYSPEEDSTI-0552,Canada,Lady Speed Stick,Personal Care,Deodorant / Antiperspirant,Lady Speed Stick Fresh Infusions,Lady Speed Stick Fresh Infusions Fruity Melon Antiperspirant,n.a.,n.a.,45 g,Stick / Solid,n.a.,20432338003,Real Canadian Superstore,https://www.realcanadiansuperstore.ca/fresh-infusions-fruity-melon-antiperspirant/p/20432338003_EA,Retailer listing,High,2026-08-31
CL-CA-LADYSPEEDSTI-0553,Canada,Lady Speed Stick,Personal Care,Deodorant / Antiperspirant,Lady Speed Stick Fresh Infusions,Lady Speed Stick Fresh Infusions Fruity Melon Antiperspirant,n.a.,n.a.,n.a.,Stick / Solid,n.a.,99861,Well.ca,https://well.ca/products/lady-speed-stick-fresh-infusions_99861.html,Retailer listing,High,2026-08-31
CL-CA-LADYSPEEDSTI-0554,Canada,Lady Speed Stick,Personal Care,Deodorant / Antiperspirant,Lady Speed Stick Fresh Infusions,Lady Speed Stick Fresh Infusions Invisible Anti-Perspirant,n.a.,n.a.,n.a.,Stick / Solid,n.a.,5284,Well.ca,https://well.ca/products/lady-speed-stick-fresh-infusions_5284.html,Retailer listing,High,2026-08-31
CL-CA-LADYSPEEDSTI-0555,Canada,Lady Speed Stick,Personal Care,Deodorant / Antiperspirant,Lady Speed Stick Fresh Infusions,Lady Speed Stick Fresh Infusions Strawberry Splash Antiperspirant,n.a.,Strawberry,n.a.,Stick / Solid,n.a.,99853,Well.ca,https://well.ca/products/lady-speed-stick-fresh-infusions_99853.html,Retailer listing,High,2026-08-31
CL-CA-PCASKIN-0556,Canada,PCA SKIN,Skin Care,Cleanser,PCA SKIN,Blemish Control Bar,"The PCA Blemish Control Bar is a powerhouse solution for clear, balanced skin: The deep cleansing formula is enriched with 2% Salicylic Acid and invigorating eucalyptus oil, this dynamic blend deeply cleanses pores, effectively reducing excess oil while leaving your skin feeling irresistibly soft and purified. Size: 3.2oz/ 90g",n.a.,n.a.,Bar,n.a.,PCA21178-P,wedoskin.ca,https://wedoskin.ca/products/pca-skin-blemish-control-bar,Retailer listing,Medium,2026-08-31
CL-CA-PCASKIN-0557,Canada,PCA SKIN,Skin Care,Cleanser,PCA SKIN,PCA Creamy Cleanser,"Beneficial oils leave skin smoother and firmer This creamy, soothing cleanser leaves skin soft and not tight Users can expect radiant, younger-looking skin with consistent use Size: 7 fl oz/ 206.5mL",n.a.,n.a.,Liquid,n.a.,PCA21124,wedoskin.ca,https://wedoskin.ca/products/pca-skin-creamy-cleanser,Retailer listing,Medium,2026-08-31
CL-CA-PCASKIN-0558,Canada,PCA SKIN,Skin Care,Cleanser,PCA SKIN,PCA Facial Wash Normal to Combination Skin,Hydrates and exfoliates the skin while cleansing Provides skin soothing properties Does not leave skin tight or dry after cleansing Size: 7 fl oz/ 207 mL,n.a.,n.a.,Liquid,n.a.,PCA21101,wedoskin.ca,https://wedoskin.ca/products/pca-facial-wash-normal-to-combination-skin,Retailer listing,Medium,2026-08-31
CL-CA-PCASKIN-0559,Canada,PCA SKIN,Skin Care,Serum / Treatment,PCA SKIN,PCA Hydrating Mask,"Size: Net Wt. 2.1 oz / 60 g Suitable for dry, sensitive, normal and combination skin Skin Concerns: Dryness, Redness, Dehydration, Irritation, Compromised Barrier Instantly replenish, calm, and restore your skin. PCA Skin Hydrating Mask is a deeply moisturizing treatment formulated to soothe irritation and reinforce the skin’s natural barrier. Infused with oat milk extract and calming botanicals,",n.a.,n.a.,Serum / Treatment,n.a.,PC-21125,wedoskin.ca,https://wedoskin.ca/products/pca-hydrating-mask,Retailer listing,Medium,2026-08-31
CL-CA-PCASKIN-0560,Canada,PCA SKIN,Skin Care,Other Skin Care,PCA SKIN,PCA Skin Body Therapy,"Size: 7 fl oz / 206.5 mL Suitable for all skin types, including dry, rough, and dehydrated skin Skin Concerns: Dryness, uneven texture, dullness, rough patches Hydrate, smooth, and brighten from head to toe. PCA Skin Body Therapy is a luxurious, full-body moisturizer formulated to deeply hydrate while enhancing skin tone and texture. Infused with lactic acid to gently exfoliate and smooth rough ar",n.a.,n.a.,n.a.,n.a.,PC-13784,wedoskin.ca,https://wedoskin.ca/products/pca-skin-body-therapy,Retailer listing,Medium,2026-08-31
CL-CA-PCASKIN-0561,Canada,PCA SKIN,Skin Care,Cleanser,PCA SKIN,PCA Skin Brightening Bar,"Suitable for all skin types, this brightening bar can be used on both the face and body. Simply lather the bar with water, apply to damp skin, and gently massage in circular motions. Rinse thoroughly and pat dry for maximum results. Size: 3 oz/90g",n.a.,n.a.,Bar,n.a.,PCA21151-P,wedoskin.ca,https://wedoskin.ca/products/pca-skin-brightening-bar,Retailer listing,Medium,2026-08-31
CL-CA-PCASKIN-0562,Canada,PCA SKIN,Skin Care,Other Skin Care,PCA SKIN,PCA Skin C&E Advanced with Hexylresorcinol,"Strengthen, smooth and protect skin while dramatically reducing the appearance of discoloration. This advanced, anhydrous corrective antioxidant contains therapeutic levels of hexylresorcinol (1%), a powerful skin-brightening agent; silymarin (1%), a potent antioxidant; and maximum vitamin concentrations: 20% vitamin C and 5% vitamin E. Size: 1 oz/28g Before And After How to use PCA Skin C&E Advan",n.a.,n.a.,n.a.,n.a.,PCA21188-P,wedoskin.ca,https://wedoskin.ca/products/pca-skin-c-e-advanced-with-hexylresorcinol,Retailer listing,Medium,2026-08-31
CL-CA-PCASKIN-0563,Canada,PCA SKIN,Skin Care,Serum / Treatment,PCA SKIN,PCA Skin C&E Strength Max,"Size: 1 oz / 28 g Suitable for normal, dry, combination, and mature skin Skin Concerns: Fine lines and wrinkles, dullness, uneven skin tone, environmental stress Maximum strength antioxidant correction for brighter, stronger skin. C&E Strength Max is PCA Skin’s most potent antioxidant corrective, delivering a powerful blend of 20% pure L-ascorbic acid (vitamin C) and 5% pure tocopherol (vitamin E)",n.a.,n.a.,Serum / Treatment,n.a.,PC-21166,wedoskin.ca,https://wedoskin.ca/products/pca-skin-c-e-strength-max,Retailer listing,Medium,2026-08-31
CL-CA-PCASKIN-0564,Canada,PCA SKIN,Skin Care,Moisturizer,PCA SKIN,PCA Skin Clearskin,"Reduce redness and breakouts, balance the skin’s natural oil production and provide antioxidant protection with 4% niacinamide in this light hydrator.",n.a.,n.a.,Cream / Lotion,n.a.,PCA21134,wedoskin.ca,https://wedoskin.ca/products/pca-skin-clearskin,Retailer listing,Medium,2026-08-31
CL-CA-PCASKIN-0565,Canada,PCA SKIN,Skin Care,Moisturizer,PCA SKIN,PCA Skin Collagen Hydrator,"PCA's Collagen Hydrator is a luxurious moisturizer specially crafted to nourish and tighten dry, mature skin. Enriched with antioxidant-rich fruit extracts such as olive and almond, it works to firm the skin while providing essential hydration. With a blend of rich moisturizing ingredients, it soothes and softens the skin, leaving it feeling supple and rejuvenated. Size: 1.7 oz/48g",n.a.,n.a.,Cream / Lotion,n.a.,PCA21108,wedoskin.ca,https://wedoskin.ca/products/pca-skin-collagen-hydrator,Retailer listing,Medium,2026-08-31
CL-CA-PCASKIN-0566,Canada,PCA SKIN,Skin Care,Cleanser,PCA SKIN,PCA Skin Daily Cleansing Oil,"Gently dissolve makeup, oil, and other impurities using this lightweight pre-cleansing oil by PCA for a refreshed complexion. Suitable for all skin types, including oily skin, it gently dissolves makeup, oil, and other impurities, leaving the skin feeling hydrated, fresh, and soft. Size: 5 fl.oz/150 ml",n.a.,n.a.,Liquid,n.a.,PCA21123,wedoskin.ca,https://wedoskin.ca/products/pca-skin-daily-cleansing-oil,Retailer listing,Medium,2026-08-31
CL-CA-PCASKIN-0567,Canada,PCA SKIN,Skin Care,Other Skin Care,PCA SKIN,PCA Skin Daily Exfoliant,"PCA SKIN Daily Exfoliant is a powerful skincare product designed to rejuvenate and revitalize your skin. This gentle yet effective exfoliating formula is specially formulated to remove dead skin cells, unclog pores, and reveal a smoother, more radiant complexion. Size: 7 fl.oz/206.5ml PCA Skin Daily Exfoliant Light, gentle exfoliant that is suitable for all skin types Cleans dirt, debris, and impu",n.a.,n.a.,n.a.,n.a.,PCA21111,wedoskin.ca,https://wedoskin.ca/products/pca-skin-daily-exfoliant,Retailer listing,Medium,2026-08-31
CL-CA-PCASKIN-0568,Canada,PCA SKIN,Skin Care,Serum / Treatment,PCA SKIN,PCA Skin Detoxifying Mask,"PCA Skin Detoxifying Mask utilizes Japanese white charcoal to absorb oil and impurities, keeping skin clear and minimizing the appearance of pores. Suitable for all skin types, this weekly mask can be used in the morning or evening, but is particularly ideal for oily and breakout-prone skin. Size: 2.1 oz/62.1 g",n.a.,n.a.,Serum / Treatment,n.a.,PCA21121,wedoskin.ca,https://wedoskin.ca/products/pca-skin-detoxifying-mask,Retailer listing,Medium,2026-08-31
CL-CA-PCASKIN-0569,Canada,PCA SKIN,Skin Care,Serum / Treatment,PCA SKIN,PCA Skin Dual Action Redness Relief Serum,"The Dual Action Redness Relief Serum starts reducing redness and inflammation upon contact, provides long-term relief from redness and sensitivity by improving the skin's barrier function, calms and soothes compromised skin, even after professional treatments, and utilizes the time-released OmniSome delivery system to carry skin-improving ingredients deeper into the skin over a period of 10 hours.",n.a.,n.a.,Serum / Treatment,n.a.,PCA21149,wedoskin.ca,https://wedoskin.ca/products/pca-skin-dual-action-redness-relief-serum,Retailer listing,Medium,2026-08-31
CL-CA-PCASKIN-0570,Canada,PCA SKIN,Skin Care,Serum / Treatment,PCA SKIN,PCA Skin Exlinea Peptide Smoothing Serum,"The lightweight and fast-absorbing formula makes it suitable for all skin types, including sensitive skin. Simply apply a small amount of serum to cleansed skin, focusing on areas prone to fine lines and wrinkles. Minimizes the appearance of fine lines and wrinkles. Holds 1,000 times its weight in water, playing a crucial role in skin hydration. Naturally occurring oil from foods like olives and w",n.a.,n.a.,Serum / Treatment,n.a.,PCA21131,wedoskin.ca,https://wedoskin.ca/products/pca-skin-exlinea-peptide-smoothing-serum,Retailer listing,Medium,2026-08-31
CL-CA-PCASKIN-0571,Canada,PCA SKIN,Skin Care,Serum / Treatment,PCA SKIN,PCA Skin Exlinea Pro Peptide Serum,"Dramatically minimize the appearance of fine lines and wrinkles with this advanced neuropeptide targeted corrective. Formulated with Peptide-Pro Complex, this powerful blend contains four unique ingredients that work synergistically to firm and tighten areas of the skin where visible expression lines are present.",n.a.,n.a.,Serum / Treatment,n.a.,PCA-021,wedoskin.ca,https://wedoskin.ca/products/pca-skin-exlinea-pro-peptide-serum,Retailer listing,Medium,2026-08-31
CL-CA-PCASKIN-0572,Canada,PCA SKIN,Skin Care,Cleanser,PCA SKIN,PCA Skin Facial Wash Oily/Problem,"Remove excess oil, environmental impurities and makeup with this cleanser for oily and breakout-prone skin containing gluconolactone, lactic acid and aloe. Size: 7 fl.oz/206.5ml PCA Skin Facial wash, oily Gently exfoliates while cleansing the skin Contains a unique blend of ingredients that purifies the skin Cleanser for acne-prone skin",n.a.,n.a.,Liquid,n.a.,PCA21102,wedoskin.ca,https://wedoskin.ca/products/pca-skin-facial-wash-oily,Retailer listing,Medium,2026-08-31
CL-CA-PCASKIN-0573,Canada,PCA SKIN,Skin Care,Serum / Treatment,PCA SKIN,PCA Skin Hyaluronic Acid Boosting Serum,"PCA Skin Hyaluronic Acid Boosting Serum goes beyond hydration. It helps to improve skin elasticity, promoting a more firm and supple appearance. The lightweight, fast-absorbing formula makes it suitable for all skin types, leaving your skin feeling refreshed and revitalized. PCA Skin Hyaluronic Acid Boosting Serum Offers Instant hydration and smoothing on the surface of the skin Deeper hydration w",n.a.,n.a.,Serum / Treatment,n.a.,PCA21152-P,wedoskin.ca,https://wedoskin.ca/products/pca-skin-hyaluronic-acid-boosting-serum,Retailer listing,Medium,2026-08-31
CL-CA-PCASKIN-0574,Canada,PCA SKIN,Skin Care,Serum / Treatment,PCA SKIN,PCA Skin Hyaluronic Acid Lip Booster,"PCA's Hyaluronic Acid Lip Booster instantly moisturizes while improving long-term lip volume, hydration, and softness. It utilizes Filling Spheres™ to instantly hydrate and plump the lips, while powerful peptides help diminish fine lines. Size: 7 fl.oz/206.5ml Before and After How to plump skin & lips",n.a.,n.a.,Serum / Treatment,n.a.,PCA21191,wedoskin.ca,https://wedoskin.ca/products/pca-skin-hyaluronic-acid-lip-booster,Retailer listing,Medium,2026-08-31
CL-CA-PCASKIN-0575,Canada,PCA SKIN,Skin Care,Serum / Treatment,PCA SKIN,PCA Skin Hyaluronic Acid Overnight Mask,"A blend of corrective ingredients boosts skin radiance and luminosity while enhancing the skin’s natural regeneration process. Additional natural extracts calm and soothe to encourage deep, restful sleep. Size: 1.8 oz/51 g",n.a.,n.a.,Serum / Treatment,n.a.,PCA21107,wedoskin.ca,https://wedoskin.ca/products/pca-skin-hyaluronic-acid-overnight-mask,Retailer listing,Medium,2026-08-31
CL-CA-PCASKIN-0576,Canada,PCA SKIN,Skin Care,Moisturizer,PCA SKIN,PCA Skin Hydramatte,"Experience immediate and long-term hydration* that reduces oil at the skin’s surface while minimizing the appearance of pores and fine lines. This luxurious gel moisturizer with a powdery matte finish quickly absorbs into the skin to help promote a clear complexion and refined texture, leaving the skin looking fresh, smooth, and radiant.",n.a.,n.a.,Cream / Lotion,n.a.,PCA21155-P,wedoskin.ca,https://wedoskin.ca/products/pca-skin-hydramatte,Retailer listing,Medium,2026-08-31
CL-CA-PCASKIN-0577,Canada,PCA SKIN,Skin Care,Serum / Treatment,PCA SKIN,PCA Skin Hydrating Serum,"Size: 1 fl. oz. / 29.5 mL Suitable for all skin types – including sensitive, dry, oily, and combination Skin Concerns: Dehydration, Fine Lines, Dullness, Sensitivity, Acne, Preventative Aging, Discolouration Deep hydration, light-as-air feel. PCA Skin Hydrating Serum is a weightless, fast-absorbing formula designed to drench the skin in long-lasting moisture without heaviness or residue. Powered b",n.a.,n.a.,Serum / Treatment,n.a.,PC-21148,wedoskin.ca,https://wedoskin.ca/products/pca-skin-hydrating-serum,Retailer listing,Medium,2026-08-31
CL-CA-PCASKIN-0578,Canada,PCA SKIN,Skin Care,Cleanser,PCA SKIN,PCA Skin Hydrating Toner,"Suitable for dry, combination, normal, sensitive Give your skin a refreshing boost of hydration with PCA Skin Hydrating Toner — a gentle, daily-use formula that soothes, softens, and restores balance. This alcohol-free toner sweeps away excess dirt, oil, and debris while delivering powerful antioxidant protection to defend against environmental stressors. Ideal for prepping the skin before moistur",n.a.,n.a.,Liquid,n.a.,PCA-21153,wedoskin.ca,https://wedoskin.ca/products/pca-skin-hydrating-toner,Retailer listing,Medium,2026-08-31
CL-CA-PCASKIN-0579,Canada,PCA SKIN,Skin Care,Moisturizer,PCA SKIN,PCA Skin Ideal Complex Restorative Eye Cream,"Size: 0.5 oz / 14.2 g Suitable for a ll skin types, including sensitive Targeted Concerns: Sagging eyelids, fine lines and wrinkles, puffiness, dark circles, loss of firmness Comprehensive anti-aging care for the entire eye area—even the eyelids. PCA Skin Ideal Complex® Restorative Eye Cream is a rich, advanced formula that lifts, firms, and revitalizes the delicate skin around the eyes. Designed",n.a.,n.a.,Cream / Lotion,n.a.,PC-21113,wedoskin.ca,https://wedoskin.ca/products/pca-skin-ideal-complex-restorative-eye-cream,Retailer listing,Medium,2026-08-31
CL-CA-PCASKIN-0580,Canada,PCA SKIN,Skin Care,Eye / Lip,PCA SKIN,PCA Skin Ideal Complex Revitalizing Eye Gel,"PCA's cutting-edge eye gel strengthens, firms, and lifts the skin around the entire eye area, including the eyelid. Its light gel texture is excellent for all skin types. Also available as a rich cream, the Ideal Complex® Restorative Eye Cream, or as a lightweight gel in Ideal Complex® Revitalizing Eye Gel, both formulas have shown rapid and superior results. Can be applied directly to the eyelid",n.a.,n.a.,Paste / Gel,n.a.,PCA21114,wedoskin.ca,https://wedoskin.ca/products/pca-skin-ideal-complex-revitalizing-eye-gel,Retailer listing,Medium,2026-08-31
CL-CA-PCASKIN-0581,Canada,PCA SKIN,Skin Care,Serum / Treatment,PCA SKIN,PCA Skin Intensive Age Refining Treatment,"PCA Skin Intensive Age Refining Treatment is suitable for all skin types. The lightweight and easily absorbed formula allows for hassle-free application, delivering powerful results without causing irritation or sensitivity. Size: 1 fl.oz/29.5ml PCA Skin Intensive Age Refining Treatment Brightens and rejuvenates the skin with potent antioxidants Has a stable anhydrous formula that prevents antioxi",n.a.,n.a.,Serum / Treatment,n.a.,PCA-007,wedoskin.ca,https://wedoskin.ca/products/pca-skin-intensive-age-refining-treatment,Retailer listing,Medium,2026-08-31
CL-CA-PCASKIN-0582,Canada,PCA SKIN,Skin Care,Serum / Treatment,PCA SKIN,PCA Skin Intensive Clarify Solution,"Size: 1 oz / 29.5 g Suitable for normal, combination and oily skin Skin Concerns: Acne and blemishes Congested pores Uneven texture Early signs of aging A powerful nighttime retinol solution for acne-prone skin PCA Skin Intensive Clarity Treatment® combines potent 0.5% pure retinol with 2% salicylic acid and advanced botanical technologies to purify, clarify, and smooth blemish-prone skin. This cl",n.a.,n.a.,Serum / Treatment,n.a.,PCA21180-P,wedoskin.ca,https://wedoskin.ca/products/pca-skin-intensive-clarify-solution,Retailer listing,Medium,2026-08-31
CL-CA-PCASKIN-0583,Canada,PCA SKIN,Skin Care,Cleanser,PCA SKIN,PCA Skin Nutrient Toner,"A pumpkin wine-based toner designed to refine the appearance of pores, gently exfoliate and provide added nutritional benefit to the skin. Vitamins, amino acids, enzymes and other advanced ingredients gently exfoliate to create a healthy glow. PCA Skin Facial wash, oily Gently exfoliates while cleansing the skin Contains a unique blend of ingredients that purifies the skin Cleanser for acne-prone",n.a.,n.a.,Liquid,n.a.,PCA-102,wedoskin.ca,https://wedoskin.ca/products/pca-skin-nutrient-toner,Retailer listing,Medium,2026-08-31
CL-CA-PCASKIN-0584,Canada,PCA SKIN,Skin Care,Mask,PCA SKIN,PCA Skin Overnight Lip Mask,"Intensely hydrate and nourish lips while helping retain essential moisture with this leave-on nighttime treatment. Formulated with a unique blend of nourishing and emollient ingredients, this ultra-hydrating lip mask promotes softer, smoother lips in the morning. PCA Skin Overnight Lip Mask Hydrate and nourish lips Helping retain essential moisture Unique formula of nourishing and emollient ingred",n.a.,n.a.,n.a.,n.a.,PCA21120-P,wedoskin.ca,https://wedoskin.ca/products/pca-skin-overnight-lip-mask,Retailer listing,Medium,2026-08-31
CL-CA-PCASKIN-0585,Canada,PCA SKIN,Skin Care,Cleanser,PCA SKIN,PCA Skin Pore Cleansing Gel,"Size: 1 oz / 29.5 g Suitable for oily and combination skin Targeted Concerns: Acne, excess oil, congested pores Clear skin starts here PCA Skin Pore Cleansing Gel is a fast-acting, targeted salicylic acid treatment designed to purify blemish-prone and oily skin. Featuring 2% salicylic acid delivered via PCA’s patented OmniSome system, this formula penetrates deep into pores to dissolve buildup and",n.a.,n.a.,Paste / Gel,n.a.,PCA23375-P,wedoskin.ca,https://wedoskin.ca/products/pca-skin-pore-cleansing-gel,Retailer listing,Medium,2026-08-31
CL-CA-PCASKIN-0586,Canada,PCA SKIN,Skin Care,Serum / Treatment,PCA SKIN,PCA Skin Pore Refining Treatment,"Size: 2.1 oz / 60 g Suitable for normal, combination, and oily skin Targeted Concerns: Enlarged pores, uneven texture, congestion, dullness Smooth. Refine. Purify. PCA SKIN Pore Refining Treatment is a triple-action exfoliant that delivers physical, enzymatic, and chemical exfoliation for instantly smoother, more refined skin. Formulated with mandelic acid, papaya enzymes, clay, pumice, and rice p",n.a.,n.a.,Serum / Treatment,n.a.,PC-21106,wedoskin.ca,https://wedoskin.ca/products/pca-skin-pore-refining-treatment,Retailer listing,Medium,2026-08-31
CL-CA-PCASKIN-0587,Canada,PCA SKIN,Skin Care,Moisturizer,PCA SKIN,PCA Skin ReBalance,"Size: 1.7 fl oz / 50 mL Suitable for normal, sensitive, combination and post-treatment skin Targeted Concerns: Redness, dehydration, sensitivity, barrier support Hydrate. Calm. Rebalance. PCA SKIN ReBalance is a feather-light daily moisturizer designed to soothe, nourish, and comfort sensitive or compromised skin. Enriched with botanical oils like borage seed and evening primrose, it delivers esse",n.a.,n.a.,Cream / Lotion,n.a.,PC-21133,wedoskin.ca,https://wedoskin.ca/products/pca-skin-rebalance,Retailer listing,Medium,2026-08-31
CL-CA-PCASKIN-0588,Canada,PCA SKIN,Skin Care,Serum / Treatment,PCA SKIN,PCA Skin Rejuvenating Serum,"Size: 1 fl oz / 30 mL Suitable for all skin types, including normal, dry, oily, combination, and sensitive skin. Targeted concerns: Dullness, early signs of aging, fine lines, oxidative stress A lightweight antioxidant serum formulated with grapefruit stem cell extract and epidermal growth factor to help reduce the appearance of early signs of aging and enhance radiance with every use. This powerf",n.a.,n.a.,Serum / Treatment,n.a.,PC-21143,wedoskin.ca,https://wedoskin.ca/products/pca-skin-rejuvenating-serum,Retailer listing,Medium,2026-08-31
CL-CA-PCASKIN-0589,Canada,PCA SKIN,Skin Care,Serum / Treatment,PCA SKIN,PCA Skin Retinol Treatment for Sensitive Skin,"This sensitive skin-friendly retinol formulation effectively diminishes redness and visible signs of aging, offering enhanced cellular turnover to reduce fine lines and wrinkles while also brightening the skin, all without causing irritation. Gently encourages cell turnover to minimize the signs of aging Reduces redness and uneven skin tone Ideal for those with sensitive skin or that are new to re",n.a.,n.a.,Serum / Treatment,n.a.,PCA21183,wedoskin.ca,https://wedoskin.ca/products/pca-skin-retinol-treatment-for-sensitive-skin,Retailer listing,Medium,2026-08-31
CL-CA-PCASKIN-0590,Canada,PCA SKIN,Skin Care,Serum / Treatment,PCA SKIN,PCA Skin Total Strength Serum,"Size: 1 fl oz / 30 mL Suitable for all skin types, including normal, dry, oily, combination, and mature skin. Targeted concerns: fine lines, wrinkles, sagging skin, enlarged pores, loss of firmness A powerful anti-aging treatment that combines next-generation peptides with epidermal growth factor to visibly firm, lift, and strengthen mature skin while minimizing the appearance of fine lines, wrink",n.a.,n.a.,Serum / Treatment,n.a.,PC-21411,wedoskin.ca,https://wedoskin.ca/products/pca-skin-total-strength-serum,Retailer listing,Medium,2026-08-31
CL-CA-PCASKIN-0591,Canada,PCA SKIN,Skin Care,Serum / Treatment,PCA SKIN,PCA Skin Vitamin B3 Brightening Serum,"Reduce the appearance of dark spots and uneven skin tone while improving skin barrier function with this powerful skin-brightening serum. This advanced formulation effectively reduces skin discoloration, redness, and glycation-related skin yellowing, leaving the complexion even and bright.",n.a.,n.a.,Serum / Treatment,n.a.,PCA21193-P,wedoskin.ca,https://wedoskin.ca/products/pca-skin-vitamin-b3-brightening-serum,Retailer listing,Medium,2026-08-31
CL-CA-SOFTSOAP-0592,Canada,Softsoap,Personal Care,Other,Softsoap,"Softsoap Soap, Antibacterial Liquid Hand Pump, Crisp Clean","Softsoap Antibacterial Liquid Hand Soap, Crisp Clean contains benzalkonium chloride which is proven to kill harmful bacteria/germs. The clean citrus scent of this antibacterial hand soap makes this the perfect addition to any kitchen or bathroom. Due to its antibacterial formula, the liquid hand soap pump should only be refilled with Softsoap Antibacterial Liquid Hand Soap. It is best to wash hands with soap and clean running water for 30 seconds. Antibacterial liquid hand soap in a refillable p",n.a.,332 ml,Liquid,n.a.,21351827,Real Canadian Superstore,https://www.realcanadiansuperstore.ca/soap-antibacterial-liquid-hand-pump-crisp-clean/p/21351827_EA,Retailer listing,High,2026-08-31
CL-CA-SOFTSOAP-0593,Canada,Softsoap,Personal Care,Other,Softsoap,"Softsoap Soap, Antibacterial Liquid Hand Pump, Fresh Citrus","Softsoap Antibacterial Liquid Hand Soap, Fresh Citrus contains benzalkonium chloride which is proven to kill harmful bacteria/germs. The Fresh Citrus scent of this antibacterial hand soap makes this the perfect addition to any kitchen or bathroom. Due to its antibacterial formula, the liquid hand soap pump should only be refilled with Softsoap Antibacterial Liquid Hand Soap. It is best to wash hands with soap and clean running water for 30 seconds. Antibacterial liquid hand soap in a refillable ",Citrus,332 ml,Liquid,n.a.,21351824,Real Canadian Superstore,https://www.realcanadiansuperstore.ca/soap-antibacterial-liquid-hand-pump-fresh-citrus/p/21351824_EA,Retailer listing,High,2026-08-31
CL-CA-SOFTSOAP-0594,Canada,Softsoap,Personal Care,Other,Softsoap,"Softsoap Soap, Deeply Moisturizing Liquid Hand Pump, Warm Vanilla & Coconut Milk","Softsoap Deeply Moisturizing Liquid Hand Soap, Warm Vanilla and Coconut Milk washes away bacteria. The creamy formula hydrates dry skin, leaving your hands feeling soft and smooth. Softsoap is Canada's #1 Liquid Hand Soap brand, trusted to clean your hands since 1975. Wash hands with soap and clean running water for 20 seconds. Moisturizing liquid hand soap in a refillable pump Deeply Moisturizes to Hydrate Dry Skin Leaves hands feeling soft and smooth Dermatologist tested hand soap formula help",Coconut,332 ml,Liquid,n.a.,21351640,Real Canadian Superstore,https://www.realcanadiansuperstore.ca/soap-deeply-moisturizing-liquid-hand-pump-warm-van/p/21351640_EA,Retailer listing,High,2026-08-31
CL-CA-SOFTSOAP-0595,Canada,Softsoap,Personal Care,Body Wash,Softsoap Body Wash,Softsoap Bali Bliss Moisturizing Body Wash,"Experience a burst of bliss every day with Softsoap Bali Bliss Moisturizing Body Wash. Let your senses escape to trending destinations with the sweet fragrance of peaches and gardenia with every wash. This body wash for women brings freshness to every shower, leaving your skin feeling revitalized. This pH balanced moisturizing body wash is also made without parabens or phthalates, making it perfect for daily use. Our innovative white, flat-top invertible cap offers convenient storage and easier ",n.a.,591 ml,Liquid,n.a.,21706071,Real Canadian Superstore,https://www.realcanadiansuperstore.ca/bali-bliss-moisturizing-body-wash/p/21706071_EA,Retailer listing,High,2026-08-31
CL-CA-SOFTSOAP-0596,Canada,Softsoap,Personal Care,Body Wash,Softsoap Body Wash,"Softsoap Body Wash and Shave Gel, Cool Cucumber Scent","Indulge in the cool, crisp aroma of cucumbers as it envelops your senses with Softsoap Cool Cucumber Moisturizing Body Wash and Shave Gel. This pH balanced moisturizing body wash doubles as a shave gel, simplifying your shower routine. Formulated to moisturize and help retain skin's natural moisture for softer feeling skin, it helps your razor glide effortlessly, letting you shave with ease. Our innovative white, flat-top invertible cap offers convenient storage and easier dispensing of your fav",Cucumber,591 ml,Paste / Gel,n.a.,21644982,Real Canadian Superstore,https://www.realcanadiansuperstore.ca/body-wash-and-shave-gel-cool-cucumber-scent/p/21644982_EA,Retailer listing,High,2026-08-31
CL-CA-SOFTSOAP-0597,Canada,Softsoap,Personal Care,Body Wash,Softsoap Body Wash,"Softsoap Body Wash and Shave Gel, Creamy Strawberry Scent","Indulge in the sweet aroma of strawberries as it envelops your senses with Softsoap Creamy Strawberry Moisturizing Body Wash and Shave Gel. This pH balanced moisturizing body wash doubles as a shave gel, simplifying your shower routine. Formulated to moisturize and help retain skin's natural moisture for softer feeling skin, it helps your razor glide effortlessly, letting you shave with ease. Our innovative white, flat-top invertible cap offers convenient storage and easier dispensing of your fa",Strawberry,591 ml,Paste / Gel,n.a.,21644972,Real Canadian Superstore,https://www.realcanadiansuperstore.ca/body-wash-and-shave-gel-creamy-strawberry-scent/p/21644972_EA,Retailer listing,High,2026-08-31
CL-CA-SOFTSOAP-0598,Canada,Softsoap,Personal Care,Body Wash,Softsoap Body Wash,"Softsoap Body Wash and Shave Gel, Rich Coconut Scent","Indulge in the rich, tropical aroma of coconut as it envelops your senses with Softsoap Rich Coconut Moisturizing Body Wash and Shave Gel. This pH balanced moisturizing body wash doubles as a shave gel, simplifying your shower routine. Formulated to moisturize and help retain skin's natural moisture for softer feeling skin, it helps your razor glide effortlessly, letting you shave with ease. Our innovative white, flat-top invertible cap offers convenient storage and easier dispensing of your fav",Coconut,591 ml,Paste / Gel,n.a.,21644865,Real Canadian Superstore,https://www.realcanadiansuperstore.ca/body-wash-and-shave-gel-rich-coconut-scent/p/21644865_EA,Retailer listing,High,2026-08-31
CL-CA-SOFTSOAP-0599,Canada,Softsoap,Personal Care,Body Wash,Softsoap Body Wash,"Softsoap Body Wash, Coconut Oil & Calming Lavender","Pamper yourself with Softsoap Luminous Oils Moisturizing Body Wash, a luxurious blend of coconut and lavender. This body wash for women transforms your daily shower into a sensory escape, infusing your skin with a lavender fragrance. This pH balanced moisturizing body wash leaves you feeling pampered and rejuvenated. Made without parabens or phthalates, it's perfect for indulgent daily care. Our innovative white, flat-top invertible cap offers convenient storage and easier dispensing of your fav",Lavender,591 ml,Liquid,n.a.,21219604,Real Canadian Superstore,https://www.realcanadiansuperstore.ca/body-wash-coconut-oil-calming-lavender/p/21219604_EA,Retailer listing,High,2026-08-31
CL-CA-SOFTSOAP-0600,Canada,Softsoap,Personal Care,Body Wash,Softsoap Body Wash,Softsoap Creamy Moisture Body Wash,"Transform your daily shower into a pampering experience with Softsoap Creamy Moisture Body Wash in Warm Vanilla and Jojoba Oil Scent. This pH balanced moisturizing body wash is made with warm vanilla fragrance and jojoba oil for an enriched, luxurious experience. This body wash for women helps retain your skin's natural moisture, making it ideal for all skin types, and it is formulated without parabens or phthalates. Our innovative white, flat-top invertible cap offers convenient storage and eas",n.a.,591 ml,Liquid,n.a.,21219484,Real Canadian Superstore,https://www.realcanadiansuperstore.ca/creamy-moisture-body-wash/p/21219484_EA,Retailer listing,High,2026-08-31
CL-CA-SOFTSOAP-0601,Canada,Softsoap,Personal Care,Body Wash,Softsoap Body Wash,Softsoap Energizing Moisturizing Body Wash,"Enjoy a little everyday luxury with Softsoap Energizing Moisturizing Body Wash. Let the energizing scent of pomegranate and mango transform your daily routine into a refreshing escape. This pH balanced moisturizing body wash is also made without parabens or phthalates, making it perfect for daily use. This body wash for women helps retain skin's natural moisture while featuring real pomegranate and mango extracts. Our innovative white, flat-top invertible cap offers convenient storage and easier",n.a.,591 ml,Liquid,n.a.,21219375,Real Canadian Superstore,https://www.realcanadiansuperstore.ca/energizing-moisturizing-body-wash/p/21219375_EA,Retailer listing,High,2026-08-31
CL-CA-SOFTSOAP-0602,Canada,Softsoap,Personal Care,Body Wash,Softsoap Body Wash,"Softsoap Exfoliating Scrub Body Wash, Blackberry Sugar Scent","Experience a burst of bliss with Softsoap Blackberry Sugar Exfoliating Scrub Body Wash. This pH balanced moisturizing body wash features a juicy blackberry scent for a refreshing, fruity fragrance that delights your senses. Made with blackberry juice and sugar, the sweet aroma is both invigorating and uplifting, while providing gentle exfoliation to leave your skin smooth and revitalized. It is formulated without parabens or phthalates. Our innovative white, flat-top invertible cap offers conven",n.a.,591 ml,Liquid,n.a.,21706048,Real Canadian Superstore,https://www.realcanadiansuperstore.ca/exfoliating-scrub-body-wash-blackberry-sugar-scent/p/21706048_EA,Retailer listing,High,2026-08-31
CL-CA-SOFTSOAP-0603,Canada,Softsoap,Personal Care,Body Wash,Softsoap Body Wash,"Softsoap Exfoliating Scrub Body Wash, Coconut Butter","Experience a burst of bliss with Softsoap Coconut Butter Exfoliating Scrub Body Wash. This pH balanced moisturizing body wash is made with coconut oil and features a coconut butter scent. This body scrub gently exfoliates with crushed apricot seeds for smooth skin and helps retain your skin’s natural moisture. It is formulated without parabens or phthalates. Our innovative white, flat-top invertible cap offers convenient storage and easier dispensing of your favorite body wash. Let Softsoap be y",Coconut,591 ml,Liquid,n.a.,21307727,Real Canadian Superstore,https://www.realcanadiansuperstore.ca/exfoliating-scrub-body-wash-coconut-butter/p/21307727_EA,Retailer listing,High,2026-08-31
CL-CA-SOFTSOAP-0604,Canada,Softsoap,Personal Care,Body Wash,Softsoap Body Wash,"Softsoap Exfoliating Scrub Body Wash, Coconut Butter Scent","Experience a burst of bliss with Softsoap Coconut Butter Exfoliating Scrub Body Wash. This pH balanced moisturizing body wash is made with coconut oil and features a coconut butter scent. This body scrub gently exfoliates with crushed apricot seeds for smooth skin and helps retain your skin’s natural moisture. It is formulated without parabens or phthalates. Our innovative white, flat-top invertible cap offers convenient storage and easier dispensing of your favorite body wash. Let Softsoap be y",Coconut,591 ml,Liquid,n.a.,21219376,Real Canadian Superstore,https://www.realcanadiansuperstore.ca/exfoliating-scrub-body-wash-coconut-butter-scent/p/21219376_EA,Retailer listing,High,2026-08-31
CL-CA-SOFTSOAP-0605,Canada,Softsoap,Personal Care,Body Wash,Softsoap Body Wash,Softsoap Hawaiian Luau Moisturizing Body Wash,"Experience a burst of bliss every day with Softsoap Hawaiian Luau Moisturizing Body Wash. Let your senses escape to trending destinations with the sweet fragrance of jasmine and vanilla with every wash. This body wash for women brings freshness to every shower, leaving your skin feeling revitalized. This pH balanced moisturizing body wash is also made without parabens or phthalates, making it perfect for daily use. Our innovative white, flat-top invertible cap offers convenient storage and easie",n.a.,591 ml,Liquid,n.a.,21588835,Real Canadian Superstore,https://www.realcanadiansuperstore.ca/hawaiian-luau-moisturizing-body-wash/p/21588835_EA,Retailer listing,High,2026-08-31
CL-CA-SOFTSOAP-0606,Canada,Softsoap,Personal Care,Body Wash,Softsoap Body Wash,"Softsoap Luminous Oils Body Wash, Macadamia Oil & Soft Peony","Pamper yourself with Softsoap Luminous Oils Moisturizing Body Wash, a luxurious blend of macadamia oil and peony. This body wash for women transforms your daily shower into a sensory escape, infusing your skin with delicate peony fragrance. This pH balanced moisturizing body wash leaves you feeling pampered and rejuvenated. Made without parabens or phthalates, it's perfect for indulgent daily care. Our innovative white, flat-top invertible cap offers convenient storage and easier dispensing of y",n.a.,591 ml,Liquid,n.a.,21219477,Real Canadian Superstore,https://www.realcanadiansuperstore.ca/luminous-oils-body-wash-macadamia-oil-soft-peony/p/21219477_EA,Retailer listing,High,2026-08-31
CL-CA-SOFTSOAP-0607,Canada,Softsoap,Personal Care,Body Wash,Softsoap Body Wash,"Softsoap Moisturizing Body Wash, Amalfi Orchards","Retain the moisture in your skin with this hydrating body wash. It provides a gentle cleanse and leaves skin feeling soft and smooth. Enjoy the bright, uplifting scent of Amalfi Orchards and lemon meringue during your shower. This limited edition fragrance is a refreshing addition to your daily routine.",n.a.,591 ml,Liquid,n.a.,21705043,Real Canadian Superstore,https://www.realcanadiansuperstore.ca/moisturizing-body-wash-amalfi-orchards/p/21705043_EA,Retailer listing,High,2026-08-31
CL-CA-SOFTSOAP-0608,Canada,Softsoap,Personal Care,Body Wash,Softsoap Body Wash,"Softsoap Moisturizing Body Wash, Citrus and Berry Splash","Enjoy a little everyday luxury with Softsoap Energizing Moisturizing Body Wash. Let the scent of citrus and berry splash transform your daily routine into a refreshing escape. Infused with lime, lemon, blueberry, and blackberry scent notes, this fruity and citrusy fragrance transforms every wash into a joyful part of the day. This pH balanced moisturizing body wash is also made without parabens or phthalates, making it perfect for daily use. Our innovative white, flat-top invertible cap offers c",Citrus,591 ml,Liquid,n.a.,21219551,Real Canadian Superstore,https://www.realcanadiansuperstore.ca/moisturizing-body-wash-citrus-and-berry-splash/p/21219551_EA,Retailer listing,High,2026-08-31
CL-CA-SOFTSOAP-0609,Canada,Softsoap,Personal Care,Body Wash,Softsoap Body Wash,"Softsoap Moisturizing Body Wash, Santorini Spritz (Cucumber Mint)","Enjoy a refreshing shower with this moisturising body wash. It creates a soft lather that cleanses the skin while helping to retain its natural moisture. The crisp scent of cucumber and mint provides an invigorating start to your day. Add this limited edition body wash to your daily cleansing routine for soft, hydrated skin.",Cucumber,591 ml,Liquid,n.a.,21705947,Real Canadian Superstore,https://www.realcanadiansuperstore.ca/moisturizing-body-wash-santorini-spritz-cucumber-m/p/21705947_EA,Retailer listing,High,2026-08-31
CL-CA-SOFTSOAP-0610,Canada,Softsoap,Personal Care,Liquid Hand Soap,Softsoap Hand Soap Refill,Softsoap Antibacterial Hand Soap Fresh Citrus Scent Refills,n.a.,Citrus,1470 ml,Liquid,n.a.,21705755,Real Canadian Superstore,https://www.realcanadiansuperstore.ca/antibacterial-hand-soap-fresh-citrus-scent-refills/p/21705755_EA,Retailer listing,High,2026-08-31
CL-CA-SOFTSOAP-0611,Canada,Softsoap,Personal Care,Liquid Hand Soap,Softsoap Hand Soap Refill,Softsoap Antibacterial Hand Soap White Tea & Berry Refill,n.a.,n.a.,1.47 l,Liquid,n.a.,21715722,Real Canadian Superstore,https://www.realcanadiansuperstore.ca/antibacterial-hand-soap-white-tea-berry-refill/p/21715722_EA,Retailer listing,High,2026-08-31
CL-CA-SOFTSOAP-0612,Canada,Softsoap,Personal Care,Liquid Hand Soap,Softsoap Hand Soap Refill,"Softsoap Crisp Clean Antibacterial Liquid Hand Soap, Refill","Softsoap’s new easy pour spout is designed for a smooth, mess-free refill experience, making it easier than ever to keep your favorite Softsoap Antibacterial Liquid Hand Soap stocked and ready for use. From the #1 liquid hand soap brand (1), comes Softsoap Antibacterial Crisp Clean Liquid Hand Soap which eliminates 99.9% of bacteria (2). With a crisp clean scent, this antibacterial hand soap effectively cleans hands while infusing small moments with joy. (1) Based in part on data reported by Nie",n.a.,1.47 l,Liquid,n.a.,21715724,Real Canadian Superstore,https://www.realcanadiansuperstore.ca/crisp-clean-antibacterial-liquid-hand-soap-refill/p/21715724_EA,Retailer listing,High,2026-08-31
CL-CA-SOFTSOAP-0613,Canada,Softsoap,Personal Care,Liquid Hand Soap,Softsoap Hand Soap Refill,Softsoap Liquid Hand Soap Juicy Peach Scent Refills,n.a.,n.a.,1.47 l,Liquid,n.a.,21644760,Real Canadian Superstore,https://www.realcanadiansuperstore.ca/liquid-hand-soap-juicy-peach-scent-refills/p/21644760_EA,Retailer listing,High,2026-08-31
CL-CA-SOFTSOAP-0614,Canada,Softsoap,Personal Care,Liquid Hand Soap,Softsoap Hand Soap Refill,Softsoap Moisturizing Hand Soap Coconut & Hibiscus Scent Refills,n.a.,Coconut,1.47 l,Liquid,n.a.,21715636,Real Canadian Superstore,https://www.realcanadiansuperstore.ca/moisturizing-hand-soap-coconut-hibiscus-scent-refi/p/21715636_EA,Retailer listing,High,2026-08-31
CL-CA-SOFTSOAP-0615,Canada,Softsoap,Personal Care,Liquid Hand Soap,Softsoap Hand Soap Refill,Softsoap Moisturizing Hand Soap Lavender & Shea Scent Refills,n.a.,Lavender,1.47 l,Liquid,n.a.,21715634,Real Canadian Superstore,https://www.realcanadiansuperstore.ca/moisturizing-hand-soap-lavender-shea-scent-refills/p/21715634_EA,Retailer listing,High,2026-08-31
CL-CA-SOFTSOAP-0616,Canada,Softsoap,Personal Care,Liquid Hand Soap,Softsoap Hand Soap Refill,Softsoap Moisturizing Hand Soap Soothing Clean Aloe Vera Fresh Scent Refills,n.a.,Aloe,1.47 l,Liquid,n.a.,21715457,Real Canadian Superstore,https://www.realcanadiansuperstore.ca/moisturizing-hand-soap-soothing-clean-aloe-vera-fr/p/21715457_EA,Retailer listing,High,2026-08-31
CL-CA-SOFTSOAP-0617,Canada,Softsoap,Personal Care,Liquid Hand Soap,Softsoap Hand Soap Refill,Softsoap Refill Hand Soap,n.a.,n.a.,1.47 l,Liquid,n.a.,21715576,Real Canadian Superstore,https://www.realcanadiansuperstore.ca/refill-hand-soap/p/21715576_EA,Retailer listing,High,2026-08-31
CL-CA-SOFTSOAP-0618,Canada,Softsoap,Personal Care,Liquid Hand Soap,Softsoap Liquid Hand Soap,"Softsoap Antibacterial Sensitive Liquid Hand Soap, Bottle","From the #1 liquid hand soap brand (1), comes Softsoap Antibacterial Sensitive Liquid Hand Soap which eliminates 99.9% of bacteria (2). With a rosewater and aloe scent, this antibacterial hand soap effectively cleans hands while infusing small moments with joy. Our liquid hand soap is enriched with moisturizers and helps protect skin’s natural barrier by retaining skin’s natural moisture. This fresh kitchen hand soap is paraben free, formulated without phthalates, and dermatologist tested. (1) B",n.a.,332 ml,Liquid,n.a.,21647346,Real Canadian Superstore,https://www.realcanadiansuperstore.ca/antibacterial-sensitive-liquid-hand-soap-bottle/p/21647346_EA,Retailer listing,High,2026-08-31
CL-CA-SOFTSOAP-0619,Canada,Softsoap,Personal Care,Liquid Hand Soap,Softsoap Liquid Hand Soap,Softsoap Coconut & Hibiscus Moisturizing Liquid Hand Soap,"From the #1 liquid hand soap brand (1) comes a deeply moisturizing hand soap with a coconut and hibiscus tropical scent. Its beautiful bottle design and modern pump head will perfectly complements the elegance of your bathroom or kitchen sink. The creamy formula hydrates dry skin, leaving your hands feeling soft and smooth. Our dermatologist tested formula retains skin’s natural moisture and is formulated without parabens and phthalates. This bathroom hand soap is one you’ll want to keep on your",Coconut,332 ml,Liquid,n.a.,21351643,Real Canadian Superstore,https://www.realcanadiansuperstore.ca/coconut-hibiscus-moisturizing-liquid-hand-soap/p/21351643_EA,Retailer listing,High,2026-08-31
CL-CA-SOFTSOAP-0620,Canada,Softsoap,Personal Care,Liquid Hand Soap,Softsoap Liquid Hand Soap,"Softsoap Energized Liquid Hand Soap, Paraben Free, Pump Bottle","Joy can be found in everyday moments with Softsoap’s Energized Raspberry and Mandarin Scent Liquid Hand Soap. Enhanced with AromaLift fragrance technology designed to boost your mood. This hand soap features essential oils, turning a simple task into a moment of happiness with every pump. Softsoap, Canada's #1 Liquid Hand Soap brand (1), has been trusted to clean hands since 1975. Our formula is pH balanced, is paraben free, and formulated without phthalates. Health care agencies recommend washi",n.a.,332 ml,Liquid,n.a.,21644868,Real Canadian Superstore,https://www.realcanadiansuperstore.ca/energized-liquid-hand-soap-paraben-free-pump-bottl/p/21644868_EA,Retailer listing,High,2026-08-31
CL-CA-SOFTSOAP-0621,Canada,Softsoap,Personal Care,Liquid Hand Soap,Softsoap Liquid Hand Soap,"Softsoap Joyful Liquid Hand Soap, Pump Bottle","Joy can be found in everyday moments with Softsoap’s Joyful Cherry and Passion Fruit Liquid Hand Soap. Enhanced with AromaLift fragrance technology designed to boost your mood. This hand soap features essential oils, turning a simple task into a moment of happiness with every pump. Softsoap, Canada's #1 Liquid Hand Soap brand (1), has been trusted to clean hands since 1975. Our formula is pH balanced, is paraben free, and formulated without phthalates. Health care agencies recommend washing hand",n.a.,332 ml,Liquid,n.a.,21644764,Real Canadian Superstore,https://www.realcanadiansuperstore.ca/joyful-liquid-hand-soap-pump-bottle/p/21644764_EA,Retailer listing,High,2026-08-31
CL-CA-SOFTSOAP-0622,Canada,Softsoap,Personal Care,Liquid Hand Soap,Softsoap Liquid Hand Soap,Softsoap Lavender & Shea Moisturizing Liquid Hand Soap,"From the #1 liquid hand soap brand (1) comes a deeply moisturizing hand soap with a lavender and shea scent. With its beautiful bottle design and modern pump head, Softsoap's Lavender and Shea Moisturizing Liquid Hand Soap perfectly complements the elegance of your bathroom or kitchen sink. This fun pink hand soap with its sweet and floral scent will infuse joy into the smallest moments. Our dermatologist tested formula retains skin’s natural moisture and is formulated without parabens and phtha",Lavender,332 ml,Liquid,n.a.,21351695,Real Canadian Superstore,https://www.realcanadiansuperstore.ca/lavender-shea-moisturizing-liquid-hand-soap/p/21351695_EA,Retailer listing,High,2026-08-31
CL-CA-SOFTSOAP-0623,Canada,Softsoap,Personal Care,Liquid Hand Soap,Softsoap Liquid Hand Soap,"Softsoap Limited Edition Liquid Hand Soap, Autumn Orchards Scent","Celebrate fall with Softsoap Limited Edition Liquid Hand Soap in Autumn Orchards scent. As the #1 liquid hand soap brand*, this seasonally designed bottle brings elegant comfort to your daily handwashing. The delightful fragrance captures beautiful notes of apple, red berry, and frangipani; perfect for fall gatherings. Our soap washes away bacteria to keep hands clean and fresh. This bathroom hand soap or kitchen hand soap comes in a pump bottle for easy handwashing. A red hand soap adds a beaut",n.a.,332 ml,Liquid,n.a.,21744368,Real Canadian Superstore,https://www.realcanadiansuperstore.ca/limited-edition-liquid-hand-soap-autumn-orchards-s/p/21744368_EA,Retailer listing,High,2026-08-31
CL-CA-SOFTSOAP-0624,Canada,Softsoap,Personal Care,Liquid Hand Soap,Softsoap Liquid Hand Soap,"Softsoap Limited Edition Liquid Hand Soap, Eerie Berry Scent","Celebrate fall with Softsoap Limited Edition Liquid Hand Soap in Eerie Berry scent. As the #1 liquid hand soap brand*, this seasonally designed bottle brings elegant comfort to your daily handwashing. The delightful fragrance captures beautiful notes of raspberry, vanilla, and sandalwood; perfect for fall gatherings. Our soap washes away bacteria to keep hands clean and fresh. This bathroom hand soap or kitchen hand soap comes in a pump bottle for easy handwashing. A purple hand soap adds a beau",n.a.,332 ml,Liquid,n.a.,21744300,Real Canadian Superstore,https://www.realcanadiansuperstore.ca/limited-edition-liquid-hand-soap-eerie-berry-scent/p/21744300_EA,Retailer listing,High,2026-08-31
CL-CA-SOFTSOAP-0625,Canada,Softsoap,Personal Care,Liquid Hand Soap,Softsoap Liquid Hand Soap,"Softsoap Limited Edition Liquid Hand Soap, Fall Petals Scent","Celebrate fall with Softsoap Limited Edition Liquid Hand Soap in Fall Petals scent. As the #1 liquid hand soap brand*, this seasonally designed bottle brings elegant comfort to your daily handwashing. The delightful fragrance captures beautiful notes of jasmine, citrus, and freesia; perfect for fall gatherings. Our soap washes away bacteria to keep hands clean and fresh. This bathroom hand soap or kitchen hand soap comes in a pump bottle for easy handwashing. A warm-toned hand soap adds a beauti",n.a.,332 ml,Liquid,n.a.,21744306,Real Canadian Superstore,https://www.realcanadiansuperstore.ca/limited-edition-liquid-hand-soap-fall-petals-scent/p/21744306_EA,Retailer listing,High,2026-08-31
CL-CA-SOFTSOAP-0626,Canada,Softsoap,Personal Care,Liquid Hand Soap,Softsoap Liquid Hand Soap,"Softsoap Limited Edition Liquid Hand Soap, Pumpkin Harvest Scent","Celebrate fall with Softsoap Limited Edition Liquid Hand Soap in Pumpkin Harvest scent. As the #1 liquid hand soap brand*, this seasonally designed bottle brings warming comfort to your daily handwashing. The playful fragrance captures delightful notes of fresh-picked pumpkin and warm autumnal spices; perfect for fall gatherings. Our soap washes away bacteria to keep hands clean and fresh. This bathroom hand soap or kitchen hand soap comes in a pump bottle for easy handwashing. An orange hand so",n.a.,332 ml,Liquid,n.a.,21744186,Real Canadian Superstore,https://www.realcanadiansuperstore.ca/limited-edition-liquid-hand-soap-pumpkin-harvest-s/p/21744186_EA,Retailer listing,High,2026-08-31
CL-CA-SOFTSOAP-0627,Canada,Softsoap,Personal Care,Liquid Hand Soap,Softsoap Liquid Hand Soap,"Softsoap Liquid Hand Soap Pump, Aquarium Series","Bask in the light scent of Softsoap Liquid Hand Soap, Aquarium Series. Wash away dirt and bacteria with this hand wash for good hand hygiene (health care agencies recommend washing hands in warm water for at least 20 seconds to wash away dirt and bacteria). This fresh formula features your favorite fish. Tested by dermatologists, this hand soap formula retains skin's natural moisture. This soap is perfect for the bathroom and kitchen. Enjoy the delightful and clean fragrance of Softsoap Aquarium",n.a.,221 ml,Liquid,n.a.,21073173,Real Canadian Superstore,https://www.realcanadiansuperstore.ca/liquid-hand-soap-pump-aquarium-series/p/21073173_EA,Retailer listing,High,2026-08-31
CL-CA-SOFTSOAP-0628,Canada,Softsoap,Personal Care,Liquid Hand Soap,Softsoap Liquid Hand Soap,"Softsoap Liquid Hand Soap Pump, Milk & Golden Honey","Softsoap Moisturizing Liquid Hand Soap, Milk and Golden Honey, leaves your hands feeling soft and smooth. This liquid hand soap is formulated with extracts of milk protein and sweet honey. Wash away dirt and bacteria with Softsoap liquid hand soap (health care agencies recommend washing hands in warm water for at least 20 seconds to wash away dirt and bacteria). Moisturizing Hand Soap That Leaves Hands Feeling Smooth and Soft Delightful Milk andGolden Honey Scented Soap Rich Lather Containing Mi",n.a.,221 ml,Liquid,n.a.,21166716,Real Canadian Superstore,https://www.realcanadiansuperstore.ca/liquid-hand-soap-pump-milk-golden-honey/p/21166716_EA,Retailer listing,High,2026-08-31
CL-CA-SOFTSOAP-0629,Canada,Softsoap,Personal Care,Liquid Hand Soap,Softsoap Liquid Hand Soap,"Softsoap Liquid Hand Soap Pump, Soothing Aloe Vera","Give your hands the soothing experience of Softsoap Moisturizing Liquid Hand Soap, Soothing Clean, with an aloe vera fresh scent to keep your hands feeling moisturized. Wash away dirt and bacteria with Softsoap liquid hand soap (health care agencies recommend washing hands in warm water for at least 20 seconds to wash away dirt and bacteria). Softsoap is America's #1 Liquid Hand Soap brand, trusted to clean your hands since 1975. Moisturizing Hand Soap That Leaves Hands Feeling Smooth and Soft A",Aloe,221 ml,Liquid,n.a.,21073176,Real Canadian Superstore,https://www.realcanadiansuperstore.ca/liquid-hand-soap-pump-soothing-aloe-vera/p/21073176_EA,Retailer listing,High,2026-08-31
CL-CA-SOFTSOAP-0630,Canada,Softsoap,Personal Care,Liquid Hand Soap,Softsoap Liquid Hand Soap,"Softsoap Liquid Hand Soap, Midnight Blooms Scent, Pump Bottle","Experience the luminous touch of clean with Softsoap Liquid Hand Soap, Midnight Blooms Scent. As the #1 liquid hand soap brand* Softsoap is proud to introduce a fragrance inspired by the beauty of nightfall. It features a rich jasmine accord with whispers of red fruits for added freshness, while warm woody, amber essence lingers for a bold, unique scent that elevates every wash. This scented hand soap also washes away bacteria, helping you and your family maintain clean hands with every wash. Th",n.a.,221 ml,Liquid,n.a.,21705089,Real Canadian Superstore,https://www.realcanadiansuperstore.ca/liquid-hand-soap-midnight-blooms-scent-pump-bottle/p/21705089_EA,Retailer listing,High,2026-08-31
CL-CA-SOFTSOAP-0631,Canada,Softsoap,Personal Care,Liquid Hand Soap,Softsoap Liquid Hand Soap,"Softsoap Liquid Hand Soap, Sweet Tangerine Scent, Pump Bottle","Brighten your day with the refreshing clean of Softsoap Liquid Hand Soap, Sweet Tangerine Scent. As the #1 liquid hand soap brand*, Softsoap is proud to introduce a fragrance inspired by the vibrant freshness of citrus fruit. This scented hand soap also washes away bacteria, helping you and your family maintain clean hands with every wash. *Based in part on data reported by Nielsen through its Market Track Service for the Liquid Hand Soap Category for the 52 week period ending 09/13/25, for the ",n.a.,221 ml,Liquid,n.a.,21704873,Real Canadian Superstore,https://www.realcanadiansuperstore.ca/liquid-hand-soap-sweet-tangerine-scent-pump-bottle/p/21704873_EA,Retailer listing,High,2026-08-31
CL-CA-SOFTSOAP-0632,Canada,Softsoap,Personal Care,Liquid Hand Soap,Softsoap Liquid Hand Soap,"Softsoap Moisturizing Liquid Hand Soap, Milk & Honey Scent","Keep your favorite Softsoap Moisturizing Liquid Hand Soap stocked and ready for use. As the #1 liquid hand soap brand (1), Softsoap delivers an uplifting experience with each use. Whether this soap is used in the kitchen or as a bathroom hand soap, you’ll love that this moisturizing soap leaves your hands feeling soft and smooth. This liquid hand soap is formulated with extracts of milk protein and sweet honey. (1) Based in part on data reported by Nielsen through its Market Track Service for th",Milk & Honey,1.47 l,Liquid,n.a.,21715577,Real Canadian Superstore,https://www.realcanadiansuperstore.ca/moisturizing-liquid-hand-soap-milk-honey-scent/p/21715577_EA,Retailer listing,High,2026-08-31
CL-CA-SOFTSOAP-0633,Canada,Softsoap,Personal Care,Liquid Hand Soap,Softsoap Liquid Hand Soap,"Softsoap Moisturizing Liquid Hand Soap, Warm Vanilla and Coconut Milk","Keep your favorite Softsoap Moisturizing Liquid Hand Soap stocked and ready for use. From the #1 liquid hand soap brand (1) comes a deeply moisturizing hand soap with a Warm Vanilla and Coconut Milk scent. This scented hand soap deeply moisturizes to hydrate dry skin, all while effectively washing away bacteria for clean and fresh hands. The creamy formula hydrates dry skin, leaving your hands feeling soft and smooth. (1) Based in part on data reported by Nielsen through its Market Track Service",Coconut,1.47 l,Liquid,n.a.,21715570,Real Canadian Superstore,https://www.realcanadiansuperstore.ca/moisturizing-liquid-hand-soap-warm-vanilla-and-coc/p/21715570_EA,Retailer listing,High,2026-08-31
CL-CA-SOFTSOAP-0634,Canada,Softsoap,Personal Care,Liquid Hand Soap,Softsoap Liquid Hand Soap,"Softsoap Moisturizing Liquid Hand Soap, Watermelon & Mint","From the #1 liquid hand soap brand* comes Softsoap Moisturizing Liquid Hand Soap in a Watermelon and Mint scent with Vitamin E and aloe. Perfect for families and households who prioritize both cleanliness and skincare, this hand soap washes away bacteria. The formula is paraben free and crafted without phthalates, and dermatologically tested. Softsoap offers premium hand care at an affordable price, making it an ideal choice for families. The convenient pump bottle is perfect for sinks throughou",Watermelon,332 ml,Liquid,n.a.,21351819,Real Canadian Superstore,https://www.realcanadiansuperstore.ca/moisturizing-liquid-hand-soap-watermelon-mint/p/21351819_EA,Retailer listing,High,2026-08-31
CL-CA-SOFTSOAP-0635,Canada,Softsoap,Personal Care,Liquid Hand Soap,Softsoap Liquid Hand Soap,"Softsoap Renewed Liquid Hand Soap, Plum & Jasmine Scent","Joy can be found in everyday moments with Softsoap’s Renewed Plum and Jasmine Scent Liquid Hand Soap. Enhanced with AromaLift fragrance technology designed to boost your mood. This purple hand soap features scents with essential oils, turning a simple task into a moment of happiness with every pump. Softsoap, Canada's #1 Liquid Hand Soap brand (1), has been trusted to clean hands since 1975. Our formula is pH balanced, is paraben free, and formulated without phthalates. (1) Based in part on data",n.a.,332 ml,Liquid,n.a.,21644886,Real Canadian Superstore,https://www.realcanadiansuperstore.ca/renewed-liquid-hand-soap-plum-jasmine-scent/p/21644886_EA,Retailer listing,High,2026-08-31
CL-CA-SPEEDSTICK-0636,Canada,Speed Stick,Personal Care,Deodorant / Antiperspirant,Speed Stick Irish Spring,Speed Stick Irish Spring Men's Antiperspirant Stick Original,n.a.,Original,n.a.,Stick / Solid,n.a.,195332,Well.ca,https://well.ca/products/speed-stick-irish-spring-mens_195332.html,Retailer listing,High,2026-08-31
CL-CA-SPEEDSTICK-0637,Canada,Speed Stick,Personal Care,Deodorant / Antiperspirant,Speed Stick Original,Speed Stick Antiperspirant Deodorant for Men Energy Scent,n.a.,n.a.,n.a.,Stick / Solid,n.a.,354353,Well.ca,https://well.ca/products/speed-stick-antiperspirant-deodorant_354353.html,Retailer listing,High,2026-08-31
CL-CA-SPEEDSTICK-0638,Canada,Speed Stick,Personal Care,Deodorant / Antiperspirant,Speed Stick Original,"Speed Stick Antiperspirant Deodorant for Men, Original Plus","Speed Stick Original Plus Antiperspirant Deodorant is powered by long‑lasting antiperspirant protection. This solid stick delivers 72 hour sweat and odor protection, so you stay fresh, dry, and confident from your morning to night. Engineered for comfort and control, the unique comfort guard applicator delivers a smooth, precise glide and even coverage every time. Whether you’re conquering the office, hitting the gym, or heading out after hours, Speed Stick keeps you covered with premium perform",Original,85 g,Stick / Solid,n.a.,21241018,Real Canadian Superstore,https://www.realcanadiansuperstore.ca/antiperspirant-deodorant-for-men-original-plus/p/21241018_EA,Retailer listing,High,2026-08-31
CL-CA-SPEEDSTICK-0639,Canada,Speed Stick,Personal Care,Deodorant / Antiperspirant,Speed Stick Original,Speed Stick Clear,n.a.,n.a.,n.a.,Stick / Solid,n.a.,25114,Well.ca,https://well.ca/products/speed-stick-clear_25114.html,Retailer listing,High,2026-08-31
CL-CA-SPEEDSTICK-0640,Canada,Speed Stick,Personal Care,Deodorant / Antiperspirant,Speed Stick Original,Speed Stick Deodorant Glacier,n.a.,n.a.,85 g,Stick / Solid,n.a.,21240803,Real Canadian Superstore,https://www.realcanadiansuperstore.ca/deodorant-glacier/p/21240803_EA,Retailer listing,High,2026-08-31
CL-CA-SPEEDSTICK-0641,Canada,Speed Stick,Personal Care,Deodorant / Antiperspirant,Speed Stick Original,Speed Stick Deodorant Ocean Surf,n.a.,Ocean,70 g,Stick / Solid,n.a.,21240866,Real Canadian Superstore,https://www.realcanadiansuperstore.ca/deodorant-ocean-surf/p/21240866_EA,Retailer listing,High,2026-08-31
CL-CA-SPEEDSTICK-0642,Canada,Speed Stick,Personal Care,Deodorant / Antiperspirant,Speed Stick Original,Speed Stick Glacier Clear Stick Deodorant,n.a.,n.a.,n.a.,Stick / Solid,n.a.,99798,Well.ca,https://well.ca/products/speed-stick-glacier-clear-stick_99798.html,Retailer listing,High,2026-08-31
CL-CA-SPEEDSTICK-0643,Canada,Speed Stick,Personal Care,Deodorant / Antiperspirant,Speed Stick Original,Speed Stick Invisible Antiperspirant Cool & Fresh,n.a.,n.a.,45 g,Stick / Solid,n.a.,21592044,Real Canadian Superstore,https://www.realcanadiansuperstore.ca/invisible-antiperspirant-cool-fresh/p/21592044_EA,Retailer listing,High,2026-08-31
CL-CA-SPEEDSTICK-0644,Canada,Speed Stick,Personal Care,Deodorant / Antiperspirant,Speed Stick Original,"Speed Stick Men'S Deodorant, Ocean Surf","It’s time to be your own man in a world where the old patterns, rules and stages of progression are being redefined. Achieving your dreams takes courage when it counts. Feel clean, masculine and confident with Speed Stick Deodorant for Men, Ocean Surf scent. Odor fighting formula that provides 24 hour freshness for maximum confidence. Includes comfort guard applicator for comfort and control. Men's Deodorant with Odor Fighting Formula that Provides 24 Hour Freshness for maximum confidence Feel c",Ocean,2x85.0 g,Stick / Solid,n.a.,20847100,Real Canadian Superstore,https://www.realcanadiansuperstore.ca/men-s-deodorant-ocean-surf/p/20847100_EA,Retailer listing,High,2026-08-31
CL-CA-SPEEDSTICK-0645,Canada,Speed Stick,Personal Care,Deodorant / Antiperspirant,Speed Stick Original,"Speed Stick Men'S Deodorant, Sport","It’s time to be your own man in a world where the old patterns, rules and stages of progression are being redefined. Achieving your dreams takes courage when it counts. Feel clean, masculine and confident with Speed Stick Deodorant for Men, Active Fresh scent. Odor fighting formula that provides 24 hour freshness for maximum confidence. Includes comfort guard applicator for comfort and control. Men's Deodorant with Odor Fighting Formula that Provides 24 Hour Freshness for maximum confidence Feel",n.a.,85 g,Stick / Solid,n.a.,20846473,Real Canadian Superstore,https://www.realcanadiansuperstore.ca/men-s-deodorant-sport/p/20846473_EA,Retailer listing,High,2026-08-31
CL-CA-SPEEDSTICK-0646,Canada,Speed Stick,Personal Care,Deodorant / Antiperspirant,Speed Stick Original,Speed Stick Men's Deodorant Ocean Surf,n.a.,Ocean,n.a.,Stick / Solid,n.a.,317612,Well.ca,https://well.ca/products/speed-stick-mens-deodorant-ocean_317612.html,Retailer listing,High,2026-08-31
CL-CA-SPEEDSTICK-0647,Canada,Speed Stick,Personal Care,Deodorant / Antiperspirant,Speed Stick Original,Speed Stick Men's Deodorant Original Clear,n.a.,Original,n.a.,Stick / Solid,n.a.,317613,Well.ca,https://well.ca/products/speed-stick-mens-deodorant-original_317613.html,Retailer listing,High,2026-08-31
CL-CA-SPEEDSTICK-0648,Canada,Speed Stick,Personal Care,Deodorant / Antiperspirant,Speed Stick Original,Speed Stick Men's Deodorant Stick Ocean Surf,n.a.,Ocean,n.a.,Stick / Solid,n.a.,195337,Well.ca,https://well.ca/products/speed-stick-mens-deodorant-stick_195337.html,Retailer listing,High,2026-08-31
CL-CA-SPEEDSTICK-0649,Canada,Speed Stick,Personal Care,Deodorant / Antiperspirant,Speed Stick Original,Speed Stick Men's Deodorant Stick Original,n.a.,Original,n.a.,Stick / Solid,n.a.,195336,Well.ca,https://well.ca/products/speed-stick-mens-deodorant-stick_195336.html,Retailer listing,High,2026-08-31
CL-CA-SPEEDSTICK-0650,Canada,Speed Stick,Personal Care,Deodorant / Antiperspirant,Speed Stick Original,"Speed Stick Men's Deodorant, Fresh","It’s time to be your own man in a world where the old patterns, rules and stages of progression are being redefined. Achieving your dreams takes courage when it counts. Feel clean, masculine and confident with Speed Stick Deodorant for Men, Active Fresh scent. Odor fighting formula that provides 24 hour freshness for maximum confidence. Includes comfort guard applicator for comfort and control. Men's Deodorant with Odor Fighting Formula that Provides 24 Hour Freshness for maximum confidence Feel",n.a.,85 g,Stick / Solid,n.a.,20075919002,Real Canadian Superstore,https://www.realcanadiansuperstore.ca/men-s-deodorant-fresh/p/20075919002_EA,Retailer listing,High,2026-08-31
CL-CA-SPEEDSTICK-0651,Canada,Speed Stick,Personal Care,Deodorant / Antiperspirant,Speed Stick Original,"Speed Stick Men's Deodorant, Ocean Surf","It’s time to be your own man in a world where the old patterns, rules and stages of progression are being redefined. Achieving your dreams takes courage when it counts. Feel clean, masculine and confident with Speed Stick Deodorant for Men, Ocean Surf scent. Odour fighting formula that provides 24 hour freshness for maximum confidence. Includes comfort guard applicator for comfort and control. Men's Deodorant with Odour Fighting Formula that Provides 24 Hour Freshness for maximum confidence Feel",Ocean,85 g,Stick / Solid,n.a.,20847071,Real Canadian Superstore,https://www.realcanadiansuperstore.ca/men-s-deodorant-ocean-surf/p/20847071_EA,Retailer listing,High,2026-08-31
CL-CA-SPEEDSTICK-0652,Canada,Speed Stick,Personal Care,Deodorant / Antiperspirant,Speed Stick Original,"Speed Stick Men's Deodorant, Original","It’s time to be your own man in a world where the old patterns, rules and stages of progression are being redefined. Achieving your dreams takes courage when it counts. Speed Stick Original Deodorant for Men leaves you feeling cool, clean, and refreshed all day long. Provides 24 hour odor protection. Men's Deodorant with Odor Fighting Formula that Provides 24 Hour Freshness for maximum confidence Feel clean, masculine and confident Aluminum Free Includes guard applicator for comfort and control",Original,70 g,Stick / Solid,n.a.,20145312002,Real Canadian Superstore,https://www.realcanadiansuperstore.ca/men-s-deodorant-original/p/20145312002_EA,Retailer listing,High,2026-08-31
CL-CA-SPEEDSTICK-0653,Canada,Speed Stick,Personal Care,Deodorant / Antiperspirant,Speed Stick Original,"Speed Stick Men's Deodorant, Original","It’s time to be your own man in a world where the old patterns, rules and stages of progression are being redefined. Achieving your dreams takes courage when it counts. Speed Stick Original Deodorant for Men leaves you feeling cool, clean, and refreshed all day long. Provides 24 hour odour protection. Men's Deodorant with Odour Fighting Formula that Provides 24 Hour Freshness for maximum confidence Feel clean, masculine and confident Aluminum Free Includes guard applicator for comfort and contro",Original,85 g,Stick / Solid,n.a.,20846061,Real Canadian Superstore,https://www.realcanadiansuperstore.ca/men-s-deodorant-original/p/20846061_EA,Retailer listing,High,2026-08-31
CL-CA-SPEEDSTICK-0654,Canada,Speed Stick,Personal Care,Deodorant / Antiperspirant,Speed Stick Original,Speed Stick Original Deodorant,n.a.,Original,n.a.,Stick / Solid,n.a.,26816,Well.ca,https://well.ca/products/speed-stick-original-deodorant_26816.html,Retailer listing,High,2026-08-31
CL-CA-SPEEDSTICK-0655,Canada,Speed Stick,Personal Care,Deodorant / Antiperspirant,Speed Stick Original,Speed Stick Plus Original Antiperspirant,n.a.,Original,n.a.,Stick / Solid,n.a.,99846,Well.ca,https://well.ca/products/speed-stick-plus-original_99846.html,Retailer listing,High,2026-08-31
CL-CA-SPEEDSTICK-0656,Canada,Speed Stick,Personal Care,Deodorant / Antiperspirant,Speed Stick Power,"Speed Stick Power Antiperspirant Deodorant for Men, Unscented","Speed Stick Power Antiperspirant Deodorant is unscented and designed to keep you protected throughout your day. Powered by long‑lasting antiperspirant protection, this solid stick delivers 72 hour sweat and odor protection, so you stay fresh, dry, and confident from your morning to night. Engineered for comfort and control, the unique comfort guard applicator delivers a smooth, precise glide and even coverage every time. Whether you’re conquering the office, hitting the gym, or heading out after",Unscented,85 g,Stick / Solid,n.a.,20436867002,Real Canadian Superstore,https://www.realcanadiansuperstore.ca/power-antiperspirant-deodorant-for-men-unscented/p/20436867002_EA,Retailer listing,High,2026-08-31
CL-CA-SPEEDSTICK-0657,Canada,Speed Stick,Personal Care,Deodorant / Antiperspirant,Speed Stick Power,Speed Stick Power Antiperspirant Sport,n.a.,n.a.,85 g,Stick / Solid,n.a.,20436867001,Real Canadian Superstore,https://www.realcanadiansuperstore.ca/power-antiperspirant-sport/p/20436867001_EA,Retailer listing,High,2026-08-31
CL-CA-SPEEDSTICK-0658,Canada,Speed Stick,Personal Care,Deodorant / Antiperspirant,Speed Stick Power,Speed Stick Power Men's Antiperspirant Stick Ultimate Sport,n.a.,n.a.,n.a.,Stick / Solid,n.a.,195324,Well.ca,https://well.ca/products/speed-stick-power-mens_195324.html,Retailer listing,High,2026-08-31
CL-CA-SPEEDSTICK-0659,Canada,Speed Stick,Personal Care,Deodorant / Antiperspirant,Speed Stick Power,Speed Stick Power Men's Antiperspirant Stick Unscented,n.a.,Unscented,n.a.,Stick / Solid,n.a.,195325,Well.ca,https://well.ca/products/speed-stick-power-mens_195325.html,Retailer listing,High,2026-08-31
CL-CA-TOMSOFMAINE-0660,Canada,Tom's of Maine,Toothpaste,Toothpaste,Tom's of Maine,Tom S Of Maine Whiten Plus Deep Clean Whitening Toothpaste Peppermint 113 G,Walmart Canada retailer listing.,Peppermint,113 g,Paste / Gel,n.a.,Walmart.ca item 6000208903367,Walmart Canada,https://www.walmart.ca/en/ip/Tom-s-of-Maine-Whiten-Plus-Deep-Clean-Whitening-Toothpaste-Peppermint-113-g/6000208903367,Retailer listing,High,2026-08-31
CL-CA-TOMSOFMAINE-0661,Canada,Tom's of Maine,Mouthwash & Rinse,Mouthwash / rinse,Tom's of Maine,Tom's Of Maine Refreshing Mint Sea Salt Mouthwash,Well.ca retailer listing (Canada).,Mint,n.a.,Liquid Rinse,n.a.,Well.ca sku 181551,Well.ca,https://well.ca/products/toms-of-maine-refreshing-mint-sea_181551.html,Retailer listing,High,2026-08-31
CL-CA-TOMSOFMAINE-0662,Canada,Tom's of Maine,Toothpaste,Toothpaste,Tom's of Maine,Tom's of Maine Toddler Training Toothpaste Mild Fruit,Well.ca retailer listing (Canada).,n.a.,n.a.,Paste / Gel,n.a.,Well.ca sku 120406,Well.ca,https://well.ca/products/toms-of-maine-toddler-training_120406.html,Retailer listing,High,2026-08-31
CL-CA-TOMSOFMAINE-0663,Canada,Tom's of Maine,Personal Care,Deodorant / Antiperspirant,Tom's of Maine Antiperspirant,Cucumber Aloe Antiperspirant,"Tom's of Maine Cucumber Aloe Antiperspirant is an aluminum-free natural underarm deodorant for men and women that offers odor and wetness protection. It is dermatologist tested, made with aloe vera, and free from artificial fragrances, dyes, preservatives, and baking soda.",Cucumber,92 g,Stick / Solid,n.a.,n.a.,brand site,https://www.tomsofmaine.ca/en-ca/products/deodorant-antiperspirant/antiperspirant/cucumber-aloe,Brand site,Medium,2026-08-31
CL-CA-TOMSOFMAINE-0664,Canada,Tom's of Maine,Personal Care,Deodorant / Antiperspirant,Tom's of Maine Antiperspirant,North Woods Antiperspirant,"One 92g Tom’s of Maine North Woods Antiperspirant for men and women, it's for everyone. Underarm antiperspirant for everyone offers extra effective 48 hour sweat and odor protection keeping you feeling fresh and confident all day long. Cucumber aloe scent give you all-day freshness. Our natural deodorant is dermatologist tested, made with aloe vera, and free from artificial fragrances, dyes, preservatives and baking soda. This vegan deodorant is not tested on animals",n.a.,92 g,Stick / Solid,n.a.,n.a.,tomsofmaine.ca,https://www.tomsofmaine.ca/en-ca/products/deodorant-antiperspirant/antiperspirant/north-woods-antiperspirant,Brand site,Medium,2026-08-31
CL-CA-TOMSOFMAINE-0665,Canada,Tom's of Maine,Personal Care,Deodorant / Antiperspirant,Tom's of Maine Antiperspirant,Tom's of Maine North Woods Antiperspirant for Men & Women,"Tom’s of Maine North Woods Antiperspirant is crafted for men and women seeking reliable 48-hour odor and sweat protection. Experience a green herbal blend with cypress, lavender, and cedar scent notes every time you apply. The formula is vegan, baking soda free, and paraben free, with no artificial fragrances, dyes, or preservatives; making it perfect for everyday use. Like all Tom’s of Maine products, it is not tested on animals. Our stick antiperspirant delivers long-lasting protection for act",n.a.,92 g,Stick / Solid,n.a.,21586807,Real Canadian Superstore,https://www.realcanadiansuperstore.ca/north-woods-antiperspirant-for-men-women/p/21586807_EA,Retailer listing,High,2026-08-31
CL-CA-TOMSOFMAINE-0666,Canada,Tom's of Maine,Personal Care,Deodorant / Antiperspirant,Tom's of Maine Antiperspirant,Tom's of Maine Tropical Island Antiperspirant for Men and Women,"Tom’s of Maine Tropical Island Antiperspirant is crafted for men and women seeking reliable 48-hour odor and sweat protection. Experience a sun-kissed paradise of pineapple, coconut, and mango breezing through palm trees every time you apply. The formula is vegan, baking soda free, and paraben free, with no dyes, or preservatives; making it perfect for everyday use. Made with no artificial fragrances, our stick antiperspirant delivers long-lasting protection for active lifestyles and everyday ro",n.a.,92 g,Stick / Solid,n.a.,21705837,Real Canadian Superstore,https://www.realcanadiansuperstore.ca/tropical-island-antiperspirant-for-men-and-women/p/21705837_EA,Retailer listing,High,2026-08-31
CL-CA-TOMSOFMAINE-0667,Canada,Tom's of Maine,Personal Care,Deodorant / Antiperspirant,Tom's of Maine Antiperspirant,"Tom’s of Maine North Woods Antiperspirant for Men and Women, With Recycled Aluminum",Antiperspirant,n.a.,n.a.,Whitening Device / Strip,n.a.,n.a.,brand site,https://www.tomsofmaine.ca/en-ca/products/deodorant-antiperspirant/antiperspirant/tropical-island-antiperspirant,Brand site,Medium,2026-08-31
CL-CA-TOMSOFMAINE-0668,Canada,Tom's of Maine,Toothpaste,Toothpaste,Tom's of Maine Fluoride-Free,Tom S Of Maine Silly Strawberry Fluoride Free Kids Toothpaste 90Ml,Walmart Canada retailer listing.,Strawberry,90 mL,Paste / Gel,n.a.,Walmart.ca item 10186570,Walmart Canada,https://www.walmart.ca/en/ip/Tom-s-of-Maine-Silly-Strawberry-Fluoride-Free-Kids-Toothpaste-90mL/10186570,Retailer listing,High,2026-08-31
CL-CA-TOMSOFMAINE-0669,Canada,Tom's of Maine,Toothpaste,Toothpaste,Tom's of Maine Fluoride-Free,Tom S Of Maine Whiten Plus Coconut Oil Fluoride Free Toothpaste Mint 113 G,Walmart Canada retailer listing.,Coconut,113 g,Paste / Gel,n.a.,Walmart.ca item 6000208903839,Walmart Canada,https://www.walmart.ca/en/ip/Tom-s-of-Maine-Whiten-Plus-Coconut-Oil-Fluoride-Free-Toothpaste-Mint-113-G/6000208903839,Retailer listing,High,2026-08-31
CL-CA-TOMSOFMAINE-0670,Canada,Tom's of Maine,Mouthwash & Rinse,Mouthwash / rinse,Tom's of Maine Fluoride-Free,Tom S Of Maine Wicked Fresh Cool Mountain Mint Natural Fluoride Free Mouthwash,Walmart Canada retailer listing.,Mint,n.a.,Liquid Rinse,n.a.,Walmart.ca item 6000191809420,Walmart Canada,https://www.walmart.ca/en/ip/Tom-s-of-Maine-Wicked-Fresh-Cool-Mountain-Mint-Natural-Fluoride-Free-Mouthwash/6000191809420,Retailer listing,High,2026-08-31
CL-CA-TOMSOFMAINE-0671,Canada,Tom's of Maine,Toothpaste,Toothpaste,Tom's of Maine Fluoride-Free,Tom's of Maine Children's Fluoride-Free Toothpaste,Well.ca retailer listing (Canada).,n.a.,n.a.,Paste / Gel,n.a.,Well.ca sku 53483,Well.ca,https://well.ca/products/toms-of-maine-childrens_53483.html,Retailer listing,High,2026-08-31
CL-CA-TOMSOFMAINE-0672,Canada,Tom's of Maine,Toothpaste,Toothpaste,Tom's of Maine Fluoride-Free,Tom's of Maine Clean & Fresh Fluoride-Free Toothpaste,Well.ca retailer listing (Canada).,n.a.,n.a.,Paste / Gel,n.a.,Well.ca sku 14231,Well.ca,https://well.ca/products/toms-of-maine-clean-fresh_14231.html,Retailer listing,High,2026-08-31
CL-CA-TOMSOFMAINE-0673,Canada,Tom's of Maine,Toothpaste,Toothpaste,Tom's of Maine Kids,Tom's Of Maine Silly Strawberry Fluoride Toothpaste,Well.ca retailer listing (Canada).,Strawberry,n.a.,Paste / Gel,n.a.,Well.ca sku 181550,Well.ca,https://well.ca/products/toms-of-maine-silly-strawberry_181550.html,Retailer listing,High,2026-08-31
CL-CA-TOMSOFMAINE-0674,Canada,Tom's of Maine,Mouthwash & Rinse,Mouthwash / rinse,Tom's of Maine Kids,Tom's of Maine Wicked Fresh! Mouthwash,Well.ca retailer listing (Canada).,n.a.,n.a.,Liquid Rinse,n.a.,Well.ca sku 101646,Well.ca,https://well.ca/products/toms-of-maine-wicked-fresh_101646.html,Retailer listing,High,2026-08-31
CL-CA-TOMSOFMAINE-0675,Canada,Tom's of Maine,Toothpaste,Toothpaste,Tom's of Maine Natural,Tom's of Maine Whiten Plus Deep Clean Natural Whitening Toothpaste,Well.ca retailer listing (Canada).,n.a.,n.a.,Paste / Gel,n.a.,Well.ca sku 326049,Well.ca,https://well.ca/products/toms-of-maine-whiten-plus-deep_326049.html,Retailer listing,High,2026-08-31
CL-CA-TOMSOFMAINE-0676,Canada,Tom's of Maine,Personal Care,Bar Soap,Tom's of Maine Natural Bar Soap,Tom's of Maine Natural Bar Soap Creamy Coconut,"Help maintain your skin's natural moisture with this gentle cleansing soap. The natural formula creates a creamy lather to wash away impurities, leaving your skin feeling soft and smooth. Enjoy the warm and pleasant scent of creamy coconut with every wash for a refreshing clean.",Coconut,141 g,Bar,n.a.,21721162,Loblaws,https://www.loblaws.ca/natural-bar-soap-creamy-coconut/p/21721162_EA,Retailer listing,High,2026-08-31
CL-CA-TOMSOFMAINE-0677,Canada,Tom's of Maine,Personal Care,Bar Soap,Tom's of Maine Natural Bar Soap,Tom's of Maine Natural Bar Soap Fragrance Free Sensitive,"Enjoy a gentle cleanse with this soap designed for sensitive skin. The fragrance-free formula helps wash away impurities while maintaining your skin's natural moisture. It leaves your skin feeling clean and comfortable after every wash, making it a great choice for your daily routine.",Fragrance Free,141 g,Bar,n.a.,21733152,Loblaws,https://www.loblaws.ca/natural-bar-soap-fragrance-free-sensitive/p/21733152_EA,Retailer listing,High,2026-08-31
CL-CA-TOMSOFMAINE-0678,Canada,Tom's of Maine,Personal Care,Bar Soap,Tom's of Maine Natural Bar Soap,Tom's of Maine Natural Bar Soap Lavender & Shea,n.a.,Lavender,141 g,Bar,n.a.,21721171,Loblaws,https://www.loblaws.ca/natural-bar-soap-lavender-shea/p/21721171_EA,Retailer listing,High,2026-08-31
CL-CA-TOMSOFMAINE-0679,Canada,Tom's of Maine,Personal Care,Deodorant / Antiperspirant,Tom's of Maine Natural Deodorant,Mountain Spring Aluminum Free Natural Deodorant,"Tom’s of Maine natural deodorant is designed with inclusivity in mind, offering options for men, women, and really, it's for everyone, because feeling fresh and confident knows no gender boundaries. Our underarm deodorant stick provides effective odor and wetness protection, keeping you comfortable throughout the day. This natural deodorant features the captivating fragrance of mountain springs, providing a delightful scent for all. With the power of naturally sourced and derived, moisture-locki",n.a.,92g,Stick / Solid,n.a.,n.a.,tomsofmaine.ca,https://www.tomsofmaine.ca/en-ca/products/deodorant-antiperspirant/deodorant/mountain-spring,Brand site,Medium,2026-08-31
CL-CA-TOMSOFMAINE-0680,Canada,Tom's of Maine,Personal Care,Deodorant / Antiperspirant,Tom's of Maine Natural Deodorant,Rose Vanilla Aluminum Free Natural Deodorant,Deodorant,Vanilla,n.a.,Stick / Solid,n.a.,n.a.,tomsofmaine.ca,https://www.tomsofmaine.ca/en-ca/products/deodorant-antiperspirant/deodorant/unscented,Brand site,Medium,2026-08-31
CL-CA-TOMSOFMAINE-0681,Canada,Tom's of Maine,Personal Care,Deodorant / Antiperspirant,Tom's of Maine Natural Deodorant,Rose Vanilla Deodorant,"One 92g Tom's of Maine Rose Vanilla natural underarm deodorant for men and women, it's for everyone. Aluminum free deodorant with naturally sourced and derived, moisture-locking ingredients that offers odor and wetness protection.",Vanilla,92 g,Stick / Solid,n.a.,n.a.,brand site,https://www.tomsofmaine.ca/en-ca/products/deodorant-antiperspirant/deodorant/rose-vanilla,Brand site,Medium,2026-08-31
CL-CA-TOMSOFMAINE-0682,Canada,Tom's of Maine,Personal Care,Deodorant / Antiperspirant,Tom's of Maine Natural Deodorant,Tom's of Maine Deodorant Rose Vanilla Scent,n.a.,Vanilla,92 g,Stick / Solid,n.a.,21588824,Real Canadian Superstore,https://www.realcanadiansuperstore.ca/deodorant-rose-vanilla-scent/p/21588824_EA,Retailer listing,High,2026-08-31
CL-CA-TOMSOFMAINE-0683,Canada,Tom's of Maine,Personal Care,Deodorant / Antiperspirant,Tom's of Maine Natural Deodorant,"Tom's of Maine Evening Rain Natural Deodorant, Aluminum Free","Tom’s of Maine Evening Rain Deodorant is crafted for men and women seeking natural odor protection. This dermatologist tested, aluminum free deodorant uses naturally sourced and derived moisture locking ingredients for 48-hour odor protection. The formula is vegan, cruelty free, baking soda free, and paraben free, with no artificial fragrances, dyes, or preservatives; making it perfect for everyday use. Choose Tom’s of Maine for freshness and confidence every day, the natural way. *excluding lab",n.a.,92 g,Stick / Solid,n.a.,21705952,Real Canadian Superstore,https://www.realcanadiansuperstore.ca/evening-rain-natural-deodorant-aluminum-free/p/21705952_EA,Retailer listing,High,2026-08-31
CL-CA-TOMSOFMAINE-0684,Canada,Tom's of Maine,Personal Care,Deodorant / Antiperspirant,Tom's of Maine Natural Deodorant,Tom's of Maine Mountain Spring Natural Deodorant for Men,"Tom’s of Maine Mountain Spring Deodorant is crafted for men and women seeking natural odor protection. This dermatologist tested, aluminum free deodorant uses naturally sourced and derived moisture locking ingredients for 48-hour odor protection. The formula is vegan, cruelty free, baking soda free, and paraben free, with no artificial fragrances, dyes, or preservatives; making it perfect for everyday use. Choose Tom’s of Maine for freshness and confidence every day, the natural way. *excluding ",n.a.,92 g,Stick / Solid,n.a.,21587081,Real Canadian Superstore,https://www.realcanadiansuperstore.ca/mountain-spring-natural-deodorant-for-men/p/21587081_EA,Retailer listing,High,2026-08-31
CL-CA-TOMSOFMAINE-0685,Canada,Tom's of Maine,Personal Care,Deodorant / Antiperspirant,Tom's of Maine Natural Deodorant,Tom's of Maine Unscented Natural Deodorant for Women & Men,"Tom’s of Maine Unscented Deodorant is crafted for men and women seeking natural odor protection. This dermatologist tested, aluminum free deodorant uses naturally sourced and derived moisture locking ingredients for 48-hour odor protection. The formula is vegan, cruelty free, baking soda free, and paraben free, with no artificial fragrances, dyes, or preservatives; making it perfect for everyday use. Choose Tom’s of Maine for freshness and confidence every day, the natural way. *excluding label ",Unscented,92 g,Stick / Solid,n.a.,21587270,Real Canadian Superstore,https://www.realcanadiansuperstore.ca/unscented-natural-deodorant-for-women-men/p/21587270_EA,Retailer listing,High,2026-08-31
CL-CA-TOMSOFMAINE-0686,Canada,Tom's of Maine,Personal Care,Deodorant / Antiperspirant,Tom's of Maine Natural Deodorant,"Tom's of Maine Wild Lavender Natural Deodorant for Men and Women, Aluminum Free","Tom’s of Maine Wild Lavender Deodorant is crafted for men and women seeking natural odor protection. This dermatologist tested, aluminum free deodorant uses naturally sourced and derived moisture locking ingredients for 48-hour odor protection. The formula is vegan, cruelty free, baking soda free, and paraben free, with no artificial fragrances, dyes, or preservatives; making it perfect for everyday use. Choose Tom’s of Maine for freshness and confidence every day, the natural way. *excluding la",Lavender,92 g,Stick / Solid,n.a.,21674327,Real Canadian Superstore,https://www.realcanadiansuperstore.ca/wild-lavender-natural-deodorant-for-men-and-women/p/21674327_EA,Retailer listing,High,2026-08-31
CL-CA-TOMSOFMAINE-0687,Canada,Tom's of Maine,Personal Care,Deodorant / Antiperspirant,Tom's of Maine Natural Deodorant,"Tom’s of Maine Mountain Spring Natural Deodorant for Men and Women, Aluminum Free",Deodorant,n.a.,n.a.,Stick / Solid,n.a.,n.a.,tomsofmaine.ca,https://www.tomsofmaine.ca/en-ca/products/deodorant-antiperspirant/deodorant/north-woods,Brand site,Medium,2026-08-31
CL-CA-TOMSOFMAINE-0688,Canada,Tom's of Maine,Personal Care,Deodorant / Antiperspirant,Tom's of Maine Natural Deodorant,Wild Lavender Aluminum Free Natural Deodorant,"Embrace the refreshing, aromatic scent of Wild Lavender with Tom’s of Maine Natural Deodorant. Our stick deodorant is a breakthrough in odor and wetness protection, powered by naturally derived, moisture-locking ingredients that keep you feeling confident all day long. Designed for a smooth glide, our deodorant goes on clear and stays clear, ensuring a seamless application every time. Made with natural fragrance, it delivers a fresh lavender scent that uplifts your senses. Our formula is aluminu",Lavender,92g,Stick / Solid,n.a.,n.a.,tomsofmaine.ca,https://www.tomsofmaine.ca/en-ca/products/deodorant-antiperspirant/deodorant/wild-lavender,Brand site,Medium,2026-08-31
CL-CA-TOMSOFMAINE-0689,Canada,Tom's of Maine,Personal Care,Deodorant / Antiperspirant,Tom's of Maine Natural Deodorant,Wild Lavender Aluminum Free Natural Deodorant,"A natural stick deodorant with a refreshing Wild Lavender scent, providing odor and wetness protection with naturally derived, moisture-locking ingredients. It goes on clear and stays clear, and is aluminum-free, dermatologist tested, and free from artificial fragrances, dyes, preservatives, and baking soda.",Lavender,n.a.,Stick / Solid,n.a.,n.a.,brand site,https://www.tomsofmaine.ca/en-ca/products/deodorant-antiperspirant/deodorant/wild-lavender,Brand site,Medium,2026-08-31
CL-CA-TOMSOFMAINE-0690,Canada,Tom's of Maine,Toothpaste,Toothpaste,Tom's of Maine Rapid Relief Sensitive,Tom S Of Maine Rapid Relief Sensitive Toothpaste Fluoride Free Mint 76Ml,Walmart Canada retailer listing.,Mint,76 mL,Paste / Gel,n.a.,Walmart.ca item 6000197709394,Walmart Canada,https://www.walmart.ca/en/ip/Tom-s-of-Maine-Rapid-Relief-Sensitive-Toothpaste-Fluoride-Free-Mint-76mL/6000197709394,Retailer listing,High,2026-08-31
CL-CA-TOMSOFMAINE-0691,Canada,Tom's of Maine,Toothpaste,Toothpaste,Tom's of Maine Sensitive,Tom S Of Maine Sensitive Whitening Toothpaste Fluoride Free Calm Mint 76 Ml,Walmart Canada retailer listing.,Mint,76 mL,Paste / Gel,n.a.,Walmart.ca item 6000208092492,Walmart Canada,https://www.walmart.ca/en/ip/Tom-s-of-Maine-Sensitive-Whitening-Toothpaste-Fluoride-Free-Calm-Mint-76-ml/6000208092492,Retailer listing,High,2026-08-31
CL-CA-TOMSOFMAINE-0692,Canada,Tom's of Maine,Toothpaste,Toothpaste,Tom's of Maine Simply White,Tom S Of Maine Simply White Fluoride Free Toothpaste Peppermint 85Ml,Walmart Canada retailer listing.,Peppermint,85 mL,Paste / Gel,n.a.,Walmart.ca item 10185696,Walmart Canada,https://www.walmart.ca/en/ip/Tom-s-of-Maine-Simply-White-Fluoride-Free-Toothpaste-Peppermint-85mL/10185696,Retailer listing,High,2026-08-31
CL-CA-TOMSOFMAINE-0693,Canada,Tom's of Maine,Toothpaste,Toothpaste,Tom's of Maine Simply White,Tom's of Maine Simply White Fluoride-Free Natural Toothpaste Peppermint,Well.ca retailer listing (Canada).,Peppermint,n.a.,Paste / Gel,n.a.,Well.ca sku 6697,Well.ca,https://well.ca/products/toms-of-maine-simply-white_6697.html,Retailer listing,High,2026-08-31
CL-CA-TOMSOFMAINE-0694,Canada,Tom's of Maine,Toothpaste,Toothpaste,Tom's of Maine Whole Care,Tom S Of Maine Whole Care Natural Toothpaste With Fluoride Peppermint,Walmart Canada retailer listing.,Peppermint,n.a.,Paste / Gel,n.a.,Walmart.ca item 6000191809408,Walmart Canada,https://www.walmart.ca/en/ip/Tom-s-of-Maine-Whole-Care-Natural-Toothpaste-with-Fluoride-Peppermint/6000191809408,Retailer listing,High,2026-08-31
CL-CA-TOMSOFMAINE-0695,Canada,Tom's of Maine,Toothpaste,Toothpaste,Tom's of Maine Whole Care,Tom's of Maine Whole Care Fluoride Toothpaste,Well.ca retailer listing (Canada).,n.a.,n.a.,Paste / Gel,n.a.,Well.ca sku 34242,Well.ca,https://well.ca/products/toms-of-maine-whole-care-fluoride_34242.html,Retailer listing,High,2026-08-31
CL-CA-HELLO-0696,Canada,hello,Toothbrush,Manual toothbrush,hello,Hello Charcoal Manual Toothbrush,Voila.ca (Sobeys/Safeway Canada) retailer listing.,Charcoal,n.a.,Brush,n.a.,Voila article 642116EA,Voila.ca (Sobeys/Safeway Canada),https://voila.ca/products/hello-charcoal-manual-toothbrush/642116EA,Retailer listing,High,2026-08-31
CL-CA-HELLO-0697,Canada,hello,Toothpaste,Toothpaste,hello,Hello Kid Unicorn Sparkle Fluroide Toothpaste 88 Ml,Voila.ca (Sobeys/Safeway Canada) retailer listing.,n.a.,88 mL,Paste / Gel,n.a.,Voila article 642109EA,Voila.ca (Sobeys/Safeway Canada),https://voila.ca/products/hello-kid-unicorn-sparkle-fluroide-toothpaste-88-ml/642109EA,Retailer listing,High,2026-08-31
CL-CA-HELLO-0698,Canada,hello,Toothpaste,Toothpaste,hello,Hello Whipped Fluoride Toothpaste Mellow Mint Dream Flavour 82 Ml,Voila.ca (Sobeys/Safeway Canada) retailer listing.,Mint,82 mL,Paste / Gel,n.a.,Voila article 1397157EA,Voila.ca (Sobeys/Safeway Canada),https://voila.ca/products/hello-whipped-fluoride-toothpaste-mellow-mint-dream-flavour-82-ml/1397157EA,Retailer listing,High,2026-08-31
CL-CA-HELLO-0699,Canada,hello,Toothpaste,Toothpaste,hello,Hello Whipped Fluoride Toothpaste Peppermint Stick Flavour 82 Ml,Voila.ca (Sobeys/Safeway Canada) retailer listing.,Peppermint,82 mL,Paste / Gel,n.a.,Voila article 1396965EA,Voila.ca (Sobeys/Safeway Canada),https://voila.ca/products/hello-whipped-fluoride-toothpaste-peppermint-stick-flavour-82-ml/1396965EA,Retailer listing,High,2026-08-31
CL-CA-HELLO-0700,Canada,hello,Mouthwash & Rinse,Mouthwash / rinse,hello,hello Alcohol Free Mouthwash with Aloe Vera Clean Mint,Well.ca retailer listing (Canada).,Clean Mint,n.a.,Liquid Rinse,n.a.,Well.ca sku 354347,Well.ca,https://well.ca/products/hello-alcohol-free-mouthwash-with_354347.html,Retailer listing,High,2026-08-31
CL-CA-HELLO-0701,Canada,hello,Toothpaste,Toothpaste,hello,hello Whipped Fluoride Toothpaste Mellow Mint Dream,Well.ca retailer listing (Canada).,Mint,n.a.,Paste / Gel,n.a.,Well.ca sku 354346,Well.ca,https://well.ca/products/hello-whipped-fluoride-toothpaste_354346.html,Retailer listing,High,2026-08-31
CL-CA-HELLO-0702,Canada,hello,Toothpaste,Toothpaste,hello Activated Charcoal,Hello Activated Charcoal Fluoride Free Toothpaste,Well.ca retailer listing (Canada).,Charcoal,n.a.,Paste / Gel,n.a.,Well.ca sku 198402,Well.ca,https://well.ca/products/hello-activated-charcoal-fluoride_198402.html,Retailer listing,High,2026-08-31
CL-CA-HELLO-0703,Canada,hello,Toothpaste,Toothpaste,hello Activated Charcoal,Hello Toothpaste Fluoride Free Activated Charcoal 82 Ml,Voila.ca (Sobeys/Safeway Canada) retailer listing.,Charcoal,82 mL,Paste / Gel,n.a.,Voila article 642086EA,Voila.ca (Sobeys/Safeway Canada),https://voila.ca/products/hello-toothpaste-fluoride-free-activated-charcoal-82-ml/642086EA,Retailer listing,High,2026-08-31
CL-CA-HELLO-0704,Canada,hello,Toothpaste,Toothpaste,hello Fluoride-Free,Hello Fluoride Free Toothpaste Peppermint With Tea Tree Coconut Oil 98 Ml,Voila.ca (Sobeys/Safeway Canada) retailer listing.,Peppermint,98 mL,Paste / Gel,n.a.,Voila article 642084EA,Voila.ca (Sobeys/Safeway Canada),https://voila.ca/products/hello-fluoride-free-toothpaste-peppermint-with-tea-tree-coconut-oil-98-ml/642084EA,Retailer listing,High,2026-08-31
CL-CA-HELLO-0705,Canada,hello,Toothpaste,Toothpaste,hello Fluoride-Free,Hello Super Fresh Fluoride Free Toothpaste,Well.ca retailer listing (Canada).,n.a.,n.a.,Paste / Gel,n.a.,Well.ca sku 215654,Well.ca,https://well.ca/products/hello-super-fresh-fluoride-free_215654.html,Retailer listing,High,2026-08-31
CL-CA-HELLO-0706,Canada,hello,Toothpaste,Toothpaste,hello Kids,Hello Kids Fluoride Toothpaste Unicorn Sparkle Natural Bubble Gum,Well.ca retailer listing (Canada).,n.a.,n.a.,Paste / Gel,n.a.,Well.ca sku 304109,Well.ca,https://well.ca/products/hello-kids-fluoride-toothpaste_304109.html,Retailer listing,High,2026-08-31
CL-CA-HELLO-0707,Canada,hello,Toothpaste,Toothpaste,hello Kids,Hello Kids Toothpaste Fluoride Free Watermelon 88 Ml,Voila.ca (Sobeys/Safeway Canada) retailer listing.,Watermelon,88 mL,Paste / Gel,n.a.,Voila article 637619EA,Voila.ca (Sobeys/Safeway Canada),https://voila.ca/products/hello-kids-toothpaste-fluoride-free-watermelon-88-ml/637619EA,Retailer listing,High,2026-08-31
CL-CA-HELLO-0708,Canada,hello,Toothpaste,Toothpaste,hello Kids,Hello Watermelon All Ages Kids Fluoride Free Toothpaste,Well.ca retailer listing (Canada).,Watermelon,n.a.,Paste / Gel,n.a.,Well.ca sku 198401,Well.ca,https://well.ca/products/hello-watermelon-all-ages-kids_198401.html,Retailer listing,High,2026-08-31
CL-CA-HELLO-0709,Canada,hello,Toothpaste,Toothpaste,hello Sensitivity Relief,Hello See Ya Sensitivity Fluoride Toothpaste,Well.ca retailer listing (Canada).,n.a.,n.a.,Paste / Gel,n.a.,Well.ca sku 304110,Well.ca,https://well.ca/products/hello-see-ya-sensitivity-fluoride_304110.html,Retailer listing,High,2026-08-31
CL-CA-HELLO-0710,Canada,hello,Toothpaste,Toothpaste,hello Whitening,Hello Goodbye Plaque Hello Whitening Fluoride Free Toothpaste,Well.ca retailer listing (Canada).,n.a.,n.a.,Paste / Gel,n.a.,Well.ca sku 198400,Well.ca,https://well.ca/products/hello-goodbye-plaque-hello-whitening_198400.html,Retailer listing,High,2026-08-31
CL-CA-HELLO-0711,Canada,hello,Toothpaste,Toothpaste,hello Whitening,Hello Naturally Whitening Fluoride Toothpaste,Well.ca retailer listing (Canada).,n.a.,n.a.,Paste / Gel,n.a.,Well.ca sku 198399,Well.ca,https://well.ca/products/hello-naturally-whitening-fluoride_198399.html,Retailer listing,High,2026-08-31
CL-CA-HELLO-0712,Canada,hello,Toothpaste,Toothpaste,hello Whitening,Hello Naturally Whitening Fluoride Toothpaste 98 G,Voila.ca (Sobeys/Safeway Canada) retailer listing.,n.a.,98 g,Paste / Gel,n.a.,Voila article 642090EA,Voila.ca (Sobeys/Safeway Canada),https://voila.ca/products/hello-naturally-whitening-fluoride-toothpaste-98-g/642090EA,Retailer listing,High,2026-08-31
CL-CA-HELLO-0713,Canada,hello,Toothpaste,Toothpaste,hello Whitening,Hello Super Mega Whitening Toothpaste with Fluoride Peppermint,Well.ca retailer listing (Canada).,Peppermint,n.a.,Paste / Gel,n.a.,Well.ca sku 315091,Well.ca,https://well.ca/products/hello-super-mega-whitening_315091.html,Retailer listing,High,2026-08-31
CL-CA-HELLO-0714,Canada,hello,Toothpaste,Toothpaste,hello Whitening,Hello Toothpaste Whitening Tablets 60 Ea,Voila.ca (Sobeys/Safeway Canada) retailer listing.,n.a.,n.a.,Paste / Gel,n.a.,Voila article 642111EA,Voila.ca (Sobeys/Safeway Canada),https://voila.ca/products/hello-toothpaste-whitening-tablets-60-ea/642111EA,Retailer listing,High,2026-08-31
CL-USA-COLGATE-0715,USA,Colgate,Toothpaste,Fluoride toothpaste (OTC anticavity),Colgate (core),COLGATE 2IN1 ICY BLAST,"US FDA OTC drug listing. NDC 35000-927-81. Dosage form: GEL, DENTIFRICE. Package: 130 g in 1 BOTTLE (35000-927-81)",n.a.,130 g,Paste / Gel,n.a.,n.a.,n.a. (FDA NDC product listing),https://api.fda.gov/drug/ndc.json?search=labeler_name:%22Colgate%22&limit=100&skip=0,UPC database,Medium,2026-08-31
CL-USA-COLGATE-0716,USA,Colgate,Toothpaste,Fluoride toothpaste (OTC anticavity),Colgate (core),COLGATE 2IN1 WHITENING STAIN LIFTERS,"US FDA OTC drug listing. NDC 35000-907-81. Dosage form: GEL, DENTIFRICE. Package: 130 g in 1 BOTTLE (35000-907-81)",n.a.,130 g,Paste / Gel,n.a.,n.a.,n.a. (FDA NDC product listing),https://api.fda.gov/drug/ndc.json?search=labeler_name:%22Colgate%22&limit=100&skip=200,UPC database,Medium,2026-08-31
CL-USA-COLGATE-0717,USA,Colgate,Toothpaste,Fluoride toothpaste (OTC anticavity),Colgate (core),COLGATE Great Regular Flavor,"US FDA OTC drug listing. NDC 35000-913-69. Dosage form: PASTE, DENTIFRICE. Package: 1 TUBE in 1 CARTON (35000-913-69) / 113 g in 1 TUBE",n.a.,113 g,Paste / Gel,n.a.,n.a.,n.a. (FDA NDC product listing),https://api.fda.gov/drug/ndc.json?search=labeler_name:%22Colgate%22&limit=100&skip=0,UPC database,Medium,2026-08-31
CL-USA-COLGATE-0718,USA,Colgate,Toothpaste,Fluoride toothpaste (OTC anticavity),Colgate (core),COLGATE Great Regular Flavor,"US FDA OTC drug listing. NDC 35000-913-92. Dosage form: PASTE, DENTIFRICE. Package: 1 TUBE in 1 CARTON (35000-913-92) / 141 g in 1 TUBE",n.a.,141 g,Paste / Gel,n.a.,n.a.,n.a. (FDA NDC product listing),https://api.fda.gov/drug/ndc.json?search=labeler_name:%22Colgate%22&limit=100&skip=0,UPC database,Medium,2026-08-31
CL-USA-COLGATE-0719,USA,Colgate,Toothpaste,Fluoride toothpaste (OTC anticavity),Colgate (core),COLGATE Great Regular Flavor,"US FDA OTC drug listing. NDC 35000-913-30. Dosage form: PASTE, DENTIFRICE. Package: 3 TUBE in 1 CARTON (35000-913-30) / 170 g in 1 TUBE",n.a.,170 g,Paste / Gel,n.a.,n.a.,n.a. (FDA NDC product listing),https://api.fda.gov/drug/ndc.json?search=labeler_name:%22Colgate%22&limit=100&skip=0,UPC database,Medium,2026-08-31
CL-USA-COLGATE-0720,USA,Colgate,Toothpaste,Fluoride toothpaste (OTC anticavity),Colgate (core),COLGATE Great Regular Flavor,"US FDA OTC drug listing. NDC 35000-913-48. Dosage form: PASTE, DENTIFRICE. Package: 1 TUBE in 1 CARTON (35000-913-48) / 226 g in 1 TUBE",n.a.,226 g,Paste / Gel,n.a.,n.a.,n.a. (FDA NDC product listing),https://api.fda.gov/drug/ndc.json?search=labeler_name:%22Colgate%22&limit=100&skip=0,UPC database,Medium,2026-08-31
CL-USA-COLGATE-0721,USA,Colgate,Toothpaste,Fluoride toothpaste (OTC anticavity),Colgate (core),COLGATE Great Regular Flavor,"US FDA OTC drug listing. NDC 35000-913-20. Dosage form: PASTE, DENTIFRICE. Package: 24 g in 1 TUBE (35000-913-20)",n.a.,24 g,Paste / Gel,n.a.,n.a.,n.a. (FDA NDC product listing),https://api.fda.gov/drug/ndc.json?search=labeler_name:%22Colgate%22&limit=100&skip=0,UPC database,Medium,2026-08-31
CL-USA-COLGATE-0722,USA,Colgate,Toothpaste,Fluoride toothpaste (OTC anticavity),Colgate (core),COLGATE Great Regular Flavor,"US FDA OTC drug listing. NDC 35000-913-01. Dosage form: PASTE, DENTIFRICE. Package: 1 TUBE in 1 CARTON (35000-913-01) / 28 g in 1 TUBE",n.a.,28 g,Paste / Gel,n.a.,n.a.,n.a. (FDA NDC product listing),https://api.fda.gov/drug/ndc.json?search=labeler_name:%22Colgate%22&limit=100&skip=0,UPC database,Medium,2026-08-31
CL-USA-COLGATE-0723,USA,Colgate,Toothpaste,Fluoride toothpaste (OTC anticavity),Colgate (core),COLGATE Great Regular Flavor,"US FDA OTC drug listing. NDC 35000-913-04. Dosage form: PASTE, DENTIFRICE. Package: 4.25 g in 1 POUCH (35000-913-04)",n.a.,4.25 g,Paste / Gel,n.a.,n.a.,n.a. (FDA NDC product listing),https://api.fda.gov/drug/ndc.json?search=labeler_name:%22Colgate%22&limit=100&skip=0,UPC database,Medium,2026-08-31
CL-USA-COLGATE-0724,USA,Colgate,Toothpaste,Fluoride toothpaste (OTC anticavity),Colgate (core),COLGATE Great Regular Flavor,"US FDA OTC drug listing. NDC 35000-913-58. Dosage form: PASTE, DENTIFRICE. Package: 1 TUBE in 1 CARTON (35000-913-58) / 70 g in 1 TUBE",n.a.,70 g,Paste / Gel,n.a.,n.a.,n.a. (FDA NDC product listing),https://api.fda.gov/drug/ndc.json?search=labeler_name:%22Colgate%22&limit=100&skip=0,UPC database,Medium,2026-08-31
CL-USA-COLGATE-0725,USA,Colgate,Toothpaste,Fluoride toothpaste (OTC anticavity),Colgate (core),COLGATE KPOP DEMON HUNTERS BUBBLE POP,"US FDA OTC drug listing. NDC 35000-092-46. Dosage form: GEL, DENTIFRICE. Package: 130 g in 1 TUBE (35000-092-46)",n.a.,130 g,Paste / Gel,n.a.,n.a.,n.a. (FDA NDC product listing),https://api.fda.gov/drug/ndc.json?search=labeler_name:%22Colgate%22&limit=100&skip=0,UPC database,Medium,2026-08-31
CL-USA-COLGATE-0726,USA,Colgate,Toothpaste,Fluoride toothpaste (OTC anticavity),Colgate (core),COLGATE STRAWBERRY BURST,"US FDA OTC drug listing. NDC 35000-915-46. Dosage form: GEL, DENTIFRICE. Package: 130 g in 1 BOTTLE (35000-915-46)",Strawberry,130 g,Paste / Gel,n.a.,n.a.,n.a. (FDA NDC product listing),https://api.fda.gov/drug/ndc.json?search=labeler_name:%22Colgate%22&limit=100&skip=0,UPC database,Medium,2026-08-31
CL-USA-COLGATE-0727,USA,Colgate,Mouthwash & Rinse,Mouthwash / rinse,Colgate (core),Colgate 2 In 1 Fluoride Toothpaste And Mouthwash Whitening With Stain Lifters Liquid Gel 4.6 Oz,CVS.com retailer listing.,n.a.,6 oz,Paste / Gel,n.a.,prodid 1011427 / skuId 162498,CVS Pharmacy,https://www.cvs.com/shop/colgate-2-in-1-fluoride-toothpaste-and-mouthwash-whitening-with-stain-lifters-liquid-gel-4-6-oz-prodid-1011427?skuId=162498,Retailer listing,High,2026-08-31
CL-USA-COLGATE-0728,USA,Colgate,Mouthwash & Rinse,Mouthwash / rinse,Colgate (core),Colgate 2 In 1 Whitening Gel Toothpaste And Mouthwash 4.6 Oz,Target.com retailer listing.,n.a.,6 oz,Paste / Gel,n.a.,TCIN 14274191,Target,https://www.target.com/p/colgate-2-in-1-whitening-gel-toothpaste-and-mouthwash-4-6oz/-/A-14274191,Retailer listing,High,2026-08-31
CL-USA-COLGATE-0729,USA,Colgate,Mouthwash & Rinse,Mouthwash / rinse,Colgate (core),Colgate 2-in-1 Toothpaste and Mouthwash,"Colgate 2-in-1 Whitening Toothpaste Gel and Mouthwash fights cavities like toothpaste, freshens breath like mouthwash, and whitens teeth.",n.a.,n.a.,Paste / Gel,035000764102,n.a.,Colgate.com US (brand site),https://www.colgate.com/en-us/products/toothpaste/2-in-1-whitening,Brand site,Medium,2026-08-31
CL-USA-COLGATE-0730,USA,Colgate,Mouthwash & Rinse,Mouthwash / rinse,Colgate (core),"Colgate 2-in-1 Whitening Toothpaste Gel and Mouthwash, Icy Blast","Colgate 2-in-1 Whitening Toothpaste Gel and Mouthwash, with a great Icy Blast flavor, provides benefits from both toothpaste and mouthwash.",n.a.,n.a.,Paste / Gel,035000764164,n.a.,Colgate.com US (brand site),https://www.colgate.com/en-us/products/toothpaste/2-in-1-icy-blast,Brand site,Medium,2026-08-31
CL-USA-COLGATE-0731,USA,Colgate,Toothpaste,Fluoride toothpaste (OTC anticavity),Colgate (core),Colgate Anticavity,"US FDA OTC drug listing. NDC 42555-060-45. Dosage form: PASTE, DENTIFRICE. Package: 10 g in 1 TUBE (42555-060-45)",n.a.,10 g,Paste / Gel,n.a.,n.a.,n.a. (FDA NDC product listing),https://api.fda.gov/drug/ndc.json?search=labeler_name:%22Colgate%22&limit=100&skip=0,UPC database,Medium,2026-08-31
CL-USA-COLGATE-0732,USA,Colgate,Toothpaste,Fluoride toothpaste (OTC anticavity),Colgate (core),Colgate Anticavity,"US FDA OTC drug listing. NDC 42555-060-94. Dosage form: PASTE, DENTIFRICE. Package: 5 g in 1 TUBE (42555-060-94)",n.a.,5 g,Paste / Gel,n.a.,n.a.,n.a. (FDA NDC product listing),https://api.fda.gov/drug/ndc.json?search=labeler_name:%22Colgate%22&limit=100&skip=0,UPC database,Medium,2026-08-31
CL-USA-COLGATE-0733,USA,Colgate,Toothpaste,Fluoride toothpaste (OTC anticavity),Colgate (core),Colgate Deep Clean Fluoride,"US FDA OTC drug listing. NDC 35000-969-60. Dosage form: GEL, DENTIFRICE. Package: 1 TUBE in 1 CARTON (35000-969-60) / 170 g in 1 TUBE",n.a.,170 g,Paste / Gel,n.a.,n.a.,n.a. (FDA NDC product listing),https://api.fda.gov/drug/ndc.json?search=labeler_name:%22Colgate%22&limit=100&skip=0,UPC database,Medium,2026-08-31
CL-USA-COLGATE-0734,USA,Colgate,Toothpaste,Fluoride toothpaste (OTC anticavity),Colgate (core),Colgate Deep Clean Fluoride,"US FDA OTC drug listing. NDC 35000-969-58. Dosage form: GEL, DENTIFRICE. Package: 1 TUBE in 1 CARTON (35000-969-58) / 70 g in 1 TUBE",n.a.,70 g,Paste / Gel,n.a.,n.a.,n.a. (FDA NDC product listing),https://api.fda.gov/drug/ndc.json?search=labeler_name:%22Colgate%22&limit=100&skip=0,UPC database,Medium,2026-08-31
CL-USA-COLGATE-0735,USA,Colgate,Toothpaste,Toothpaste,Colgate (core),Colgate Deep Clean Whitening Toothpaste Brisk Mint 6 Oz,Dollar General retailer listing.,Mint,6 oz,Paste / Gel,n.a.,Dollar General item 35000511027,Dollar General,https://www.dollargeneral.com/p/colgate-deep-clean-whitening-toothpaste-brisk-mint-6-oz/35000511027,Retailer listing,High,2026-08-31
CL-USA-COLGATE-0736,USA,Colgate,Toothbrush,Electric / battery toothbrush,Colgate (core),Colgate Electric Toothbrush Black,Target.com retailer listing.,n.a.,n.a.,Brush,n.a.,TCIN 89382488,Target,https://www.target.com/p/colgate-electric-toothbrush-black/-/A-89382488,Retailer listing,High,2026-08-31
CL-USA-COLGATE-0737,USA,Colgate,Mouthwash & Rinse,Fluoride / therapeutic rinse,Colgate (core),Colgate Enamel Strength Mouthwash,US FDA OTC drug listing. NDC 35000-734-98. Dosage form: RINSE. Package: 500 mL in 1 BOTTLE (35000-734-98),n.a.,500 mL,Liquid Rinse,n.a.,n.a.,n.a. (FDA NDC product listing),https://api.fda.gov/drug/ndc.json?search=labeler_name:%22Colgate%22&limit=100&skip=100,UPC database,Medium,2026-08-31
CL-USA-COLGATE-0738,USA,Colgate,Whitening,Whitening pen / strips / kit,Colgate (core),Colgate Express Whitening Pen,Target.com retailer listing.,n.a.,n.a.,Whitening Device / Strip,n.a.,TCIN 89382485,Target,https://www.target.com/p/colgate-express-whitening-pen/-/A-89382485,Retailer listing,High,2026-08-31
CL-USA-COLGATE-0739,USA,Colgate,Toothbrush,Manual toothbrush,Colgate (core),Colgate Floss Tip Bristles Toothbrush Soft Bristle 1 Ct,CVS.com retailer listing.,n.a.,1 ct,Brush,n.a.,prodid 999678,CVS Pharmacy,https://www.cvs.com/shop/colgate-floss-tip-bristles-toothbrush-soft-bristle-1-ct-prodid-999678,Retailer listing,High,2026-08-31
CL-USA-COLGATE-0740,USA,Colgate,Toothbrush,Manual toothbrush,Colgate (core),Colgate Foaming Clean Toothbrush Medium Bristle 2 Ct,CVS.com retailer listing.,n.a.,2 ct,Brush,n.a.,prodid 609287,CVS Pharmacy,https://www.cvs.com/shop/colgate-foaming-clean-toothbrush-medium-bristle-2-ct-prodid-609287,Retailer listing,High,2026-08-31
CL-USA-COLGATE-0741,USA,Colgate,Toothbrush,Manual toothbrush,Colgate (core),Colgate Foaming Clean Toothbrush Soft Bristle 2 Ct,CVS.com retailer listing.,n.a.,2 ct,Brush,n.a.,prodid 609278,CVS Pharmacy,https://www.cvs.com/shop/colgate-foaming-clean-toothbrush-soft-bristle-2-ct-prodid-609278,Retailer listing,High,2026-08-31
CL-USA-COLGATE-0742,USA,Colgate,Toothbrush,Manual toothbrush,Colgate (core),Colgate Gum Expert Toothbrush Ultra Soft Bristle 2 Ct,CVS.com retailer listing.,n.a.,2 ct,Brush,n.a.,prodid 108204,CVS Pharmacy,https://www.cvs.com/shop/colgate-gum-expert-toothbrush-ultra-soft-bristle-2-ct-prodid-108204,Retailer listing,High,2026-08-31
CL-USA-COLGATE-0743,USA,Colgate,Toothbrush,Manual toothbrush,Colgate (core),Colgate Gum Expert Ultra Soft Gum Toothbrush 6 Pk,BJ's Wholesale Club retailer listing.,n.a.,6 ct,Brush,n.a.,BJ's article 3000000000005665759,BJ's Wholesale Club,https://www.bjs.com/product/colgate-gum-expert-ultra-soft-gum-toothbrush-6-pk/3000000000005665759/,Retailer listing,High,2026-08-31
CL-USA-COLGATE-0744,USA,Colgate,Mouthwash & Rinse,Mouthwash / rinse,Colgate (core),Colgate Mouthwash,Open barcode database record (barcode 8714789917146); brands field: Colgate.,n.a.,n.a.,Liquid Rinse,8714789917146,n.a.,n.a. (open barcode database),"https://world.openbeautyfacts.org/api/v2/search?brands_tags=colgate&countries_tags=en%3Aunited-states&fields=code,product_name,generic_name,brands,quantity,categories_tags,product_quantity,labels_tags,url&page_size=100&page=1",UPC database,Medium,2026-08-31
CL-USA-COLGATE-0745,USA,Colgate,Toothpaste,Fluoride toothpaste (OTC anticavity),Colgate (core),Colgate Revitalizing White,"US FDA OTC drug listing. NDC 35000-017-46. Dosage form: PASTE, DENTIFRICE. Package: 1 TUBE in 1 CARTON (35000-017-46) / 130 g in 1 TUBE",n.a.,130 g,Paste / Gel,n.a.,n.a.,n.a. (FDA NDC product listing),https://api.fda.gov/drug/ndc.json?search=labeler_name:%22Colgate%22&limit=100&skip=0,UPC database,Medium,2026-08-31
CL-USA-COLGATE-0746,USA,Colgate,Toothbrush,Electric / battery toothbrush,Colgate (core),Colgate Sonic Electric Toothbrush Soft,Target.com retailer listing.,n.a.,n.a.,Brush,n.a.,TCIN 94823738,Target,https://www.target.com/p/colgate-sonic-electric-toothbrush-soft/-/A-94823738,Retailer listing,High,2026-08-31
CL-USA-COLGATE-0747,USA,Colgate,Toothpaste,Toothpaste,Colgate (core),Colgate Stain Fighter Clean Mint Toothpaste 3.8 Oz,Target.com retailer listing.,Clean Mint,8 oz,Paste / Gel,n.a.,TCIN 94823713,Target,https://www.target.com/p/colgate-stain-fighter-clean-mint-toothpaste-3-8oz/-/A-94823713,Retailer listing,High,2026-08-31
CL-USA-COLGATE-0748,USA,Colgate,Toothpaste,Toothpaste,Colgate (core),Colgate Toothpaste,Open barcode database record (barcode 0035000991911); brands field: Colgate.,n.a.,n.a.,Paste / Gel,035000991911,n.a.,n.a. (open barcode database),"https://world.openbeautyfacts.org/api/v2/search?brands_tags=colgate&countries_tags=en%3Aunited-states&fields=code,product_name,generic_name,brands,quantity,categories_tags,product_quantity,labels_tags,url&page_size=100&page=1",UPC database,Medium,2026-08-31
CL-USA-COLGATE-0749,USA,Colgate,Toothbrush,Manual toothbrush,Colgate (core),Colgate Travel Toothbrush In Foldable Compact Size With Cover Soft Trial Size,Target.com retailer listing.,n.a.,n.a.,Brush,n.a.,TCIN 14777821,Target,https://www.target.com/p/colgate-travel-toothbrush-in-foldable-compact-size-with-cover-soft-trial-size/-/A-14777821,Retailer listing,High,2026-08-31
CL-USA-COLGATE-0750,USA,Colgate,Toothbrush,Manual toothbrush,Colgate (core),Colgate Travel Toothbrush Soft 1 Count,Dollar General retailer listing.,n.a.,1 ct,Brush,n.a.,Dollar General item 35000553706,Dollar General,https://www.dollargeneral.com/p/colgate-travel-toothbrush-soft-1-count/35000553706,Retailer listing,High,2026-08-31
CL-USA-COLGATE-0751,USA,Colgate,Toothpaste,Toothpaste,Colgate (core),Colgate Whiting Gel Toothpaste,Sam's Club retailer listing.,n.a.,n.a.,Paste / Gel,n.a.,Sam's Club item 13865524624,Sam's Club,https://www.samsclub.com/ip/colgate-whiting-gel-toothpaste/13865524624,Retailer listing,High,2026-08-31
CL-USA-COLGATE-0752,USA,Colgate,Toothbrush,Manual toothbrush,Colgate (core),Rexall Travel Toothbrush With Colgate Toothpaste 0 85 Oz,Dollar General retailer listing.,n.a.,85 oz,Paste / Gel,n.a.,Dollar General item 71031192514,Dollar General,https://www.dollargeneral.com/p/rexall-travel-toothbrush-with-colgate-toothpaste-0-85-oz/71031192514,Retailer listing,High,2026-08-31
CL-USA-COLGATE-0753,USA,Colgate,Toothpaste,Fluoride toothpaste (OTC anticavity),Colgate (core),TP COL OW Purple,"US FDA OTC drug listing. NDC 35000-419-71. Dosage form: PASTE, DENTIFRICE. Package: 1 TUBE in 1 CARTON (35000-419-71) / 119 g in 1 TUBE",n.a.,119 g,Paste / Gel,n.a.,n.a.,n.a. (FDA NDC product listing),https://api.fda.gov/drug/ndc.json?search=labeler_name:%22Colgate%22&limit=100&skip=100,UPC database,Medium,2026-08-31
CL-USA-COLGATE-0754,USA,Colgate,Toothpaste,Fluoride toothpaste (OTC anticavity),Colgate (core),TP OW Pro Series Stain Prevention,"US FDA OTC drug listing. NDC 35000-939-63. Dosage form: PASTE, DENTIFRICE. Package: 1 TUBE in 1 CARTON (35000-939-63) / 85 g in 1 TUBE",n.a.,85 g,Paste / Gel,n.a.,n.a.,n.a. (FDA NDC product listing),https://api.fda.gov/drug/ndc.json?search=labeler_name:%22Colgate%22&limit=100&skip=0,UPC database,Medium,2026-08-31
CL-USA-COLGATE-0755,USA,Colgate,Toothpaste,Fluoride toothpaste (OTC anticavity),Colgate (core),TP OW Pro Series Stain Prevention,"US FDA OTC drug listing. NDC 35000-939-62. Dosage form: PASTE, DENTIFRICE. Package: 2 TUBE in 1 CARTON (35000-939-62) / 88 g in 1 TUBE",n.a.,88 g,Paste / Gel,n.a.,n.a.,n.a. (FDA NDC product listing),https://api.fda.gov/drug/ndc.json?search=labeler_name:%22Colgate%22&limit=100&skip=0,UPC database,Medium,2026-08-31
CL-USA-COLGATE-0756,USA,Colgate,Toothpaste,Fluoride toothpaste (OTC anticavity),Colgate (core),TP OW Pro Series Vividly Fresh,"US FDA OTC drug listing. NDC 35000-940-63. Dosage form: PASTE, DENTIFRICE. Package: 1 TUBE in 1 CARTON (35000-940-63) / 85 g in 1 TUBE",n.a.,85 g,Paste / Gel,n.a.,n.a.,n.a. (FDA NDC product listing),https://api.fda.gov/drug/ndc.json?search=labeler_name:%22Colgate%22&limit=100&skip=0,UPC database,Medium,2026-08-31
CL-USA-COLGATE-0757,USA,Colgate,Toothpaste,Fluoride toothpaste (OTC anticavity),Colgate (core),TP OW Stainfighter Clean Mint,"US FDA OTC drug listing. NDC 35000-999-34. Dosage form: PASTE, DENTIFRICE. Package: 1 TUBE in 1 CARTON (35000-999-34) / 170 g in 1 TUBE",Clean Mint,170 g,Paste / Gel,n.a.,n.a.,n.a. (FDA NDC product listing),https://api.fda.gov/drug/ndc.json?search=labeler_name:%22Colgate%22&limit=100&skip=0,UPC database,Medium,2026-08-31
CL-USA-COLGATE-0758,USA,Colgate,Toothbrush,Manual toothbrush,Colgate 360,Colgate 360 Advanced Floss Tip Medium Bristles toothbrush for adults,"The Colgate 360 Advanced Medium Floss-Tip Bristles manual toothbrush provides a 4X deeper reach between teeth and along the gum line (compared to an ordinary flat trim toothbrush), cleans teeth, tongue, cheeks, & gums, and removes odor-causing bacteria.",n.a.,n.a.,Brush,035000972200,n.a.,Colgate.com US (brand site),https://www.colgate.com/en-us/products/toothbrush/360-advanced-floss-tip-medium-2pack,Brand site,Medium,2026-08-31
CL-USA-COLGATE-0759,USA,Colgate,Toothbrush,Manual toothbrush,Colgate 360,"Colgate 360 Advanced Whitening Medium Toothbrushes, Manual Toothbrush Pack",A whiter smile begins with your first brushing using the Colgate 360 Advanced Whitening Adult Medium Toothbrush Pack.,n.a.,n.a.,Brush,827854030874,n.a.,Colgate.com US (brand site),https://www.colgate.com/en-us/products/toothbrush/360-advanced-whitening-medium-6pack,Brand site,Medium,2026-08-31
CL-USA-COLGATE-0760,USA,Colgate,Toothbrush,Manual toothbrush,Colgate 360,Colgate 360 Advanced Whitening Toothbrush Pack Soft Adult Toothbrushes 2 Pack,Dollar General retailer listing.,n.a.,2 ct,Brush,n.a.,Dollar General item 35000688729,Dollar General,https://www.dollargeneral.com/p/colgate-360-advanced-whitening-toothbrush-pack-soft-adult-toothbrushes-2-pack/35000688729,Retailer listing,High,2026-08-31
CL-USA-COLGATE-0761,USA,Colgate,Toothbrush,Electric / battery toothbrush,Colgate 360,Colgate 360 Charcoal Sonic Powered Vibrating Toothbrush Soft 1Ct,Target.com retailer listing.,Charcoal,1 ct,Brush,n.a.,TCIN 80129861,Target,https://www.target.com/p/colgate-360-charcoal-sonic-powered-vibrating-toothbrush-soft-1ct/-/A-80129861,Retailer listing,High,2026-08-31
CL-USA-COLGATE-0762,USA,Colgate,Toothbrush,Manual toothbrush,Colgate 360,Colgate 360 Charcoal Toothbrush Slimmer Tip Soft Bristles,Colgate 360 charcoal-infused bristles cleans 2x deeper along the gum line than flat trim toothbrushes.,Charcoal,n.a.,Brush,035000470881,n.a.,Colgate.com US (brand site),https://www.colgate.com/en-us/products/toothbrush/360-charcoal,Brand site,High,2026-08-31
CL-USA-COLGATE-0763,USA,Colgate,Toothbrush,Replacement brush heads,Colgate 360,Colgate 360 Deep Clean Battery Powered Toothbrush Refill Heads,"The Colgate 360 Floss Tip Sonic Refill Pack comes with two replaceable brush heads. The compact brush head includes Floss Tip† bristles and polishing cups to remove surface stains, and a cheek & tongue cleaner that removes odor-causing bacteria. †does not replace flossing",n.a.,n.a.,Brush,035000983954,n.a.,Colgate.com US (brand site),https://www.colgate.com/en-us/products/toothbrush/360-floss-tip-refills,Brand site,Medium,2026-08-31
CL-USA-COLGATE-0764,USA,Colgate,Toothbrush,Manual toothbrush,Colgate 360,Colgate 360 Deep Clean Toothbrush Pack Medium Adult Toothbrushes 2 Pack,Dollar General retailer listing.,n.a.,2 ct,Brush,n.a.,Dollar General item 35000687838,Dollar General,https://www.dollargeneral.com/p/colgate-360-deep-clean-toothbrush-pack-medium-adult-toothbrushes-2-pack/35000687838,Retailer listing,High,2026-08-31
CL-USA-COLGATE-0765,USA,Colgate,Toothbrush,Manual toothbrush,Colgate 360,Colgate 360 Deep Clean Toothbrush Pack Soft Adult Toothbrushes 2 Pack,Dollar General retailer listing.,n.a.,2 ct,Brush,n.a.,Dollar General item 35000687821,Dollar General,https://www.dollargeneral.com/p/colgate-360-deep-clean-toothbrush-pack-soft-adult-toothbrushes-2-pack/35000687821,Retailer listing,High,2026-08-31
CL-USA-COLGATE-0766,USA,Colgate,Toothbrush,Manual toothbrush,Colgate 360,Colgate 360 Floss Tip Toothbrush Medium Adult Toothbrush 1 Pack,Dollar General retailer listing.,n.a.,1 ct,Brush,n.a.,Dollar General item 35000680549,Dollar General,https://www.dollargeneral.com/p/colgate-360-floss-tip-toothbrush-medium-adult-toothbrush-1-pack/35000680549,Retailer listing,High,2026-08-31
CL-USA-COLGATE-0767,USA,Colgate,Toothbrush,Manual toothbrush,Colgate 360,Colgate 360 Floss Tip Toothbrush Soft Adult Toothbrush 1 Pack,Dollar General retailer listing.,n.a.,1 ct,Brush,n.a.,Dollar General item 35000680532,Dollar General,https://www.dollargeneral.com/p/colgate-360-floss-tip-toothbrush-soft-adult-toothbrush-1-pack/35000680532,Retailer listing,High,2026-08-31
CL-USA-COLGATE-0768,USA,Colgate,Toothbrush,Electric / battery toothbrush,Colgate 360,Colgate 360 Gum Health Sonic Powered Battery Toothbrush,The Colgate 360 Gum Health sonic powered toothbrush with extra soft bristles gently cleans teeth and massages gums. Try it today!,n.a.,n.a.,Brush,035000980977,n.a.,Colgate.com US (brand site),https://www.colgate.com/en-us/products/toothbrush/360-gum-health-sonic-power,Brand site,Medium,2026-08-31
CL-USA-COLGATE-0769,USA,Colgate,Toothbrush,Electric / battery toothbrush,Colgate 360,Colgate 360 Power Charcoal Battery Toothbrush,Colgate 360 Charcoal sonic powered toothbrush with antibacterial bristles helps prevent bacteria growth on bristles. Try it today!,Charcoal,n.a.,Brush,035000980892,n.a.,Colgate.com US (brand site),https://www.colgate.com/en-us/products/toothbrush/360-charcoal-sonic-powered,Brand site,Medium,2026-08-31
CL-USA-COLGATE-0770,USA,Colgate,Toothbrush,Electric / battery toothbrush,Colgate 360,Colgate 360 Power Deep Clean Battery Toothbrush,Listed on Colgate brand site product carousel with barcode 035000980854,n.a.,n.a.,Brush,035000980854,n.a.,Colgate.com US (brand site),https://www.colgate.com/en-us/products/toothbrush/360-floss-tip-sonic-powered,Brand site,Medium,2026-08-31
CL-USA-COLGATE-0771,USA,Colgate,Toothbrush,Electric / battery toothbrush,Colgate 360,Colgate 360 Power Deep Clean Sonic Adult Battery Powered Electric Toothbrush Soft 1 Aa Battery Included,Dollar General retailer listing.,n.a.,n.a.,Brush,n.a.,Dollar General item 35000980854,Dollar General,https://www.dollargeneral.com/p/colgate-360-power-deep-clean-sonic-adult-battery-powered-electric-toothbrush-soft-1-aa-battery-included/35000980854,Retailer listing,High,2026-08-31
CL-USA-COLGATE-0772,USA,Colgate,Toothbrush,Manual toothbrush,Colgate 360,Colgate 360 Toothbrush With Tongue And Cheek Cleaner,CVS.com retailer listing.,n.a.,n.a.,Brush,n.a.,prodid 1011357 / skuId 342707,CVS Pharmacy,https://www.cvs.com/shop/colgate-360-toothbrush-with-tongue-and-cheek-cleaner-prodid-1011357?skuId=342707,Retailer listing,High,2026-08-31
CL-USA-COLGATE-0773,USA,Colgate,Toothbrush,Manual toothbrush,Colgate 360,Colgate 360 Toothbrush With Tongue And Cheek Cleaner Medium 4Ct,Target.com retailer listing.,n.a.,4 ct,Brush,n.a.,TCIN 82827119,Target,https://www.target.com/p/colgate-360-toothbrush-with-tongue-and-cheek-cleaner-medium-4ct/-/A-82827119,Retailer listing,High,2026-08-31
CL-USA-COLGATE-0774,USA,Colgate,Toothbrush,Electric / battery toothbrush,Colgate 360,Colgate 360 Vibrate Deep Clean Battery Powered Electric Toothbrush With Soft Bristles 1 Pack,Dollar General retailer listing.,n.a.,1 ct,Brush,n.a.,Dollar General item 58000140707,Dollar General,https://www.dollargeneral.com/p/colgate-360-vibrate-deep-clean-battery-powered-electric-toothbrush-with-soft-bristles-1-pack/58000140707,Retailer listing,High,2026-08-31
CL-USA-COLGATE-0775,USA,Colgate,Toothbrush,Electric / battery toothbrush,Colgate 360,"Colgate 360 Vibrate Deep Clean Battery Powered Electric Toothbrush, Medium",The Colgate 360 Vibrate Deep Clean Battery Toothbrush Pack comes with 2 adult toothbrushes and combines the power of a battery powered electric toothbrush with the familiarity of a manual toothbrush head for an effective teeth cleaning experience.,n.a.,n.a.,Brush,827854019961,n.a.,Colgate.com US (brand site),https://www.colgate.com/en-us/products/toothbrush/360-vibrate-deep-clean-battery-toothbrush-medium-2pk,Brand site,Medium,2026-08-31
CL-USA-COLGATE-0776,USA,Colgate,Toothbrush,Electric / battery toothbrush,Colgate 360,Colgate 360 Vibrate Whitening Battery Powered Electric Toothbrush With Soft Bristles 1 Pack,Dollar General retailer listing.,n.a.,1 ct,Brush,n.a.,Dollar General item 58000140714,Dollar General,https://www.dollargeneral.com/p/colgate-360-vibrate-whitening-battery-powered-electric-toothbrush-with-soft-bristles-1-pack/58000140714,Retailer listing,High,2026-08-31
CL-USA-COLGATE-0777,USA,Colgate,Toothbrush,Manual toothbrush,Colgate 360,"Colgate 360 Whitening Manual Toothbrush Soft, 4 pk",The Colgate 360 Whitening Soft Adult Manual Toothbrush is an adult manual toothbrush made for easy brushing. This soft toothbrush is designed with whitening cups to remove teeth stains and special polishing soft bristles to whiten teeth.,n.a.,4 ct,Brush,035000687685,n.a.,Colgate.com US (brand site),https://www.colgate.com/en-us/products/toothbrush/360-whitening-soft-4pack,Brand site,Medium,2026-08-31
CL-USA-COLGATE-0778,USA,Colgate,Toothbrush,Manual toothbrush,Colgate 360,Colgate 360 Whole Mouth Clean Manual Toothbrush Adult Soft Toothbrushes 8 Pk,BJ's Wholesale Club retailer listing.,n.a.,8 ct,Brush,n.a.,BJ's article 279509,BJ's Wholesale Club,https://www.bjs.com/product/colgate-360-whole-mouth-clean-manual-toothbrush-adult-soft-toothbrushes-8-pk/279509/,Retailer listing,High,2026-08-31
CL-USA-COLGATE-0779,USA,Colgate,Toothbrush,Manual toothbrush,Colgate 360,Colgate 360 Whole Mouth Clean Toothbrush Soft Bristles 4 Ct,CVS.com retailer listing.,n.a.,4 ct,Brush,n.a.,prodid 470587,CVS Pharmacy,https://www.cvs.com/shop/colgate-360-whole-mouth-clean-toothbrush-soft-bristles-4-ct-prodid-470587,Retailer listing,High,2026-08-31
CL-USA-COLGATE-0780,USA,Colgate,Toothbrush,Manual toothbrush,Colgate 360,Colgate 360 Whole Mouth Deep Clean Toothbrushes Soft 8 Ct,Sam's Club retailer listing.,n.a.,8 ct,Brush,n.a.,Sam's Club item 13599513698,Sam's Club,https://www.samsclub.com/ip/colgate-360-whole-mouth-deep-clean-toothbrushes-soft-8-ct/13599513698,Retailer listing,High,2026-08-31
CL-USA-COLGATE-0781,USA,Colgate,Toothbrush,Manual toothbrush,Colgate 360,"Colgate 360° Advanced Floss-Tip Bristles Adult Toothbrush, Medium, 1 Pack",The Colgate 360° Floss-Tip Toothbrush* features medium Floss-Tip* bristles that gently reach deep between teeth and along the gumline to provide a deep clean.,n.a.,1 ct,Brush,035000972194,n.a.,Colgate.com US (brand site),https://www.colgate.com/en-us/products/toothbrush/360-advanced-floss-tip-medium,Brand site,Medium,2026-08-31
CL-USA-COLGATE-0782,USA,Colgate,Toothbrush,Manual toothbrush,Colgate 360,"Colgate 360° Advanced Floss-Tip Bristles Toothbrush, Soft","The Colgate 360° Advanced Floss-Tip Bristles manual toothbrush provides 4 times deeper reach, cleans teeth, tongue, cheeks, and gums, and removes odor causing bacteria. The purple-ended floss-tip bristles gently reach deep between teeth and along the gum line.",n.a.,n.a.,Brush,035000972187,n.a.,Colgate.com US (brand site),https://www.colgate.com/en-us/products/toothbrush/360-total-advanced-floss-tip,Brand site,Medium,2026-08-31
CL-USA-COLGATE-0783,USA,Colgate,Toothbrush,Manual toothbrush,Colgate 360,"Colgate 360° Advanced Whitening Toothbrush, Medium Adult Toothbrush, 1 Pack",A whiter smile begins with your first brushing with the Colgate 360° Advanced Whitening Adult Medium Toothbrush.,n.a.,n.a.,Brush,035000454607,n.a.,Colgate.com US (brand site),https://www.colgate.com/en-us/products/toothbrush/360-advanced-whitening,Brand site,High,2026-08-31
CL-USA-COLGATE-0784,USA,Colgate,Toothbrush,Manual toothbrush,Colgate 360,"Colgate 360° Advanced Whitening Toothbrush, Soft Adult Toothbrush, 1 Pack","The Colgate 360° Advanced Optic White soft manual toothbrush features an advanced multi-action bristle design (vs. an ordinary flat trim toothbrush), polishing bristles to remove teeth stains, and an innovative cheek & tongue cleaner design to remove bacteria from teeth, tongue, cheeks, and gums.",n.a.,1 ct,Brush,035000454591,n.a.,Colgate.com US (brand site),https://www.colgate.com/en-us/products/toothbrush/360-whitening-soft,Brand site,High,2026-08-31
CL-USA-COLGATE-0785,USA,Colgate,Toothbrush,Manual toothbrush,Colgate 360,"Colgate 360° Deep Clean Toothbrush, Medium Adult Toothbrush, 1 Pack",The Colgate 360° Deep Clean Toothbrush with Medium Bristles helps remove surface stains while providing a deep clean.,n.a.,1 ct,Brush,035000688187,n.a.,Colgate.com US (brand site),https://www.colgate.com/en-us/products/toothbrush/360-deep-clean-toothbrush,Brand site,Medium,2026-08-31
CL-USA-COLGATE-0786,USA,Colgate,Toothbrush,Manual toothbrush,Colgate 360,"Colgate 360° Toothbrush with Tongue and Cheek Cleaner, Soft",Listed on Colgate brand site product carousel with barcode 035000688170,n.a.,n.a.,Brush,035000688170,n.a.,Colgate.com US (brand site),https://www.colgate.com/en-us/products/toothbrush/colgate-360-toothbrush,Brand site,Medium,2026-08-31
CL-USA-COLGATE-0787,USA,Colgate,Toothbrush,Electric / battery toothbrush,Colgate 360,"Colgate 360° Vibrate Whitening Battery Powered Electric Toothbrush, Medium, 2 Pack",Listed on Colgate brand site product carousel with barcode 827854034940,n.a.,2 ct,Brush,827854034940,n.a.,Colgate.com US (brand site),https://www.colgate.com/en-us/products/toothbrush/colgate-360-whitening-medium-sonic-powered,Brand site,Medium,2026-08-31
CL-USA-COLGATE-0788,USA,Colgate,Toothbrush,Electric / battery toothbrush,Colgate 360,"Colgate 360° Vibrate Whitening Battery Powered Electric Toothbrush, Medium, 2 Pack",The Colgate 360° Vibrate Whitening Battery Toothbrush Pack combines the power of a battery powered electric toothbrush with the familiarity of a manual toothbrush head for a refreshing teeth cleaning experience.,n.a.,n.a.,Brush,n.a.,n.a.,Colgate.com US (brand site),https://www.colgate.com/en-us/products/toothbrush/colgate-360-whitening-medium-sonic-powered,Brand site,Medium,2026-08-31
CL-USA-COLGATE-0789,USA,Colgate,Toothbrush,Manual toothbrush,Colgate 360,"Colgate 360° Whitening Toothbrush, Medium Adult Toothbrush, 1 Pack",Help remove surface stains with the Colgate 360° Whitening Toothbrush. This medium bristled toothbrush includes whitening polishing cups to remove surface stains and spiral bristles that help clean hard-to-reach places.,n.a.,1 ct,Brush,035000680464,n.a.,Colgate.com US (brand site),https://www.colgate.com/en-us/products/toothbrush/360-whitening-medium-toothbrush,Brand site,Medium,2026-08-31
CL-USA-COLGATE-0790,USA,Colgate,Toothbrush,Manual toothbrush,Colgate 360,"Colgate 360° Whitening Toothbrush, Soft Adult Toothbrush, 1 Pack",Help remove surface stains with the Colgate 360° Whitening Toothbrush. This soft bristled toothbrush includes whitening polishing cups to remove surface stains and spiral bristles that help clean hard-to-reach places.,n.a.,1 ct,Brush,035000680457,n.a.,Colgate.com US (brand site),https://www.colgate.com/en-us/products/toothbrush/360-whitening-soft-toothbrush,Brand site,Medium,2026-08-31
CL-USA-COLGATE-0791,USA,Colgate,Toothbrush,Electric / battery toothbrush,Colgate 360,Colgate 360⁰ Vibrate Charcoal Battery Powered Electric Toothbrush,The Colgate 360⁰ Charcoal Sonic Powered Toothbrush with vibrating bristles provides a healthier whole mouth clean and removes more bacteria vs. brushing teeth alone with an ordinary flat-trim toothbrush.,Charcoal,n.a.,Brush,035000983992,n.a.,Colgate.com US (brand site),https://www.colgate.com/en-us/products/toothbrush/360-vibrate-charcoal-battery-operated-toothbrush-soft,Brand site,Medium,2026-08-31
CL-USA-COLGATE-0792,USA,Colgate,Toothbrush,Electric / battery toothbrush,Colgate 360,Colgate 360⁰ Vibrate Whitening Battery Powered Electric Toothbrush,"The Colgate 360° Optic White Sonic Power toothbrush has 2X whitening action by whitening teeth in 2 ways. This powered toothbrush lets you activate 2, sonic strokes per minutes with the simple touch of a button and includes a tongue and cheek cleaner. Battery is included.",n.a.,n.a.,Brush,058000140714,n.a.,Colgate.com US (brand site),https://www.colgate.com/en-us/products/toothbrush/360-ow-sonic-power,Brand site,Medium,2026-08-31
CL-USA-COLGATE-0793,USA,Colgate,Toothpaste,Fluoride toothpaste (OTC anticavity),Colgate Baking Soda & Peroxide,COLGATE BAKING SODA AND PEROXIDE WHITENING OXYGEN BUBBLES FROSTY MINT,"US FDA OTC drug listing. NDC 35000-960-69. Dosage form: PASTE, DENTIFRICE. Package: 1 TUBE in 1 CARTON (35000-960-69) / 113 g in 1 TUBE",Mint,113 g,Paste / Gel,n.a.,n.a.,n.a. (FDA NDC product listing),https://api.fda.gov/drug/ndc.json?search=labeler_name:%22Colgate%22&limit=100&skip=0,UPC database,Medium,2026-08-31
CL-USA-COLGATE-0794,USA,Colgate,Toothpaste,Fluoride toothpaste (OTC anticavity),Colgate Baking Soda & Peroxide,COLGATE BAKING SODA AND PEROXIDE WHITENING OXYGEN BUBBLES FROSTY MINT,"US FDA OTC drug listing. NDC 35000-960-35. Dosage form: PASTE, DENTIFRICE. Package: 3 TUBE in 1 CARTON (35000-960-35) / 170 g in 1 TUBE",Mint,170 g,Paste / Gel,n.a.,n.a.,n.a. (FDA NDC product listing),https://api.fda.gov/drug/ndc.json?search=labeler_name:%22Colgate%22&limit=100&skip=0,UPC database,Medium,2026-08-31
CL-USA-COLGATE-0795,USA,Colgate,Toothpaste,Fluoride toothpaste (OTC anticavity),Colgate Baking Soda & Peroxide,COLGATE Baking Soda and Peroxide Whitening Brisk Mint,"US FDA OTC drug listing. NDC 35000-959-69. Dosage form: PASTE, DENTIFRICE. Package: 1 TUBE in 1 CARTON (35000-959-69) / 113 g in 1 TUBE",Mint,113 g,Paste / Gel,n.a.,n.a.,n.a. (FDA NDC product listing),https://api.fda.gov/drug/ndc.json?search=labeler_name:%22Colgate%22&limit=100&skip=0,UPC database,Medium,2026-08-31
CL-USA-COLGATE-0796,USA,Colgate,Toothpaste,Fluoride toothpaste (OTC anticavity),Colgate Baking Soda & Peroxide,COLGATE Baking Soda and Peroxide Whitening Brisk Mint,"US FDA OTC drug listing. NDC 35000-959-92. Dosage form: PASTE, DENTIFRICE. Package: 1 TUBE in 1 CARTON (35000-959-92) / 141 g in 1 TUBE",Mint,141 g,Paste / Gel,n.a.,n.a.,n.a. (FDA NDC product listing),https://api.fda.gov/drug/ndc.json?search=labeler_name:%22Colgate%22&limit=100&skip=0,UPC database,Medium,2026-08-31
CL-USA-COLGATE-0797,USA,Colgate,Toothpaste,Fluoride toothpaste (OTC anticavity),Colgate Baking Soda & Peroxide,COLGATE Baking Soda and Peroxide Whitening Brisk Mint,"US FDA OTC drug listing. NDC 35000-959-35. Dosage form: PASTE, DENTIFRICE. Package: 3 TUBE in 1 CARTON (35000-959-35) / 170 g in 1 TUBE",Mint,170 g,Paste / Gel,n.a.,n.a.,n.a. (FDA NDC product listing),https://api.fda.gov/drug/ndc.json?search=labeler_name:%22Colgate%22&limit=100&skip=0,UPC database,Medium,2026-08-31
CL-USA-COLGATE-0798,USA,Colgate,Toothpaste,Fluoride toothpaste (OTC anticavity),Colgate Baking Soda & Peroxide,COLGATE Baking Soda and Peroxide Whitening Brisk Mint,"US FDA OTC drug listing. NDC 35000-959-48. Dosage form: PASTE, DENTIFRICE. Package: 1 TUBE in 1 CARTON (35000-959-48) / 226 g in 1 TUBE",Mint,226 g,Paste / Gel,n.a.,n.a.,n.a. (FDA NDC product listing),https://api.fda.gov/drug/ndc.json?search=labeler_name:%22Colgate%22&limit=100&skip=0,UPC database,Medium,2026-08-31
CL-USA-COLGATE-0799,USA,Colgate,Toothpaste,Fluoride toothpaste (OTC anticavity),Colgate Baking Soda & Peroxide,COLGATE Baking Soda and Peroxide Whitening Brisk Mint,"US FDA OTC drug listing. NDC 35000-959-58. Dosage form: PASTE, DENTIFRICE. Package: 1 TUBE in 1 CARTON (35000-959-58) / 70 g in 1 TUBE",Mint,70 g,Paste / Gel,n.a.,n.a.,n.a. (FDA NDC product listing),https://api.fda.gov/drug/ndc.json?search=labeler_name:%22Colgate%22&limit=100&skip=0,UPC database,Medium,2026-08-31
CL-USA-COLGATE-0800,USA,Colgate,Toothpaste,Toothpaste,Colgate Baking Soda & Peroxide,Colgate Baking Soda And Peroxide Whitening Toothpaste 8 Oz 5 Pk,Sam's Club retailer listing.,n.a.,"8 oz, 5 ct",Paste / Gel,n.a.,Sam's Club item 19332468254,Sam's Club,https://www.samsclub.com/ip/colgate-baking-soda-and-peroxide-whitening-toothpaste-8-oz-5-pk/19332468254,Retailer listing,High,2026-08-31
CL-USA-COLGATE-0801,USA,Colgate,Toothpaste,Toothpaste,Colgate Baking Soda & Peroxide,Colgate Baking Soda And Peroxide Whitening Toothpaste Brisk Mint 2.5 Oz,Dollar General retailer listing.,Mint,5 oz,Paste / Gel,n.a.,Dollar General item 35000511065,Dollar General,https://www.dollargeneral.com/p/colgate-baking-soda-and-peroxide-whitening-toothpaste-brisk-mint-2-5-oz/35000511065,Retailer listing,High,2026-08-31
CL-USA-COLGATE-0802,USA,Colgate,Toothpaste,Toothpaste,Colgate Baking Soda & Peroxide,Colgate Baking Soda And Peroxide Whitening Toothpaste Brisk Mint 3 Pack 6 Oz,Dollar General retailer listing.,Mint,"6 oz, 3 ct",Paste / Gel,n.a.,Dollar General item 35000469458,Dollar General,https://www.dollargeneral.com/p/colgate-baking-soda-and-peroxide-whitening-toothpaste-brisk-mint-3-pack-6-oz/35000469458,Retailer listing,High,2026-08-31
CL-USA-COLGATE-0803,USA,Colgate,Toothpaste,Toothpaste,Colgate Baking Soda & Peroxide,Colgate Baking Soda And Peroxide Whitening Toothpaste Brisk Mint 4 Oz,CVS.com retailer listing.,Mint,4 oz,Paste / Gel,n.a.,prodid 727563,CVS Pharmacy,https://www.cvs.com/shop/colgate-baking-soda-and-peroxide-whitening-toothpaste-brisk-mint-4-oz-prodid-727563,Retailer listing,High,2026-08-31
CL-USA-COLGATE-0804,USA,Colgate,Toothpaste,Toothpaste,Colgate Baking Soda & Peroxide,Colgate Baking Soda And Peroxide Whitening Toothpaste Brisk Mint 5 Pk8 Oz,BJ's Wholesale Club retailer listing.,Mint,8 oz,Paste / Gel,n.a.,BJ's article 3000000000000496618,BJ's Wholesale Club,https://www.bjs.com/product/colgate-baking-soda-and-peroxide-whitening-toothpaste-brisk-mint-5-pk8-oz/3000000000000496618/,Retailer listing,High,2026-08-31
CL-USA-COLGATE-0805,USA,Colgate,Toothpaste,Toothpaste,Colgate Baking Soda & Peroxide,Colgate Baking Soda And Peroxide Whitening Toothpaste Brisk Mint 6 Oz,Dollar General retailer listing.,Mint,6 oz,Paste / Gel,n.a.,Dollar General item 35000510877,Dollar General,https://www.dollargeneral.com/p/colgate-baking-soda-and-peroxide-whitening-toothpaste-brisk-mint-6-oz/35000510877,Retailer listing,High,2026-08-31
CL-USA-COLGATE-0806,USA,Colgate,Toothpaste,Toothpaste,Colgate Baking Soda & Peroxide,Colgate Baking Soda And Peroxide Whitening Toothpaste Brisk Mint 6 Oz 3 Pack,CVS.com retailer listing.,Mint,"6 oz, 3 ct",Paste / Gel,n.a.,prodid 2310046 / skuId 381599,CVS Pharmacy,https://www.cvs.com/shop/colgate-baking-soda-and-peroxide-whitening-toothpaste-brisk-mint-6-oz-3-pack-prodid-2310046?skuId=381599,Retailer listing,High,2026-08-31
CL-USA-COLGATE-0807,USA,Colgate,Toothpaste,Toothpaste,Colgate Baking Soda & Peroxide,Colgate Baking Soda And Peroxide Whitening Toothpaste Brisk Mint 6Oz 3Pk,Target.com retailer listing.,Mint,"6 oz, 3 ct",Paste / Gel,n.a.,TCIN 75563086,Target,https://www.target.com/p/colgate-baking-soda-and-peroxide-whitening-toothpaste-brisk-mint-6oz-3pk/-/A-75563086,Retailer listing,High,2026-08-31
CL-USA-COLGATE-0808,USA,Colgate,Toothpaste,Toothpaste,Colgate Baking Soda & Peroxide,Colgate Baking Soda And Peroxide Whitening Toothpaste Frosty Mint Stripe 2.5 Oz 60 Free,Dollar General retailer listing.,Mint,5 oz,Paste / Gel,n.a.,Dollar General item 35000760166,Dollar General,https://www.dollargeneral.com/p/colgate-baking-soda-and-peroxide-whitening-toothpaste-frosty-mint-stripe-2-5oz-60-free/35000760166,Retailer listing,High,2026-08-31
CL-USA-COLGATE-0809,USA,Colgate,Toothpaste,Toothpaste,Colgate Baking Soda & Peroxide,Colgate Baking Soda And Peroxide Whitening Toothpaste Gel Frosty Mint Stripe 3 Pack 6 Oz,Dollar General retailer listing.,Mint,"6 oz, 3 ct",Paste / Gel,n.a.,Dollar General item 35000473851,Dollar General,https://www.dollargeneral.com/p/colgate-baking-soda-and-peroxide-whitening-toothpaste-gel-frosty-mint-stripe-3-pack-6-oz/35000473851,Retailer listing,High,2026-08-31
CL-USA-COLGATE-0810,USA,Colgate,Toothpaste,Toothpaste,Colgate Baking Soda & Peroxide,Colgate Baking Soda Peroxide Toothpaste Brisk Mint 8.2 Oz,CVS.com retailer listing.,Mint,2 oz,Paste / Gel,n.a.,prodid 679839,CVS Pharmacy,https://www.cvs.com/shop/colgate-baking-soda-peroxide-toothpaste-brisk-mint-8-2-oz-prodid-679839,Retailer listing,High,2026-08-31
CL-USA-COLGATE-0811,USA,Colgate,Toothpaste,Toothpaste,Colgate Baking Soda & Peroxide,Colgate Baking Soda and Peroxide Whitening Toothpaste,"Colgate Baking Soda and Peroxide Whitening Toothpaste, with a great Brisk Mint flavor, cleans deep, whitens teeth, helps remove stains, fights cavities, and removes plaque and impurities.",n.a.,8 oz,Paste / Gel,035000510969,n.a.,Colgate.com US (brand site),https://www.colgate.com/en-us/products/toothpaste/cb-whitening-bubbles-brisk-mint,Brand site,High,2026-08-31
CL-USA-COLGATE-0812,USA,Colgate,Toothpaste,Toothpaste,Colgate Baking Soda & Peroxide,"Colgate Baking Soda and Peroxide Whitening Toothpaste Gel, Frosty Mint Stripe","Colgate Baking Soda and Peroxide Whitening Toothpaste, with a great Frosty Mint Stripe flavor, cleans deep, whitens teeth, helps remove stains, fights cavities, and removes plaque and impurities.",Mint,n.a.,Paste / Gel,035000510891,n.a.,Colgate.com US (brand site),https://www.colgate.com/en-us/products/toothpaste/colgate-baking-soda-peroxide-frosty-mint,Brand site,High,2026-08-31
CL-USA-COLGATE-0813,USA,Colgate,Toothpaste,Toothpaste,Colgate Baking Soda & Peroxide,"Colgate Baking Soda and Peroxide Whitening Toothpaste, Brisk Mint","Colgate Baking Soda and Peroxide Whitening Toothpaste, with a great Brisk Mint flavor, cleans deep, whitens teeth, helps remove stains, fights cavities, and removes plaque and impurities.",Mint,n.a.,Paste / Gel,035000510877,n.a.,Colgate.com US (brand site),https://www.colgate.com/en-us/products/toothpaste/colgate-baking-soda-peroxide-brisk-mint,Brand site,High,2026-08-31
CL-USA-COLGATE-0814,USA,Colgate,Toothbrush,Manual toothbrush,Colgate Bamboo Charcoal,Colgate Bamboo Charcoal Toothbrush Soft Bristle 1 Ct,CVS.com retailer listing.,Charcoal,1 ct,Brush,n.a.,prodid 2680087 / skuId 408179,CVS Pharmacy,https://www.cvs.com/shop/colgate-bamboo-charcoal-toothbrush-soft-bristle-1-ct-prodid-2680087?skuId=408179,Retailer listing,High,2026-08-31
CL-USA-COLGATE-0815,USA,Colgate,Toothpaste,Toothpaste,Colgate Cavity Protection,Colgate Bluey Kids Toothpaste With Fluoride Cavity Protection Mild Bubble Fruit Flavor 4.6 Oz Tube,Dollar General retailer listing.,Bubble Fruit,6 oz,Paste / Gel,n.a.,Dollar General item 827854004257,Dollar General,https://www.dollargeneral.com/p/colgate-bluey-kids-toothpaste-with-fluoride-cavity-protection-mild-bubble-fruit-flavor-4-6-oz-tube/827854004257,Retailer listing,High,2026-08-31
CL-USA-COLGATE-0816,USA,Colgate,Toothpaste,Fluoride toothpaste (OTC anticavity),Colgate Cavity Protection,Colgate Cavity Protection,"US FDA OTC drug listing. NDC 35000-953-71. Dosage form: GEL, DENTIFRICE. Package: 119 g in 1 TUBE (35000-953-71)",n.a.,119 g,Paste / Gel,n.a.,n.a.,n.a. (FDA NDC product listing),https://api.fda.gov/drug/ndc.json?search=labeler_name:%22Colgate%22&limit=100&skip=0,UPC database,Medium,2026-08-31
CL-USA-COLGATE-0817,USA,Colgate,Toothpaste,Toothpaste,Colgate Cavity Protection,Colgate Cavity Protection Fluoride Toothpaste Great Regular Flavor,CVS.com retailer listing.,n.a.,n.a.,Paste / Gel,n.a.,prodid 1011281 / skuId 950869,CVS Pharmacy,https://www.cvs.com/shop/colgate-cavity-protection-fluoride-toothpaste-great-regular-flavor-prodid-1011281?skuId=950869,Retailer listing,High,2026-08-31
CL-USA-COLGATE-0818,USA,Colgate,Toothpaste,Toothpaste,Colgate Cavity Protection,Colgate Cavity Protection Fluoride Toothpaste Great Regular Flavor 6 Oz 3 Pack,CVS.com retailer listing.,n.a.,"6 oz, 3 ct",Paste / Gel,n.a.,prodid 2310045 / skuId 381600,CVS Pharmacy,https://www.cvs.com/shop/colgate-cavity-protection-fluoride-toothpaste-great-regular-flavor-6-oz-3-pack-prodid-2310045?skuId=381600,Retailer listing,High,2026-08-31
CL-USA-COLGATE-0819,USA,Colgate,Toothpaste,Toothpaste,Colgate Cavity Protection,Colgate Cavity Protection Fluoride Toothpaste Great Regular Mint Flavor 3 Pack 6 Oz,Dollar General retailer listing.,Mint,"6 oz, 3 ct",Paste / Gel,n.a.,Dollar General item 35000469465,Dollar General,https://www.dollargeneral.com/p/colgate-cavity-protection-fluoride-toothpaste-great-regular-mint-flavor-3-pack-6-oz/35000469465,Retailer listing,High,2026-08-31
CL-USA-COLGATE-0820,USA,Colgate,Toothpaste,Fluoride toothpaste (OTC anticavity),Colgate Cavity Protection,Colgate Cavity Protection Great Regular Flavor,"US FDA OTC drug listing. NDC 35000-060-60. Dosage form: PASTE, DENTIFRICE. Package: 1 TUBE in 1 CARTON (35000-060-60) / 170 g in 1 TUBE",n.a.,170 g,Paste / Gel,n.a.,n.a.,n.a. (FDA NDC product listing),https://api.fda.gov/drug/ndc.json?search=labeler_name:%22Colgate%22&limit=100&skip=0,UPC database,Medium,2026-08-31
CL-USA-COLGATE-0821,USA,Colgate,Toothpaste,Fluoride toothpaste (OTC anticavity),Colgate Cavity Protection,Colgate Cavity Protection Great Regular Flavor,"US FDA OTC drug listing. NDC 35000-060-48. Dosage form: PASTE, DENTIFRICE. Package: 1 TUBE in 1 CARTON (35000-060-48) / 226 g in 1 TUBE",n.a.,226 g,Paste / Gel,n.a.,n.a.,n.a. (FDA NDC product listing),https://api.fda.gov/drug/ndc.json?search=labeler_name:%22Colgate%22&limit=100&skip=0,UPC database,Medium,2026-08-31
CL-USA-COLGATE-0822,USA,Colgate,Toothpaste,Toothpaste,Colgate Cavity Protection,Colgate Cavity Protection Toothpaste With Flouride Regular Flavor,Sam's Club retailer listing.,n.a.,n.a.,Paste / Gel,n.a.,Sam's Club item 13891868704,Sam's Club,https://www.samsclub.com/ip/colgate-cavity-protection-toothpaste-with-flouride-regular-flavor/13891868704,Retailer listing,High,2026-08-31
CL-USA-COLGATE-0823,USA,Colgate,Toothpaste,Toothpaste,Colgate Cavity Protection,Colgate Cavity Protection Toothpaste With Fluoride 2.5 Oz,Dollar General retailer listing.,n.a.,5 oz,Paste / Gel,n.a.,Dollar General item 35000513168,Dollar General,https://www.dollargeneral.com/p/colgate-cavity-protection-toothpaste-with-fluoride-2-5-oz/35000513168,Retailer listing,High,2026-08-31
CL-USA-COLGATE-0824,USA,Colgate,Toothpaste,Toothpaste,Colgate Cavity Protection,Colgate Cavity Protection Toothpaste With Fluoride 5 Pk8 Oz Regular Flavor,BJ's Wholesale Club retailer listing.,n.a.,8 oz,Paste / Gel,n.a.,BJ's article 3000000000000500090,BJ's Wholesale Club,https://www.bjs.com/product/colgate-cavity-protection-toothpaste-with-fluoride-5-pk8-oz---regular-flavor/3000000000000500090/,Retailer listing,High,2026-08-31
CL-USA-COLGATE-0825,USA,Colgate,Toothpaste,Toothpaste,Colgate Cavity Protection,Colgate Cavity Protection Toothpaste With Fluoride Great Regular Flavor 2.5 Oz,CVS.com retailer listing.,n.a.,5 oz,Paste / Gel,n.a.,prodid 1910071 / skuId 240109,CVS Pharmacy,https://www.cvs.com/shop/colgate-cavity-protection-toothpaste-with-fluoride-great-regular-flavor-2-5-oz-prodid-1910071?skuId=240109,Retailer listing,High,2026-08-31
CL-USA-COLGATE-0826,USA,Colgate,Toothpaste,Toothpaste,Colgate Cavity Protection,Colgate Cavity Protection Toothpaste With Fluoride Minty Great Flavor 6 Oz Tube,Dollar General retailer listing.,n.a.,6 oz,Paste / Gel,n.a.,Dollar General item 35000510884,Dollar General,https://www.dollargeneral.com/p/colgate-cavity-protection-toothpaste-with-fluoride-minty-great-flavor-6-oz-tube/35000510884,Retailer listing,High,2026-08-31
CL-USA-COLGATE-0827,USA,Colgate,Toothpaste,Toothpaste,Colgate Cavity Protection,"Colgate Cavity Protection Toothpaste with Fluoride, Great Regular Flavor",Listed on Colgate brand site product carousel with barcode 035000510853. Barcode-database title: Colgate Cavity Protection Fluoride Toothpaste Regular Flavor,n.a.,n.a.,Paste / Gel,035000510853,n.a.,Colgate.com US (brand site),https://www.colgate.com/en-us/products/toothpaste/cc-cavity-protection,Brand site,Medium,2026-08-31
CL-USA-COLGATE-0828,USA,Colgate,Toothpaste,Toothpaste,Colgate Cavity Protection,Colgate Kids 39 Cavity Protection Hp Toothpaste 4.6 Oz,Target.com retailer listing.,n.a.,6 oz,Paste / Gel,n.a.,TCIN 94823728,Target,https://www.target.com/p/colgate-kids-39-cavity-protection-hp-toothpaste-4-6oz/-/A-94823728,Retailer listing,High,2026-08-31
CL-USA-COLGATE-0829,USA,Colgate,Toothpaste,Fluoride toothpaste (OTC anticavity),Colgate Cavity Protection,Colgate Kids Cavity Protection,"US FDA OTC drug listing. NDC 35000-015-45. Dosage form: GEL, DENTIFRICE. Package: 2 TUBE in 1 CARTON (35000-015-45) / 130 g in 1 TUBE",n.a.,130 g,Paste / Gel,n.a.,n.a.,n.a. (FDA NDC product listing),https://api.fda.gov/drug/ndc.json?search=labeler_name:%22Colgate%22&limit=100&skip=0,UPC database,Medium,2026-08-31
CL-USA-COLGATE-0830,USA,Colgate,Toothpaste,Fluoride toothpaste (OTC anticavity),Colgate Cavity Protection,Colgate Kids Cavity Protection,"US FDA OTC drug listing. NDC 35000-015-20. Dosage form: GEL, DENTIFRICE. Package: 1 TUBE in 1 CARTON (35000-015-20) / 24 g in 1 TUBE",n.a.,24 g,Paste / Gel,n.a.,n.a.,n.a. (FDA NDC product listing),https://api.fda.gov/drug/ndc.json?search=labeler_name:%22Colgate%22&limit=100&skip=0,UPC database,Medium,2026-08-31
CL-USA-COLGATE-0831,USA,Colgate,Toothpaste,Fluoride toothpaste (OTC anticavity),Colgate Cavity Protection,Colgate Kids Cavity Protection,"US FDA OTC drug listing. NDC 35000-015-59. Dosage form: GEL, DENTIFRICE. Package: 1 TUBE in 1 CARTON (35000-015-59) / 76 g in 1 TUBE",n.a.,76 g,Paste / Gel,n.a.,n.a.,n.a. (FDA NDC product listing),https://api.fda.gov/drug/ndc.json?search=labeler_name:%22Colgate%22&limit=100&skip=0,UPC database,Medium,2026-08-31
CL-USA-COLGATE-0832,USA,Colgate,Toothpaste,Fluoride toothpaste (OTC anticavity),Colgate Cavity Protection,Colgate Kids Cavity Protection,"US FDA OTC drug listing. NDC 35000-015-32. Dosage form: GEL, DENTIFRICE. Package: 90 g in 1 TUBE (35000-015-32)",n.a.,90 g,Paste / Gel,n.a.,n.a.,n.a. (FDA NDC product listing),https://api.fda.gov/drug/ndc.json?search=labeler_name:%22Colgate%22&limit=100&skip=0,UPC database,Medium,2026-08-31
CL-USA-COLGATE-0833,USA,Colgate,Toothpaste,Toothpaste,Colgate Cavity Protection,Colgate Kids Cavity Protection Fluoride Toothpaste Bubble Fruit 2.7 Oz,CVS.com retailer listing.,Bubble Fruit,7 oz,Paste / Gel,n.a.,prodid 974530,CVS Pharmacy,https://www.cvs.com/shop/colgate-kids-cavity-protection-fluoride-toothpaste-bubble-fruit-2-7-oz-prodid-974530,Retailer listing,High,2026-08-31
CL-USA-COLGATE-0834,USA,Colgate,Toothpaste,Toothpaste,Colgate Cavity Protection,Colgate Kids Cavity Protection Toothpaste Bubble Fruit 2.7 Oz Tube,Dollar General retailer listing.,Bubble Fruit,7 oz,Paste / Gel,n.a.,Dollar General item 35000782496,Dollar General,https://www.dollargeneral.com/p/colgate-kids-cavity-protection-toothpaste-bubble-fruit-2-7-oz-tube/35000782496,Retailer listing,High,2026-08-31
CL-USA-COLGATE-0835,USA,Colgate,Toothpaste,Fluoride toothpaste (OTC anticavity),Colgate Cavity Protection,Colgate Kids Maximum Cavity Protection,"US FDA OTC drug listing. NDC 35000-190-44. Dosage form: GEL, DENTIFRICE. Package: 124 g in 1 BOTTLE, PUMP (35000-190-44)",n.a.,124 g,Paste / Gel,n.a.,n.a.,n.a. (FDA NDC product listing),https://api.fda.gov/drug/ndc.json?search=labeler_name:%22Colgate%22&limit=100&skip=0,UPC database,Medium,2026-08-31
CL-USA-COLGATE-0836,USA,Colgate,Toothpaste,Toothpaste,Colgate Cavity Protection,Colgate Kids Maximum Cavity Protection Toothpaste Pump 4.4 Oz,Target.com retailer listing.,n.a.,4 oz,Paste / Gel,n.a.,TCIN 16602413,Target,https://www.target.com/p/colgate-kids-maximum-cavity-protection-toothpaste-pump-4-4oz/-/A-16602413,Retailer listing,High,2026-08-31
CL-USA-COLGATE-0837,USA,Colgate,Toothpaste,Toothpaste,Colgate Cavity Protection,"Colgate Kids Toothpaste with Fluoride, Anticavity & Cavity Protection, For Ages 2+, Mild Bubble Fruit Flavor","Colgate Kids Toothpaste with Fluoride, Anticavity & Cavity Protection Toothpaste, For Ages 2+, Mild Bubble Fruit Flavor is a toothpaste for kids that helps brush away buildup to maintain a healthy smile.",Bubble Fruit,n.a.,Paste / Gel,035000783318,n.a.,Colgate.com US (brand site),https://www.colgate.com/en-us/products/toothpaste/kd-cavity-protection,Brand site,Medium,2026-08-31
CL-USA-COLGATE-0838,USA,Colgate,Toothpaste,Toothpaste,Colgate Cavity Protection,"Colgate Kids Toothpaste with Fluoride, Anticavity & Cavity Protection, For Ages 6+, Mild Bubble Fruit Flavor","Colgate Kids Toothpaste Pump with Fluoride, Anticavity & Cavity Protection Toothpaste, For Ages 6+, Mild Bubble Fruit Flavor is a toothpaste for kids that helps brush away buildup to maintain a healthy smile.",Bubble Fruit,n.a.,Paste / Gel,035000783356,n.a.,Colgate.com US (brand site),https://www.colgate.com/en-us/products/toothpaste/kd-cavity-protection-pump,Brand site,Medium,2026-08-31
CL-USA-COLGATE-0839,USA,Colgate,Toothpaste,Fluoride toothpaste (OTC anticavity),Colgate Cavity Protection,Colgate Maximum Cavity Protection Bubble Fruit Flavor,"US FDA OTC drug listing. NDC 35000-196-44. Dosage form: GEL, DENTIFRICE. Package: 124 g in 1 BOTTLE, PUMP (35000-196-44)",Bubble Fruit,124 g,Paste / Gel,n.a.,n.a.,n.a. (FDA NDC product listing),https://api.fda.gov/drug/ndc.json?search=labeler_name:%22Colgate%22&limit=100&skip=0,UPC database,Medium,2026-08-31
CL-USA-COLGATE-0840,USA,Colgate,Toothpaste,Toothpaste,Colgate Cavity Protection,Colgate Pokemon Kids Cavity Protection Toothpaste With Fluoride Mild Bubble Fruit 4.6 Oz Tube,Dollar General retailer listing.,Bubble Fruit,6 oz,Paste / Gel,n.a.,Dollar General item 827854004240,Dollar General,https://www.dollargeneral.com/p/colgate-pokemon-kids-cavity-protection-toothpaste-with-fluoride-mild-bubble-fruit-4-6-oz-tube/827854004240,Retailer listing,High,2026-08-31
CL-USA-COLGATE-0841,USA,Colgate,Toothpaste,Toothpaste,Colgate Cavity Protection,Colgate Unicorn Kids Cavity Protection Toothpaste Pump With Fluoride Ada Accepted Ages 6 Bubble Fruit 4 Ounces 6 Pack,Dollar General retailer listing.,Bubble Fruit,"4 oz, 6 ct",Paste / Gel,n.a.,Dollar General item 35000972095,Dollar General,https://www.dollargeneral.com/p/colgate-unicorn-kids-cavity-protection-toothpaste-pump-with-fluoride-ada-accepted-ages-6-bubble-fruit-4-4-ounces-6-pack/35000972095,Retailer listing,High,2026-08-31
CL-USA-COLGATE-0842,USA,Colgate,Toothbrush,Manual toothbrush,Colgate Charcoal,Colgate Super Flexi Charcoal Toothbrush Medium Pack Of 12,Target.com retailer listing.,Charcoal,n.a.,Brush,n.a.,TCIN 1009224678,Target,https://www.target.com/p/colgate-super-flexi-charcoal-toothbrush-medium-pack-of-12/-/A-1009224678,Retailer listing,High,2026-08-31
CL-USA-COLGATE-0843,USA,Colgate,Toothpaste,Fluoride toothpaste (OTC anticavity),Colgate Charcoal,Colgate Ultra White Charcoal,"US FDA OTC drug listing. NDC 35000-418-98. Dosage form: PASTE, DENTIFRICE. Package: 1 TUBE in 1 CARTON (35000-418-98) / 62 g in 1 TUBE",Charcoal,62 g,Paste / Gel,n.a.,n.a.,n.a. (FDA NDC product listing),https://api.fda.gov/drug/ndc.json?search=labeler_name:%22Colgate%22&limit=100&skip=100,UPC database,Medium,2026-08-31
CL-USA-COLGATE-0844,USA,Colgate,Toothpaste,Toothpaste,Colgate Charcoal,Colgate Ultra White Toothpaste With Charcoal 2 Oz,Dollar General retailer listing.,Charcoal,2 oz,Paste / Gel,n.a.,Dollar General item 35000983756,Dollar General,https://www.dollargeneral.com/p/colgate-ultra-white-toothpaste-with-charcoal-2-2-oz/35000983756,Retailer listing,High,2026-08-31
CL-USA-COLGATE-0845,USA,Colgate,Toothbrush,Manual toothbrush,Colgate Classic Clean,Colgate Classic Clean Full Head Toothbrush Soft 2 Count,Dollar General retailer listing.,n.a.,2 ct,Brush,n.a.,Dollar General item 35000990594,Dollar General,https://www.dollargeneral.com/p/colgate-classic-clean-full-head-toothbrush-soft-2-count/35000990594,Retailer listing,High,2026-08-31
CL-USA-COLGATE-0846,USA,Colgate,Toothbrush,Manual toothbrush,Colgate Classic Clean,Colgate Classic Clean Manual Toothbrush,"The Classic Clean Toothbrush from Colgate is designed with multi-height bristles, to remove particles between teeth and give you a clean smile. Try it today!",n.a.,n.a.,Brush,035000553720,n.a.,Colgate.com US (brand site),https://www.colgate.com/en-us/products/toothbrush/cc-classic-clean,Brand site,Medium,2026-08-31
CL-USA-COLGATE-0847,USA,Colgate,Mouthwash & Rinse,Mouthwash / rinse,Colgate Enamel Health,Colgate Enamel Health Mouthwash Fresh Mint 16.9 Oz,CVS.com retailer listing.,Fresh Mint,9 oz,Liquid Rinse,n.a.,prodid 1910037 / skuId 236329,CVS Pharmacy,https://www.cvs.com/shop/colgate-enamel-health-mouthwash-fresh-mint-16-9-oz-prodid-1910037?skuId=236329,Retailer listing,High,2026-08-31
CL-USA-COLGATE-0848,USA,Colgate,Toothpaste,Toothpaste,Colgate Essentials,Colgate Essentials with Charcoal Toothpaste,Colgate Revitalizing White with Activated Charcoal toothpaste removes stains and impurities for whiter teeth and fresher breath.,Charcoal,4.6 oz,Paste / Gel,035000469854,n.a.,Colgate.com US (brand site),https://www.colgate.com/en-us/products/toothpaste/colgate-activated-charcoal,Brand site,High,2026-08-31
CL-USA-COLGATE-0849,USA,Colgate,Toothbrush,Manual toothbrush,Colgate Extra Clean,Colgate Extra Clean Full Head Medium Toothbrush,Target.com retailer listing.,n.a.,n.a.,Brush,n.a.,TCIN 79226437,Target,https://www.target.com/p/colgate-extra-clean-full-head-medium-toothbrush/-/A-79226437,Retailer listing,High,2026-08-31
CL-USA-COLGATE-0850,USA,Colgate,Toothbrush,Manual toothbrush,Colgate Extra Clean,Colgate Extra Clean Full Head Soft Toothbrush,Target.com retailer listing.,n.a.,n.a.,Brush,n.a.,TCIN 85567463,Target,https://www.target.com/p/colgate-extra-clean-full-head-soft-toothbrush/-/A-85567463,Retailer listing,High,2026-08-31
CL-USA-COLGATE-0851,USA,Colgate,Toothbrush,Manual toothbrush,Colgate Extra Clean,Colgate Extra Clean Full Head Soft Toothbrush for Adults,Listed on Colgate brand site product carousel with barcode 035000972163,n.a.,n.a.,Brush,035000972163,n.a.,Colgate.com US (brand site),https://www.colgate.com/en-us/products/toothbrush/cc-extra-clean,Brand site,Medium,2026-08-31
CL-USA-COLGATE-0852,USA,Colgate,Toothbrush,Manual toothbrush,Colgate Extra Clean,Colgate Extra Clean Full Head Toothbrush Firm,Dollar General retailer listing.,n.a.,n.a.,Brush,n.a.,Dollar General item 35000555366,Dollar General,https://www.dollargeneral.com/p/colgate-extra-clean-full-head-toothbrush-firm/35000555366,Retailer listing,High,2026-08-31
CL-USA-COLGATE-0853,USA,Colgate,Toothbrush,Manual toothbrush,Colgate Extra Clean,Colgate Extra Clean Full Head Toothbrush Medium,CVS.com retailer listing.,n.a.,n.a.,Brush,n.a.,prodid 492403,CVS Pharmacy,https://www.cvs.com/shop/colgate-extra-clean-full-head-toothbrush-medium-prodid-492403,Retailer listing,High,2026-08-31
CL-USA-COLGATE-0854,USA,Colgate,Toothbrush,Manual toothbrush,Colgate Extra Clean,Colgate Extra Clean Full Head Toothbrush Medium 1Ct,Target.com retailer listing.,n.a.,1 ct,Brush,n.a.,TCIN 14667204,Target,https://www.target.com/p/colgate-extra-clean-full-head-toothbrush-medium-1ct/-/A-14667204,Retailer listing,High,2026-08-31
CL-USA-COLGATE-0855,USA,Colgate,Toothbrush,Manual toothbrush,Colgate Extra Clean,Colgate Extra Clean Full Head Toothbrush Medium 6Ct,Target.com retailer listing.,n.a.,6 ct,Brush,n.a.,TCIN 14299923,Target,https://www.target.com/p/colgate-extra-clean-full-head-toothbrush-medium-6ct/-/A-14299923,Retailer listing,High,2026-08-31
CL-USA-COLGATE-0856,USA,Colgate,Toothbrush,Manual toothbrush,Colgate Extra Clean,Colgate Extra Clean Full Head Toothbrush Soft,Target.com retailer listing.,n.a.,n.a.,Brush,n.a.,TCIN 94601763,Target,https://www.target.com/p/colgate-extra-clean-full-head-toothbrush-soft/-/A-94601763,Retailer listing,High,2026-08-31
CL-USA-COLGATE-0857,USA,Colgate,Toothbrush,Manual toothbrush,Colgate Extra Clean,Colgate Extra Clean Full Head Toothbrush Soft 1 Count,Dollar General retailer listing.,n.a.,1 ct,Brush,n.a.,Dollar General item 35000555007,Dollar General,https://www.dollargeneral.com/p/colgate-extra-clean-full-head-toothbrush-soft-1-count/35000555007,Retailer listing,High,2026-08-31
CL-USA-COLGATE-0858,USA,Colgate,Toothbrush,Manual toothbrush,Colgate Extra Clean,Colgate Extra Clean Full Head Toothbrush Soft 3 Count,Dollar General retailer listing.,n.a.,3 ct,Brush,n.a.,Dollar General item 35000550057,Dollar General,https://www.dollargeneral.com/p/colgate-extra-clean-full-head-toothbrush-soft-3-count/35000550057,Retailer listing,High,2026-08-31
CL-USA-COLGATE-0859,USA,Colgate,Toothbrush,Manual toothbrush,Colgate Extra Clean,Colgate Extra Clean Full Head Toothbrush Soft 6Ct,Target.com retailer listing.,n.a.,6 ct,Brush,n.a.,TCIN 75455954,Target,https://www.target.com/p/colgate-extra-clean-full-head-toothbrush-soft-6ct/-/A-75455954,Retailer listing,High,2026-08-31
CL-USA-COLGATE-0860,USA,Colgate,Toothbrush,Manual toothbrush,Colgate Extra Clean,Colgate Extra Clean Full Head Toothbrush Soft Bristle 6 Ct,CVS.com retailer listing.,n.a.,6 ct,Brush,n.a.,prodid 1910078 / skuId 269764,CVS Pharmacy,https://www.cvs.com/shop/colgate-extra-clean-full-head-toothbrush-soft-bristle-6-ct-prodid-1910078?skuId=269764,Retailer listing,High,2026-08-31
CL-USA-COLGATE-0861,USA,Colgate,Toothbrush,Manual toothbrush,Colgate Extra Clean,Colgate Extra Clean Full Head Toothbrushes Medium 4Ct,Target.com retailer listing.,n.a.,4 ct,Brush,n.a.,TCIN 94823731,Target,https://www.target.com/p/colgate-extra-clean-full-head-toothbrushes-medium-4ct/-/A-94823731,Retailer listing,High,2026-08-31
CL-USA-COLGATE-0862,USA,Colgate,Toothbrush,Manual toothbrush,Colgate Extra Clean,Colgate Extra Clean Toothbrush Medium Bristle 4 Ct,CVS.com retailer listing.,n.a.,4 ct,Brush,n.a.,prodid 1410024 / skuId 856915,CVS Pharmacy,https://www.cvs.com/shop/colgate-extra-clean-toothbrush-medium-bristle-4-ct-prodid-1410024?skuId=856915,Retailer listing,High,2026-08-31
CL-USA-COLGATE-0863,USA,Colgate,Toothbrush,Manual toothbrush,Colgate Extra Clean,Colgate Extra Clean Toothbrush Soft Bristle,CVS.com retailer listing.,n.a.,n.a.,Brush,n.a.,prodid 862091,CVS Pharmacy,https://www.cvs.com/shop/colgate-extra-clean-toothbrush-soft-bristle-prodid-862091,Retailer listing,High,2026-08-31
CL-USA-COLGATE-0864,USA,Colgate,Toothbrush,Manual toothbrush,Colgate Extra Clean,Colgate Extra Clean Toothbrush Soft Bulk Toothbrush Pack 6 Pack,Dollar General retailer listing.,n.a.,6 ct,Brush,n.a.,Dollar General item 35000972163,Dollar General,https://www.dollargeneral.com/p/colgate-extra-clean-toothbrush-soft-bulk-toothbrush-pack-6-pack/35000972163,Retailer listing,High,2026-08-31
CL-USA-COLGATE-0865,USA,Colgate,Toothbrush,Manual toothbrush,Colgate Extra Clean,Colgate Extra Clean Toothbrush Value Pack Medium 3 Ct,Dollar General retailer listing.,n.a.,3 ct,Brush,n.a.,Dollar General item 35000555359,Dollar General,https://www.dollargeneral.com/p/colgate-extra-clean-toothbrush-value-pack-medium-3-ct/35000555359,Retailer listing,High,2026-08-31
CL-USA-COLGATE-0866,USA,Colgate,Toothpaste,Toothpaste,Colgate Gel-Kam,"Colgate Gel-Kam Colgate Gel-Kam Preventive Treatment Gel, Mint",n.a.,Mint,n.a.,Paste / Gel,n.a.,n.a.,Colgate.com US (brand site),https://www.colgate.com/en-us/products/prescription-only-products/colgate-prevident-5000-plus-prescription-strength,Brand site,Medium,2026-08-31
CL-USA-COLGATE-0867,USA,Colgate,Toothpaste,Toothpaste,Colgate Gel-Kam,"Colgate Gel-Kam Preventive Treatment Gel, Mint",Colgate Gel-Kam Preventative Treatment Gel prevents cavities and treats sensitive teeth with a clinically proven fluoride formula. Try it today!,Mint,n.a.,Paste / Gel,n.a.,n.a.,Colgate.com US (brand site),https://www.colgate.com/en-us/products/prescription-only-products/colgate-gel-kam-preventative-treatment-gel,Brand site,Medium,2026-08-31
CL-USA-COLGATE-0868,USA,Colgate,Toothpaste,Fluoride toothpaste (OTC anticavity),Colgate Gel-Kam,Gel-Kam Fruit and Berry,"US FDA OTC drug listing. NDC 0126-0165-93. Dosage form: GEL, DENTIFRICE. Package: 1 TUBE in 1 CARTON (0126-0165-93) / 122 g in 1 TUBE",n.a.,122 g,Paste / Gel,n.a.,n.a.,n.a. (FDA NDC product listing),https://api.fda.gov/drug/ndc.json?search=labeler_name:%22Colgate%22&limit=100&skip=100,UPC database,Medium,2026-08-31
CL-USA-COLGATE-0869,USA,Colgate,Toothpaste,Fluoride toothpaste (OTC anticavity),Colgate Gel-Kam,Gel-Kam Mint,"US FDA OTC drug listing. NDC 0126-0192-93. Dosage form: GEL, DENTIFRICE. Package: 1 TUBE in 1 CARTON (0126-0192-93) / 122 g in 1 TUBE",Mint,122 g,Paste / Gel,n.a.,n.a.,n.a. (FDA NDC product listing),https://api.fda.gov/drug/ndc.json?search=labeler_name:%22Colgate%22&limit=100&skip=100,UPC database,Medium,2026-08-31
CL-USA-COLGATE-0870,USA,Colgate,Toothbrush,Manual toothbrush,Colgate Gum Health,Colgate Gum Care Soft Toothbrush,Gently clean sensitive teeth and sensitive gums with the Colgate Gum Care Manual Adult Toothbrush. This soft toothbrush double pack offers a gentle yet effective clean and is designed to clean along the gumline and hard to reach places.,n.a.,n.a.,Brush,827854017660,n.a.,Colgate.com US (brand site),https://www.colgate.com/en-us/products/toothbrush/colgate-gum-care-soft-toothbrush,Brand site,Medium,2026-08-31
CL-USA-COLGATE-0871,USA,Colgate,Toothbrush,Manual toothbrush,Colgate Gum Health,Colgate Gum Care Soft Toothbrush Adult Manual Toothbrush Pack 2 Pack,Dollar General retailer listing.,n.a.,2 ct,Brush,n.a.,Dollar General item 827854017660,Dollar General,https://www.dollargeneral.com/p/colgate-gum-care-soft-toothbrush-adult-manual-toothbrush-pack-2-pack/827854017660,Retailer listing,High,2026-08-31
CL-USA-COLGATE-0872,USA,Colgate,Toothbrush,Manual toothbrush,Colgate Gum Health,Colgate Gum Health Charcoal Toothbrush Ultra Soft Bristle 2 Ct,CVS.com retailer listing.,Charcoal,2 ct,Brush,n.a.,prodid 484849,CVS Pharmacy,https://www.cvs.com/shop/colgate-gum-health-charcoal-toothbrush-ultra-soft-bristle-2-ct-prodid-484849,Retailer listing,High,2026-08-31
CL-USA-COLGATE-0873,USA,Colgate,Toothbrush,Manual toothbrush,Colgate Gum Health,Colgate Gum Health Toothbrush Ultra Soft 2Ct,Target.com retailer listing.,n.a.,2 ct,Brush,n.a.,TCIN 52514880,Target,https://www.target.com/p/colgate-gum-health-toothbrush-ultra-soft-2ct/-/A-52514880,Retailer listing,High,2026-08-31
CL-USA-COLGATE-0874,USA,Colgate,Toothbrush,Manual toothbrush,Colgate Gum Health,Colgate Gum Health Toothbrush Ultra Soft Bristle 2 Ct,CVS.com retailer listing.,n.a.,2 ct,Brush,n.a.,prodid 2680077 / skuId 236953,CVS Pharmacy,https://www.cvs.com/shop/colgate-gum-health-toothbrush-ultra-soft-bristle-2-ct-prodid-2680077?skuId=236953,Retailer listing,High,2026-08-31
CL-USA-COLGATE-0875,USA,Colgate,Toothbrush,Manual toothbrush,Colgate Gum Health,"Colgate Gum Health Toothbrush, Ultra Soft","Listed on Colgate brand site product carousel with barcode 035000455406. Barcode-database title: Colgate Gum Health Toothbrush, Ultra Soft",n.a.,n.a.,Brush,035000455406,n.a.,Colgate.com US (brand site),https://www.colgate.com/en-us/products/toothbrush/colgate-gum-health-manual-toothbrush,Brand site,Medium,2026-08-31
CL-USA-COLGATE-0876,USA,Colgate,Toothbrush,Manual toothbrush,Colgate Gum Health,Colgate Premier Firm Toothbrushes With Tongue Cleaner Bi Level Bristles For Gum Care 12 Count,Target.com retailer listing.,n.a.,12 ct,Brush,n.a.,TCIN 1003709095,Target,https://www.target.com/p/colgate-premier-firm-toothbrushes-with-tongue-cleaner-bi-level-bristles-for-gum-care-12-count/-/A-1003709095,Retailer listing,High,2026-08-31
CL-USA-COLGATE-0877,USA,Colgate,Toothbrush,Manual toothbrush,Colgate Gum Health,Colgate Wave Gum Comfort Ultra Soft Toothbrush<br/>,"<p>Colgate Wave Gum Comfort Ultra Soft Toothbrush is designed with ultra soft curved bristles for gum comfort and effective cleaning of teeth, plus a compact head.</p>",n.a.,n.a.,Brush,n.a.,n.a.,Colgate.com US (brand site),https://www.colgate.com/en-us/products/toothbrush/cw-gum-comfort,Brand site,Medium,2026-08-31
CL-USA-COLGATE-0878,USA,Colgate,Toothpaste,Fluoride toothpaste (OTC anticavity),Colgate Kids,COLGATE KIDS WATERMELON FLAVOR,"US FDA OTC drug listing. NDC 35000-905-81. Dosage form: GEL, DENTIFRICE. Package: 130 g in 1 BOTTLE (35000-905-81)",Watermelon,130 g,Paste / Gel,n.a.,n.a.,n.a. (FDA NDC product listing),https://api.fda.gov/drug/ndc.json?search=labeler_name:%22Colgate%22&limit=100&skip=200,UPC database,Medium,2026-08-31
CL-USA-COLGATE-0879,USA,Colgate,Mouthwash & Rinse,Mouthwash / rinse,Colgate Kids,Colgate 2 In 1 Kids Toothpaste And Anticavity Mouthwash Watermelon Burst 4.6 Oz,Target.com retailer listing.,Watermelon,6 oz,Paste / Gel,n.a.,TCIN 13773703,Target,https://www.target.com/p/colgate-2-in-1-kids-toothpaste-and-anticavity-mouthwash-watermelon-burst-4-6oz/-/A-13773703,Retailer listing,High,2026-08-31
CL-USA-COLGATE-0880,USA,Colgate,Toothbrush,Electric / battery toothbrush,Colgate Kids,Colgate Advanced Cavity Fighter Kids Battery Toothbrush,The Colgate Advanced Cavity Fighter* Kids Battery Toothbrush is a fun battery powered kids electric toothbrush designed for kids ages 6 and up. It removes 5x more plaque along the gum line vs. a manual toothbrush.,n.a.,n.a.,Brush,827854017165,n.a.,Colgate.com US (brand site),https://www.colgate.com/en-us/products/toothbrush/colgate-advanced-cavity-fighter-kids-battery-toothbrush,Brand site,Medium,2026-08-31
CL-USA-COLGATE-0881,USA,Colgate,Toothbrush,Manual toothbrush,Colgate Kids,Colgate Baby Toothbrush And Fluoride Free Training Toothpaste Kit Bubblefruit 1 75 Oz 3 24 Months,Dollar General retailer listing.,n.a.,75 oz,Paste / Gel,n.a.,Dollar General item 35000783257,Dollar General,https://www.dollargeneral.com/p/colgate-baby-toothbrush-and-fluoride-free-training-toothpaste-kit-bubblefruit-1-75-oz-3-24-months/35000783257,Retailer listing,High,2026-08-31
CL-USA-COLGATE-0882,USA,Colgate,Toothbrush,Electric / battery toothbrush,Colgate Kids,Colgate Bluey Bingo Battery Power Toothbrush Extra Soft,CVS.com retailer listing.,n.a.,n.a.,Brush,n.a.,prodid 475177,CVS Pharmacy,https://www.cvs.com/shop/colgate-bluey-bingo-battery-power-toothbrush-extra-soft-prodid-475177,Retailer listing,High,2026-08-31
CL-USA-COLGATE-0883,USA,Colgate,Toothbrush,Manual toothbrush,Colgate Kids,Colgate Bluey Toothbrush,Colgate Kids Manual Bluey Toothbrush is the perfect kids toothbrush to encourage good oral habits early on!,n.a.,n.a.,Brush,827854004851,n.a.,Colgate.com US (brand site),https://www.colgate.com/en-us/products/toothbrush/colgate-kids-manual-toothbrush-extra-soft-bluey,Brand site,Medium,2026-08-31
CL-USA-COLGATE-0884,USA,Colgate,Toothbrush,Manual toothbrush,Colgate Kids,"Colgate Extra Soft Kids Toothbrush Pack, Advanced Cavity Fighter",The Colgate Kids Toothbrushes with Extra Soft Bristles are the perfect kids toothbrushes to encourage good oral habits early on!,n.a.,n.a.,Brush,827854016427,n.a.,Colgate.com US (brand site),https://www.colgate.com/en-us/products/toothbrush/colgate-extra-soft-kids-toothbrush-pack-advanced-cavity-fighter,Brand site,Medium,2026-08-31
CL-USA-COLGATE-0885,USA,Colgate,Toothbrush,Replacement brush heads,Colgate Kids,"Colgate Harry Potter Adult Battery Powered Electric Toothbrush with 2 Brush Heads, Soft<br/>","Calling all witches, wizards, and Muggles! Discover an enchanting clean right at your fingertips with the Colgate Harry Potter Adult Battery Powered Sonic Toothbrush Set, featuring one AA battery and two replaceable toothbrush heads.",n.a.,n.a.,Brush,n.a.,n.a.,Colgate.com US (brand site),https://www.colgate.com/en-us/products/toothbrush/colgate-adult-power-toothbrush-harry-potter-2-brush-heads,Brand site,Medium,2026-08-31
CL-USA-COLGATE-0886,USA,Colgate,Toothbrush,Electric / battery toothbrush,Colgate Kids,"Colgate Harry Potter Adult Battery Powered Sonic Toothbrush, Soft",Discover an enchanting clean with the Colgate Harry Potter Adult Battery Powered Sonic Toothbrush. This soft bristled battery powered toothbrush includes one AA battery and is designed to help remove surface stains.,n.a.,n.a.,Brush,827854027980,n.a.,Colgate.com US (brand site),https://www.colgate.com/en-us/products/toothbrush/colgate-harry-potter-adult-battery-sonic-toothbrush,Brand site,Medium,2026-08-31
CL-USA-COLGATE-0887,USA,Colgate,Toothbrush,Electric / battery toothbrush,Colgate Kids,"Colgate Harry Potter Gryffindor Kids Battery Toothbrush, Extra Soft",Make daily brushing feel like an enchanting adventure with the Colgate Harry Potter Gryffindor Kids Battery Toothbrush.,n.a.,n.a.,Brush,827854028253,n.a.,Colgate.com US (brand site),https://www.colgate.com/en-us/products/toothbrush/colgate-kids-power-toothbrush-harry-potter-gryffindor,Brand site,Medium,2026-08-31
CL-USA-COLGATE-0888,USA,Colgate,Toothbrush,Electric / battery toothbrush,Colgate Kids,"Colgate Harry Potter Hufflepuff Kids Battery Toothbrush, Extra Soft",Make daily brushing feel like an enchanting adventure for young children with the Colgate Harry Potter Hufflepuff Kids Battery Toothbrush.,n.a.,n.a.,Brush,827854028055,n.a.,Colgate.com US (brand site),https://www.colgate.com/en-us/products/toothbrush/%E2%80%8B%E2%80%8Bcolgate-kids-power-toothbrush-harry-potter-%E2%80%8Bhufflepuff,Brand site,Medium,2026-08-31
CL-USA-COLGATE-0889,USA,Colgate,Toothbrush,Electric / battery toothbrush,Colgate Kids,Colgate Harry Potter Kids Battery Toothbrush Extra Soft 1 Pack,Dollar General retailer listing.,n.a.,1 ct,Brush,n.a.,Dollar General item 827854028154,Dollar General,https://www.dollargeneral.com/p/colgate-harry-potter-kids-battery-toothbrush-extra-soft-1-pack/827854028154,Retailer listing,High,2026-08-31
CL-USA-COLGATE-0890,USA,Colgate,Toothpaste,Toothpaste,Colgate Kids,Colgate Harry Potter Kids Fluoride Toothpaste Bubbling Cauldron 4.6 Oz,CVS.com retailer listing.,n.a.,6 oz,Paste / Gel,n.a.,prodid 447957,CVS Pharmacy,https://www.cvs.com/shop/colgate-harry-potter-kids-fluoride-toothpaste-bubbling-cauldron-4-6-oz-prodid-447957,Retailer listing,High,2026-08-31
CL-USA-COLGATE-0891,USA,Colgate,Toothpaste,Toothpaste,Colgate Kids,Colgate Harry Potter Kids Toothpaste With Fluoride Bubblegum Bubbling Cauldron 4.6 Oz,Dollar General retailer listing.,n.a.,6 oz,Paste / Gel,n.a.,Dollar General item 827854026709,Dollar General,https://www.dollargeneral.com/p/colgate-harry-potter-kids-toothpaste-with-fluoride-bubblegum-bubbling-cauldron-4-6-oz/827854026709,Retailer listing,High,2026-08-31
CL-USA-COLGATE-0892,USA,Colgate,Toothbrush,Manual toothbrush,Colgate Kids,Colgate Harry Potter Manual Kids Toothbrush Pack Extra Soft 2 Pack,CVS.com retailer listing.,n.a.,2 ct,Brush,n.a.,prodid 474945,CVS Pharmacy,https://www.cvs.com/shop/colgate-harry-potter-manual-kids-toothbrush-pack-extra-soft-2-pack-prodid-474945,Retailer listing,High,2026-08-31
CL-USA-COLGATE-0893,USA,Colgate,Toothbrush,Electric / battery toothbrush,Colgate Kids,"Colgate Harry Potter Ravenclaw Kids Battery Toothbrush, Extra Soft","Make daily brushing feel like an enchanting adventure with the Colgate Harry Potter Ravenclaw Kids Battery Toothbrush. This kids Harry Potter toothbrush transforms brushing into a spellbinding routine for aspiring witches and wizards ages 3 and older, helping them sweep away pesky plaque.",n.a.,n.a.,Brush,827854028260,n.a.,Colgate.com US (brand site),https://www.colgate.com/en-us/products/toothbrush/colgate-kids-power-toothbrush-harry-potter-ravenclaw,Brand site,Medium,2026-08-31
CL-USA-COLGATE-0894,USA,Colgate,Toothbrush,Electric / battery toothbrush,Colgate Kids,Colgate Harry Potter Slytherin Kids Battery Toothbrush,Make daily brushing feel like an enchanting adventure with the Colgate Harry Potter Slytherin Kids Battery Toothbrush.,n.a.,n.a.,Brush,827854028314,n.a.,Colgate.com US (brand site),https://www.colgate.com/en-us/products/toothbrush/%E2%80%8Bcolgate-kids-power-toothbrush-harry-potter-%E2%80%8Bslytherin,Brand site,Medium,2026-08-31
CL-USA-COLGATE-0895,USA,Colgate,Toothbrush,Manual toothbrush,Colgate Kids,"Colgate Harry Potter Soft Bristled Adult Toothbrush, Gold, 1 Count<br/>","Calling all witches, wizards, and Muggles! Elevate your daily brushing routine with the Colgate Harry Potter Soft Bristled Adult Toothbrush.",n.a.,n.a.,Brush,n.a.,n.a.,Colgate.com US (brand site),https://www.colgate.com/en-us/products/toothbrush/colgate-manual-toothbrush-harry-potter,Brand site,Medium,2026-08-31
CL-USA-COLGATE-0896,USA,Colgate,Toothbrush,Manual toothbrush,Colgate Kids,"Colgate Harry Potter Soft Bristled Adult Toothbrushes, Gold and Black, 2 Count","Calling all witches, wizards, and Muggles! Elevate your daily brushing routine with the Colgate Harry Potter Soft Bristled Adult Toothbrush Pack, designed for adults aiming for better oral hygiene.",n.a.,2 ct,Brush,827854031901,n.a.,Colgate.com US (brand site),https://www.colgate.com/en-us/products/toothbrush/colgate-harry-potter-soft-toothbrush,Brand site,Medium,2026-08-31
CL-USA-COLGATE-0897,USA,Colgate,Toothpaste,Fluoride toothpaste (OTC anticavity),Colgate Kids,Colgate Junior Kids Batman Mild Bubble Fruit Fluoride,"US FDA OTC drug listing. NDC 35000-950-46. Dosage form: GEL, DENTIFRICE. Package: 130 g in 1 TUBE (35000-950-46)",Bubble Fruit,130 g,Paste / Gel,n.a.,n.a.,n.a. (FDA NDC product listing),https://api.fda.gov/drug/ndc.json?search=labeler_name:%22Colgate%22&limit=100&skip=0,UPC database,Medium,2026-08-31
CL-USA-COLGATE-0898,USA,Colgate,Toothpaste,Fluoride toothpaste (OTC anticavity),Colgate Kids,Colgate Junior Mixed Kids Bubble Fruit Fluoride,"US FDA OTC drug listing. NDC 35000-958-46. Dosage form: PASTE, DENTIFRICE. Package: 130 g in 1 TUBE (35000-958-46)",Bubble Fruit,130 g,Paste / Gel,n.a.,n.a.,n.a. (FDA NDC product listing),https://api.fda.gov/drug/ndc.json?search=labeler_name:%22Colgate%22&limit=100&skip=0,UPC database,Medium,2026-08-31
CL-USA-COLGATE-0899,USA,Colgate,Toothpaste,Toothpaste,Colgate Kids,"Colgate KPop Demon Hunters Kids Toothpaste with Fluoride, Bubblegum Flavor",It’s a takedown for cavities. Turn regular brushing into a high-energy adventure using Colgate KPop Demon Hunters Kids Toothpaste with Fluoride.,n.a.,n.a.,Paste / Gel,827854036128,n.a.,Colgate.com US (brand site),https://www.colgate.com/en-us/products/toothpaste/colgate-kids-kpop-demon-hunters-bubblegum,Brand site,Medium,2026-08-31
CL-USA-COLGATE-0900,USA,Colgate,Toothbrush,Electric / battery toothbrush,Colgate Kids,Colgate Kids 39 Battery Powered Toothbrush Blue Trial Size,Target.com retailer listing.,n.a.,n.a.,Brush,n.a.,TCIN 89382486,Target,https://www.target.com/p/colgate-kids-39-battery-powered-toothbrush-blue-trial-size/-/A-89382486,Retailer listing,High,2026-08-31
CL-USA-COLGATE-0901,USA,Colgate,Toothbrush,Electric / battery toothbrush,Colgate Kids,Colgate Kids 39 Battery Powered Toothbrush Hp Gryffindor,Target.com retailer listing.,n.a.,n.a.,Brush,n.a.,TCIN 94823745,Target,https://www.target.com/p/colgate-kids-39-battery-powered-toothbrush-hp-gryffindor/-/A-94823745,Retailer listing,High,2026-08-31
CL-USA-COLGATE-0902,USA,Colgate,Toothbrush,Electric / battery toothbrush,Colgate Kids,Colgate Kids 39 Battery Powered Toothbrush Hp Hufflepuff,Target.com retailer listing.,n.a.,n.a.,Brush,n.a.,TCIN 94823747,Target,https://www.target.com/p/colgate-kids-39-battery-powered-toothbrush-hp-hufflepuff/-/A-94823747,Retailer listing,High,2026-08-31
CL-USA-COLGATE-0903,USA,Colgate,Toothbrush,Electric / battery toothbrush,Colgate Kids,Colgate Kids 39 Battery Powered Toothbrush Hp Ravenclaw,Target.com retailer listing.,n.a.,n.a.,Brush,n.a.,TCIN 94823750,Target,https://www.target.com/p/colgate-kids-39-battery-powered-toothbrush-hp-ravenclaw/-/A-94823750,Retailer listing,High,2026-08-31
CL-USA-COLGATE-0904,USA,Colgate,Toothbrush,Electric / battery toothbrush,Colgate Kids,Colgate Kids 39 Battery Powered Toothbrush Hp Slytherin,Target.com retailer listing.,n.a.,n.a.,Brush,n.a.,TCIN 94823732,Target,https://www.target.com/p/colgate-kids-39-battery-powered-toothbrush-hp-slytherin/-/A-94823732,Retailer listing,High,2026-08-31
CL-USA-COLGATE-0905,USA,Colgate,Toothbrush,Electric / battery toothbrush,Colgate Kids,Colgate Kids 39 Battery Powered Vibrating Toothbrush Pokemon,Target.com retailer listing.,n.a.,n.a.,Brush,n.a.,TCIN 93890698,Target,https://www.target.com/p/colgate-kids-39-battery-powered-vibrating-toothbrush-pokemon/-/A-93890698,Retailer listing,High,2026-08-31
CL-USA-COLGATE-0906,USA,Colgate,Toothbrush,Manual toothbrush,Colgate Kids,Colgate Kids 39 Bluey Toothbrush 38 Toothpaste Gift Set 2Ct,Target.com retailer listing.,n.a.,2 ct,Paste / Gel,n.a.,TCIN 91915674,Target,https://www.target.com/p/colgate-kids-39-bluey-toothbrush-38-toothpaste-gift-set-2ct/-/A-91915674,Retailer listing,High,2026-08-31
CL-USA-COLGATE-0907,USA,Colgate,Toothbrush,Manual toothbrush,Colgate Kids,Colgate Kids 39 Bluey Toothbrush Cover,Target.com retailer listing.,n.a.,n.a.,Brush,n.a.,TCIN 94823737,Target,https://www.target.com/p/colgate-kids-39-bluey-toothbrush-cover/-/A-94823737,Retailer listing,High,2026-08-31
CL-USA-COLGATE-0908,USA,Colgate,Toothbrush,Manual toothbrush,Colgate Kids,Colgate Kids 39 Hp Toothbrush 2Pk,Target.com retailer listing.,n.a.,2 ct,Brush,n.a.,TCIN 94823718,Target,https://www.target.com/p/colgate-kids-39-hp-toothbrush-2pk/-/A-94823718,Retailer listing,High,2026-08-31
CL-USA-COLGATE-0909,USA,Colgate,Toothbrush,Manual toothbrush,Colgate Kids,Colgate Kids 39 Pokemon Toothbrush 38 Toothpaste Gift Set 2Ct,Target.com retailer listing.,n.a.,2 ct,Paste / Gel,n.a.,TCIN 91915675,Target,https://www.target.com/p/colgate-kids-39-pokemon-toothbrush-38-toothpaste-gift-set-2ct/-/A-91915675,Retailer listing,High,2026-08-31
CL-USA-COLGATE-0910,USA,Colgate,Mouthwash & Rinse,Mouthwash / rinse,Colgate Kids,"Colgate Kids Anticavity Unicorn Mouthwash, Unicorn",Brushing is better with friends. Colgate Kids Unicorn Mouthwash protects from cavities and strengthens enamel.,n.a.,n.a.,Liquid Rinse,035000985064,n.a.,Colgate.com US (brand site),https://www.colgate.com/en-us/products/mouthwash/colgate-kids-unicorn,Brand site,Medium,2026-08-31
CL-USA-COLGATE-0911,USA,Colgate,Toothbrush,Electric / battery toothbrush,Colgate Kids,Colgate Kids Batman Battery Powered Toothbrush,Colgate Kids Batman Battery Powered Toothbrush is provides fun toothbrushing to keep children’s teeth clean and sweep away plaque.,n.a.,n.a.,Brush,035000974976,n.a.,Colgate.com US (brand site),https://www.colgate.com/en-us/products/toothbrush/kd-batman-battery,Brand site,Medium,2026-08-31
CL-USA-COLGATE-0912,USA,Colgate,Toothbrush,Manual toothbrush,Colgate Kids,Colgate Kids Batman Toothbrush,"Colgate Kids Batman Toothbrush is designed for children ages 5+ with both baby teeth and adult teeth. This toothbrush features extra soft bristles, a tongue cleaner, and a fun suction cup for upright storage!",n.a.,n.a.,Brush,035000467713,n.a.,Colgate.com US (brand site),https://www.colgate.com/en-us/products/toothbrush/colgate-kids-batman-toothbrush,Brand site,High,2026-08-31
CL-USA-COLGATE-0913,USA,Colgate,Toothbrush,Electric / battery toothbrush,Colgate Kids,Colgate Kids Battery Powered Bluey Toothbrush 1 Count,Dollar General retailer listing.,n.a.,1 ct,Brush,n.a.,Dollar General item 827854004318,Dollar General,https://www.dollargeneral.com/p/colgate-kids-battery-powered-bluey-toothbrush-1-count/827854004318,Retailer listing,High,2026-08-31
CL-USA-COLGATE-0914,USA,Colgate,Toothbrush,Electric / battery toothbrush,Colgate Kids,Colgate Kids Battery Powered Minecraft Toothbrush,The Colgate Kids Battery Powered Minecraft Toothbrush is a kids battery toothbrush that provides fun toothbrushing to keep children’s teeth clean and sweep away plaque.,n.a.,n.a.,Brush,827854010869,n.a.,Colgate.com US (brand site),https://www.colgate.com/en-us/products/toothbrush/minecraft-kids-battery-toothbrush,Brand site,Medium,2026-08-31
CL-USA-COLGATE-0915,USA,Colgate,Toothbrush,Electric / battery toothbrush,Colgate Kids,Colgate Kids Battery Powered Sonic Toothbrush Minecraft Extra Soft,CVS.com retailer listing.,n.a.,n.a.,Brush,n.a.,prodid 553894,CVS Pharmacy,https://www.cvs.com/shop/colgate-kids-battery-powered-sonic-toothbrush-minecraft-extra-soft-prodid-553894,Retailer listing,High,2026-08-31
CL-USA-COLGATE-0916,USA,Colgate,Toothbrush,Electric / battery toothbrush,Colgate Kids,Colgate Kids Battery Powered Unicorn Academy Toothbrush,The Colgate Kids Battery Powered Unicorn Academy Toothbrush is a kids battery powered toothbrush that provides fun toothbrushing to keep children’s teeth clean and sweeps away plaque.,n.a.,n.a.,Brush,827854018759,n.a.,Colgate.com US (brand site),https://www.colgate.com/en-us/products/toothbrush/colgate-kids-battery-powered-unicorn-academy-toothbrush,Brand site,Medium,2026-08-31
CL-USA-COLGATE-0917,USA,Colgate,Toothbrush,Electric / battery toothbrush,Colgate Kids,Colgate Kids Battery Toothbrush Extra Soft Bluey Bingo,Make brushing fun with the Colgate Kids Powered Vibrating Toothbrush Bluey Bingo 1 Pack!,n.a.,n.a.,Brush,827854021476,n.a.,Colgate.com US (brand site),https://www.colgate.com/en-us/products/toothbrush/colgate-kids-battery-toothbrush-extra-soft-bluey-bingo,Brand site,Medium,2026-08-31
CL-USA-COLGATE-0918,USA,Colgate,Toothbrush,Electric / battery toothbrush,Colgate Kids,Colgate Kids Bluey Battery Power Toothbrush Extra Soft,CVS.com retailer listing.,n.a.,n.a.,Brush,n.a.,prodid 448032,CVS Pharmacy,https://www.cvs.com/shop/colgate-kids-bluey-battery-power-toothbrush-extra-soft-prodid-448032,Retailer listing,High,2026-08-31
CL-USA-COLGATE-0919,USA,Colgate,Toothpaste,Toothpaste,Colgate Kids,Colgate Kids Bluey Fluoride Toothpaste Mild Bubble Fruit 4 6 Ounce,CVS.com retailer listing.,Bubble Fruit,6 oz,Paste / Gel,n.a.,prodid 545008,CVS Pharmacy,https://www.cvs.com/shop/colgate-kids-bluey-fluoride-toothpaste-mild-bubble-fruit-4-6-ounce-prodid-545008,Retailer listing,High,2026-08-31
CL-USA-COLGATE-0920,USA,Colgate,Toothbrush,Manual toothbrush,Colgate Kids,Colgate Kids Bluey Manual Toothbrush Extra Soft 2Ct,Target.com retailer listing.,n.a.,2 ct,Brush,n.a.,TCIN 92283173,Target,https://www.target.com/p/colgate-kids-bluey-manual-toothbrush-extra-soft-2ct/-/A-92283173,Retailer listing,High,2026-08-31
CL-USA-COLGATE-0921,USA,Colgate,Toothbrush,Manual toothbrush,Colgate Kids,Colgate Kids Bluey Toothbrush Cover Cap,Turn brush time into a fun daily ritual with the Colgate Kids Bluey Toothbrush Cover Cap.,n.a.,n.a.,Brush,827854029915,n.a.,Colgate.com US (brand site),https://www.colgate.com/en-us/products/toothbrush/colgate-kids-bluey-toothbrush-cover,Brand site,Medium,2026-08-31
CL-USA-COLGATE-0922,USA,Colgate,Toothpaste,Toothpaste,Colgate Kids,"Colgate Kids Bluey Toothpaste with Fluoride, Mild Bubble Fruit Flavor","Colgate Kids Toothpaste with Fluoride, Anticavity & Cavity Protection Toothpaste, For Ages 2+, Bluey, Mild Bubble Fruit Flavor is a fluoride kids toothpaste that helps maintain a healthy smile.",Bubble Fruit,n.a.,Paste / Gel,827854004257,n.a.,Colgate.com US (brand site),https://www.colgate.com/en-us/products/toothpaste/kd-bluey,Brand site,Medium,2026-08-31
CL-USA-COLGATE-0923,USA,Colgate,Mouthwash & Rinse,Mouthwash / rinse,Colgate Kids,"Colgate Kids Colgate Kids Anticavity Unicorn Mouthwash, Unicorn",n.a.,n.a.,n.a.,Liquid Rinse,n.a.,n.a.,Colgate.com US (brand site),https://www.colgate.com/en-us/products/mouthwash,Brand site,Medium,2026-08-31
CL-USA-COLGATE-0924,USA,Colgate,Toothbrush,Manual toothbrush,Colgate Kids,Colgate Kids Extra Soft Minions Toothbrush with Suction Cup,Colgate Kids Minions Extra Soft Manual Toothbrush is a fun way to encourage good oral care habits early on!,n.a.,n.a.,Brush,035000562241,n.a.,Colgate.com US (brand site),https://www.colgate.com/en-us/products/toothbrush/kd-minions,Brand site,Medium,2026-08-31
CL-USA-COLGATE-0925,USA,Colgate,Toothpaste,Toothpaste,Colgate Kids,Colgate Kids Fluoride Toothpaste Gel Watermelon Burst 4.6 Oz Tube,Dollar General retailer listing.,Watermelon,6 oz,Paste / Gel,n.a.,Dollar General item 35000764416,Dollar General,https://www.dollargeneral.com/p/colgate-kids-fluoride-toothpaste-gel-watermelon-burst-4-6-oz-tube/35000764416,Retailer listing,High,2026-08-31
CL-USA-COLGATE-0926,USA,Colgate,Toothpaste,Toothpaste,Colgate Kids,Colgate Kids Fluoride Toothpaste Mild Bubble Fruit 4.6 Oz,CVS.com retailer listing.,Bubble Fruit,6 oz,Paste / Gel,n.a.,prodid 341157,CVS Pharmacy,https://www.cvs.com/shop/colgate-kids-fluoride-toothpaste-mild-bubble-fruit-4-6-oz-prodid-341157,Retailer listing,High,2026-08-31
CL-USA-COLGATE-0927,USA,Colgate,Toothpaste,Toothpaste,Colgate Kids,"Colgate Kids Fluoride Toothpaste, Strawberry Burst","Colgate Fluoride Toothpaste, Strawberry Burst, is a kids fluoride toothpaste that makes brushing enjoyable and encourages your child to maintain a daily oral care routine.",Strawberry,n.a.,Paste / Gel,827854017455,n.a.,Colgate.com US (brand site),https://www.colgate.com/en-us/products/toothpaste/kd-2-in-1-strawberry,Brand site,Medium,2026-08-31
CL-USA-COLGATE-0928,USA,Colgate,Toothpaste,Toothpaste,Colgate Kids,"Colgate Kids Fluoride Toothpaste, Watermelon Burst","Colgate Fluoride Toothpaste, Watermelon Burst, is a kids fluoride toothpaste that makes brushing enjoyable and encourages your child to maintain a daily oral care routine.",Watermelon,n.a.,Paste / Gel,035000764416,n.a.,Colgate.com US (brand site),https://www.colgate.com/en-us/products/toothpaste/kd-2-in-1-watermelon,Brand site,Medium,2026-08-31
CL-USA-COLGATE-0929,USA,Colgate,Toothpaste,Fluoride toothpaste (OTC anticavity),Colgate Kids,Colgate Kids Harry Potter,"US FDA OTC drug listing. NDC 35000-016-46. Dosage form: GEL, DENTIFRICE. Package: 130 g in 1 TUBE (35000-016-46)",n.a.,130 g,Paste / Gel,n.a.,n.a.,n.a. (FDA NDC product listing),https://api.fda.gov/drug/ndc.json?search=labeler_name:%22Colgate%22&limit=100&skip=0,UPC database,Medium,2026-08-31
CL-USA-COLGATE-0930,USA,Colgate,Toothpaste,Toothpaste,Colgate Kids,"Colgate Kids Harry Potter Toothpaste with Fluoride, Bubblegum Bubbling Cauldron",Turn brush time into an enchanting adventure using Colgate Kids Harry Potter Toothpaste with Fluoride.,n.a.,4.6 oz,Paste / Gel,827854026709,n.a.,Colgate.com US (brand site),https://www.colgate.com/en-us/products/toothpaste/colgate-harry-potter-kids-toothpaste,Brand site,High,2026-08-31
CL-USA-COLGATE-0931,USA,Colgate,Toothpaste,Fluoride toothpaste (OTC anticavity),Colgate Kids,Colgate Kids Llama Mild Bubble Fruit Flavor,"US FDA OTC drug listing. NDC 35000-365-44. Dosage form: GEL, DENTIFRICE. Package: 124 g in 1 TUBE (35000-365-44)",Bubble Fruit,124 g,Paste / Gel,n.a.,n.a.,n.a. (FDA NDC product listing),https://api.fda.gov/drug/ndc.json?search=labeler_name:%22Colgate%22&limit=100&skip=100,UPC database,Medium,2026-08-31
CL-USA-COLGATE-0932,USA,Colgate,Toothbrush,Manual toothbrush,Colgate Kids,Colgate Kids Manual Toothbrush Extra Soft Pok Mon 2 Pack,CVS.com retailer listing.,n.a.,2 ct,Brush,n.a.,prodid 404759,CVS Pharmacy,https://www.cvs.com/shop/colgate-kids-manual-toothbrush-extra-soft-pok-mon-2-pack-prodid-404759,Retailer listing,High,2026-08-31
CL-USA-COLGATE-0933,USA,Colgate,Toothpaste,Fluoride toothpaste (OTC anticavity),Colgate Kids,Colgate Kids Mild Bubble Fruit Flavor,"US FDA OTC drug listing. NDC 35000-918-46. Dosage form: GEL, DENTIFRICE. Package: 130 g in 1 TUBE (35000-918-46)",Bubble Fruit,130 g,Paste / Gel,n.a.,n.a.,n.a. (FDA NDC product listing),https://api.fda.gov/drug/ndc.json?search=labeler_name:%22Colgate%22&limit=100&skip=0,UPC database,Medium,2026-08-31
CL-USA-COLGATE-0934,USA,Colgate,Toothpaste,Fluoride toothpaste (OTC anticavity),Colgate Kids,Colgate Kids Mild Bubble Fruit Flavor,"US FDA OTC drug listing. NDC 35000-918-93. Dosage form: GEL, DENTIFRICE. Package: 99 g in 1 TUBE (35000-918-93)",Bubble Fruit,99 g,Paste / Gel,n.a.,n.a.,n.a. (FDA NDC product listing),https://api.fda.gov/drug/ndc.json?search=labeler_name:%22Colgate%22&limit=100&skip=0,UPC database,Medium,2026-08-31
CL-USA-COLGATE-0935,USA,Colgate,Toothpaste,Toothpaste,Colgate Kids,Colgate Kids Minecraft Toothpaste Bubble Fruit 4.6 Oz,CVS.com retailer listing.,Bubble Fruit,6 oz,Paste / Gel,n.a.,prodid 609243,CVS Pharmacy,https://www.cvs.com/shop/colgate-kids-minecraft-toothpaste-bubble-fruit-4-6-oz-prodid-609243,Retailer listing,High,2026-08-31
CL-USA-COLGATE-0936,USA,Colgate,Toothbrush,Manual toothbrush,Colgate Kids,Colgate Kids Minions Toothbrush Extra Soft Bristle 2 Ct,CVS.com retailer listing.,n.a.,2 ct,Brush,n.a.,prodid 1910083 / skuId 304219,CVS Pharmacy,https://www.cvs.com/shop/colgate-kids-minions-toothbrush-extra-soft-bristle-2-ct-prodid-1910083?skuId=304219,Retailer listing,High,2026-08-31
CL-USA-COLGATE-0937,USA,Colgate,Toothbrush,Electric / battery toothbrush,Colgate Kids,Colgate Kids Pokemon Battery Power Toothbrush Extra Soft,CVS.com retailer listing.,n.a.,n.a.,Brush,n.a.,prodid 478235,CVS Pharmacy,https://www.cvs.com/shop/colgate-kids-pokemon-battery-power-toothbrush-extra-soft-prodid-478235,Retailer listing,High,2026-08-31
CL-USA-COLGATE-0938,USA,Colgate,Toothbrush,Manual toothbrush,Colgate Kids,Colgate Kids Pokemon Extra Soft Toothbrush with Suction Cup,n.a.,n.a.,n.a.,Brush,827854004844,n.a.,Colgate.com US (brand site),https://www.colgate.com/en-us/products/toothbrush/colgate-kids-manual-minions-toothbrush,Brand site,Medium,2026-08-31
CL-USA-COLGATE-0939,USA,Colgate,Toothpaste,Toothpaste,Colgate Kids,Colgate Kids Pokemon Fluoride Toothpaste Mild Bubble Fruit 4.6 Oz,CVS.com retailer listing.,Bubble Fruit,6 oz,Paste / Gel,n.a.,prodid 511953,CVS Pharmacy,https://www.cvs.com/shop/colgate-kids-pokemon-fluoride-toothpaste-mild-bubble-fruit-4-6-oz-prodid-511953,Retailer listing,High,2026-08-31
CL-USA-COLGATE-0940,USA,Colgate,Toothpaste,Toothpaste,Colgate Kids,"Colgate Kids Pokemon Toothpaste with Fluoride, Mild Bubble Fruit Flavor","Colgate Kids Toothpaste Pokemon, Mild Bubble Fruit Flavor made especially for kids 2 and up offers an enamel safe children’s toothpaste formula that works on developing teeth.",Bubble Fruit,n.a.,Paste / Gel,827854004240,n.a.,Colgate.com US (brand site),https://www.colgate.com/en-us/products/toothpaste/kd-pokemon,Brand site,Medium,2026-08-31
CL-USA-COLGATE-0941,USA,Colgate,Toothbrush,Electric / battery toothbrush,Colgate Kids,Colgate Kids Power Toothbrush Harry Potter,Encourage healthy habits and add a touch of everyday magic with the Colgate Harry Potter Kids Battery Toothbrush.,n.a.,n.a.,Brush,827854028154,n.a.,Colgate.com US (brand site),https://www.colgate.com/en-us/products/toothbrush/colgate-kids-power-toothbrush-harry-potter,Brand site,Medium,2026-08-31
CL-USA-COLGATE-0942,USA,Colgate,Toothbrush,Manual toothbrush,Colgate Kids,"Colgate Kids Powered Vibrating Toothbrush, Pokemon",Listed on Colgate brand site product carousel with barcode 827854004363,n.a.,n.a.,Brush,827854004363,n.a.,Colgate.com US (brand site),https://www.colgate.com/en-us/products/toothbrush/colgate-kids-pokemon-toothbrush-powered,Brand site,Medium,2026-08-31
CL-USA-COLGATE-0943,USA,Colgate,Toothbrush,Electric / battery toothbrush,Colgate Kids,Colgate Kids Sonic Harry Potter Battery Powered Toothbrush Extra Soft,CVS.com retailer listing.,n.a.,n.a.,Brush,n.a.,prodid 447952,CVS Pharmacy,https://www.cvs.com/shop/colgate-kids-sonic-harry-potter-battery-powered-toothbrush-extra-soft-prodid-447952,Retailer listing,High,2026-08-31
CL-USA-COLGATE-0944,USA,Colgate,Toothbrush,Electric / battery toothbrush,Colgate Kids,Colgate Kids Sonic Powered Toothbrush Minions,Dollar General retailer listing.,n.a.,n.a.,Brush,n.a.,Dollar General item 35000686473,Dollar General,https://www.dollargeneral.com/p/colgate-kids-sonic-powered-toothbrush-minions/35000686473,Retailer listing,High,2026-08-31
CL-USA-COLGATE-0945,USA,Colgate,Toothpaste,Fluoride toothpaste (OTC anticavity),Colgate Kids,Colgate Kids Space Jam Mild Bubble Fruit Flavor,"US FDA OTC drug listing. NDC 35000-199-44. Dosage form: GEL, DENTIFRICE. Package: 124 g in 1 TUBE (35000-199-44)",Bubble Fruit,124 g,Paste / Gel,n.a.,n.a.,n.a. (FDA NDC product listing),https://api.fda.gov/drug/ndc.json?search=labeler_name:%22Colgate%22&limit=100&skip=0,UPC database,Medium,2026-08-31
CL-USA-COLGATE-0946,USA,Colgate,Toothbrush,Manual toothbrush,Colgate Kids,Colgate Kids Toothbrush Value Pack Ocean Explorer Extra Soft 4Ct,Target.com retailer listing.,Ocean,4 ct,Brush,n.a.,TCIN 75563150,Target,https://www.target.com/p/colgate-kids-toothbrush-value-pack-ocean-explorer-extra-soft-4ct/-/A-75563150,Retailer listing,High,2026-08-31
CL-USA-COLGATE-0947,USA,Colgate,Toothpaste,Toothpaste,Colgate Kids,"Colgate Kids Unicorn Academy Toothpaste with Fluoride, Mild Bubble Fruit Flavor","Turn regular brushing time into a fun Unicorn Academy adventure using Colgate Kids Unicorn Academy Toothpaste with Fluoride. Designed for children ages 2 and older, this kids anticavity toothpaste offers an irresistible Mild Bubble Fruit bubblegum toothpaste flavor that makes brushing teeth feel exciting.",Bubble Fruit,n.a.,Paste / Gel,827854024231,n.a.,Colgate.com US (brand site),https://www.colgate.com/en-us/products/toothpaste/colgate-unicorn-academy-kids-toothpaste,Brand site,Medium,2026-08-31
CL-USA-COLGATE-0948,USA,Colgate,Mouthwash & Rinse,Fluoride / therapeutic rinse,Colgate Kids,Colgate Kids Unicorn Alcohol Free,US FDA OTC drug listing. NDC 35000-334-84. Dosage form: RINSE. Package: 500 mL in 1 BOTTLE (35000-334-84),n.a.,500 mL,Liquid Rinse,n.a.,n.a.,n.a. (FDA NDC product listing),https://api.fda.gov/drug/ndc.json?search=labeler_name:%22Colgate%22&limit=100&skip=100,UPC database,Medium,2026-08-31
CL-USA-COLGATE-0949,USA,Colgate,Toothbrush,Manual toothbrush,Colgate Kids,Colgate Manual Minecraft Toothbrush Extra Soft 2 Pk,CVS.com retailer listing.,n.a.,2 ct,Brush,n.a.,prodid 475588,CVS Pharmacy,https://www.cvs.com/shop/colgate-manual-minecraft-toothbrush-extra-soft-2-pk-prodid-475588,Retailer listing,High,2026-08-31
CL-USA-COLGATE-0950,USA,Colgate,Toothpaste,Toothpaste,Colgate Kids,"Colgate Minecraft Toothpaste with Fluoride, Mild Bubble Fruit Flavor",Turn regular brushing time into a fun Minecraft adventure using Colgate Kids Minecraft Toothpaste with Fluoride.,Bubble Fruit,n.a.,Paste / Gel,827854016984,n.a.,Colgate.com US (brand site),https://www.colgate.com/en-us/products/toothpaste/kd-minecraft,Brand site,Medium,2026-08-31
CL-USA-COLGATE-0951,USA,Colgate,Toothpaste,Fluoride toothpaste (OTC anticavity),Colgate Kids,Colgate Minions Mild Bubble Fruit Fluoride,"US FDA OTC drug listing. NDC 35000-971-46. Dosage form: PASTE, DENTIFRICE. Package: 130 g in 1 TUBE (35000-971-46)",Bubble Fruit,130 g,Paste / Gel,n.a.,n.a.,n.a. (FDA NDC product listing),https://api.fda.gov/drug/ndc.json?search=labeler_name:%22Colgate%22&limit=100&skip=0,UPC database,Medium,2026-08-31
CL-USA-COLGATE-0952,USA,Colgate,Toothbrush,Manual toothbrush,Colgate Kids,Colgate My First Baby Toddler Toothbrush Extra Soft Bristles Ages 0 2 Ct,CVS.com retailer listing.,n.a.,2 ct,Brush,n.a.,prodid 306604,CVS Pharmacy,https://www.cvs.com/shop/colgate-my-first-baby-toddler-toothbrush-extra-soft-bristles-ages-0-2-2-ct-prodid-306604,Retailer listing,High,2026-08-31
CL-USA-COLGATE-0953,USA,Colgate,Toothbrush,Manual toothbrush,Colgate Kids,Colgate My First Baby and Toddler Toothpaste and Toothbrush,Colgate My First Baby and Toddler Toothpaste & Toothbrush combines the fluoride free nature of toddler toothpaste and the gentleness of an extra soft bristles toothbrush to gently and effectively clean teeth. The toddler toothpaste formula is made for kids under 2 years old and safe if swallowed.,n.a.,n.a.,Paste / Gel,035000783257,n.a.,Colgate.com US (brand site),https://www.colgate.com/en-us/products/giftset/colgate-my-first-baby-toddler-training-toothpaste-toothbrush,Brand site,Medium,2026-08-31
CL-USA-COLGATE-0954,USA,Colgate,Toothbrush,Manual toothbrush,Colgate Kids,Colgate My First Toothbrush,"My First Toothbrush from Colgate is designed for children age 2 and younger, with extra soft bristles for a gentle and effective clean. Try it today!",n.a.,n.a.,Brush,058000003453,n.a.,Colgate.com US (brand site),https://www.colgate.com/en-us/products/toothbrush/kids-my-first,Brand site,Medium,2026-08-31
CL-USA-COLGATE-0955,USA,Colgate,Toothbrush,Manual toothbrush,Colgate Kids,Colgate Pokémon Toothbrush,The Colgate Pokémon Toothbrush is the perfect kids toothbrush to encourage good oral habits early on! Extra Soft for Children 5+ years of age that is uniquely designed to make brushing fun and easy.,n.a.,n.a.,Brush,827854004837,n.a.,Colgate.com US (brand site),https://www.colgate.com/en-us/products/toothbrush/colgate-kids-mermaid-toothbrush,Brand site,Medium,2026-08-31
CL-USA-COLGATE-0956,USA,Colgate,Toothpaste,Toothpaste,Colgate Max Clean,"Colgate Max Clean Smart Foam Whitening Toothpaste, Effervescent Mint","Colgate Max Clean Smart Foam Whitening Toothpaste for Fresh Breath, Fresh Breath Toothpaste with Fluoride, Cleans Hard-to-Reach Spots and Whitens Teeth, Helps Breath Feel Fresh for Hours",Mint,n.a.,Paste / Gel,035000996701,n.a.,Colgate.com US (brand site),https://www.colgate.com/en-us/products/toothpaste/colgate-maxfresh-smartfoam,Brand site,Medium,2026-08-31
CL-USA-COLGATE-0957,USA,Colgate,Toothpaste,Fluoride toothpaste (OTC anticavity),Colgate Max Clean,Colgate MaxClean with Whitening Smartfoam,"US FDA OTC drug listing. NDC 35000-028-63. Dosage form: PASTE, DENTIFRICE. Package: 1 TUBE in 1 CARTON (35000-028-63) / 178 g in 1 TUBE",n.a.,178 g,Paste / Gel,n.a.,n.a.,n.a. (FDA NDC product listing),https://api.fda.gov/drug/ndc.json?search=labeler_name:%22Colgate%22&limit=100&skip=0,UPC database,Medium,2026-08-31
CL-USA-COLGATE-0958,USA,Colgate,Toothpaste,Fluoride toothpaste (OTC anticavity),Colgate Max Fresh,COLGATE MAX FRESH COCONUT PINEAPPLE,"US FDA OTC drug listing. NDC 35000-789-86. Dosage form: GEL, DENTIFRICE. Package: 1 TUBE in 1 CARTON (35000-789-86) / 127 g in 1 TUBE",Coconut,127 g,Paste / Gel,n.a.,n.a.,n.a. (FDA NDC product listing),https://api.fda.gov/drug/ndc.json?search=labeler_name:%22Colgate%22&limit=100&skip=100,UPC database,Medium,2026-08-31
CL-USA-COLGATE-0959,USA,Colgate,Toothpaste,Fluoride toothpaste (OTC anticavity),Colgate Max Fresh,COLGATE MAX FRESH COCONUT PINEAPPLE,"US FDA OTC drug listing. NDC 35000-789-99. Dosage form: GEL, DENTIFRICE. Package: 1 TUBE in 1 CARTON (35000-789-99) / 53.8 g in 1 TUBE",Coconut,53.8 g,Paste / Gel,n.a.,n.a.,n.a. (FDA NDC product listing),https://api.fda.gov/drug/ndc.json?search=labeler_name:%22Colgate%22&limit=100&skip=100,UPC database,Medium,2026-08-31
CL-USA-COLGATE-0960,USA,Colgate,Toothpaste,Fluoride toothpaste (OTC anticavity),Colgate Max Fresh,COLGATE MAX FRESH WATERMELON BLAST,"US FDA OTC drug listing. NDC 35000-788-86. Dosage form: GEL, DENTIFRICE. Package: 1 TUBE in 1 CARTON (35000-788-86) / 127 g in 1 TUBE",Watermelon,127 g,Paste / Gel,n.a.,n.a.,n.a. (FDA NDC product listing),https://api.fda.gov/drug/ndc.json?search=labeler_name:%22Colgate%22&limit=100&skip=100,UPC database,Medium,2026-08-31
CL-USA-COLGATE-0961,USA,Colgate,Toothpaste,Fluoride toothpaste (OTC anticavity),Colgate Max Fresh,COLGATE MAX FRESH WATERMELON BLAST,"US FDA OTC drug listing. NDC 35000-788-99. Dosage form: GEL, DENTIFRICE. Package: 1 TUBE in 1 CARTON (35000-788-99) / 53.8 g in 1 TUBE",Watermelon,53.8 g,Paste / Gel,n.a.,n.a.,n.a. (FDA NDC product listing),https://api.fda.gov/drug/ndc.json?search=labeler_name:%22Colgate%22&limit=100&skip=100,UPC database,Medium,2026-08-31
CL-USA-COLGATE-0962,USA,Colgate,Toothpaste,Fluoride toothpaste (OTC anticavity),Colgate Max Fresh,Colgate Max Fresh Advanced Whitening,"US FDA OTC drug listing. NDC 35000-899-95. Dosage form: GEL, DENTIFRICE. Package: 1 TUBE in 1 CARTON (35000-899-95) / 178 g in 1 TUBE",n.a.,178 g,Paste / Gel,n.a.,n.a.,n.a. (FDA NDC product listing),https://api.fda.gov/drug/ndc.json?search=labeler_name:%22Colgate%22&limit=100&skip=100,UPC database,Medium,2026-08-31
CL-USA-COLGATE-0963,USA,Colgate,Toothpaste,Fluoride toothpaste (OTC anticavity),Colgate Max Fresh,Colgate Max Fresh Advanced Whitening,"US FDA OTC drug listing. NDC 35000-899-78. Dosage form: GEL, DENTIFRICE. Package: 1 TUBE in 1 CARTON (35000-899-78) / 70.8 g in 1 TUBE",n.a.,70.8 g,Paste / Gel,n.a.,n.a.,n.a. (FDA NDC product listing),https://api.fda.gov/drug/ndc.json?search=labeler_name:%22Colgate%22&limit=100&skip=100,UPC database,Medium,2026-08-31
CL-USA-COLGATE-0964,USA,Colgate,Toothpaste,Toothpaste,Colgate Max Fresh,Colgate Max Fresh Advanced Whitening Toothpaste Clean Mint 6 Oz,Dollar General retailer listing.,Clean Mint,6 oz,Paste / Gel,n.a.,Dollar General item 35000995957,Dollar General,https://www.dollargeneral.com/p/colgate-max-fresh-advanced-whitening-toothpaste-clean-mint-6-oz/35000995957,Retailer listing,High,2026-08-31
CL-USA-COLGATE-0965,USA,Colgate,Toothpaste,Toothpaste,Colgate Max Fresh,Colgate Max Fresh Anticavity Fluoride Toothpaste Watermelon Blast With Mint 4.5 Oz,Dollar General retailer listing.,Watermelon,5 oz,Paste / Gel,n.a.,Dollar General item 827854026907,Dollar General,https://www.dollargeneral.com/p/colgate-max-fresh-anticavity-fluoride-toothpaste-watermelon-blast-with-mint-4-5-oz/827854026907,Retailer listing,High,2026-08-31
CL-USA-COLGATE-0966,USA,Colgate,Toothpaste,Toothpaste,Colgate Max Fresh,"Colgate Max Fresh Anticavity Fluoride Toothpaste, Pineapple Coconut Crush with Mint","Powered by Ultrafreeze, Colgate Max Fresh Pineapple Coconut Crush Toothpaste offers a refreshingly cool taste that leaves your breath feeling minty fresh. This fruity mint toothpaste, with hundreds of mini breath strips, releases an instant blast of freshness every time you brush.",Coconut,n.a.,Paste / Gel,827854026891,n.a.,Colgate.com US (brand site),https://www.colgate.com/en-us/products/toothpaste/colgate-max-fresh-pineapple-coconut-crunch-toothpaste,Brand site,Medium,2026-08-31
CL-USA-COLGATE-0967,USA,Colgate,Toothpaste,Toothpaste,Colgate Max Fresh,"Colgate Max Fresh Anticavity Fluoride Toothpaste, Watermelon Blast with Mint",Release an instant blast of fruit-flavored freshness with Colgate Max Fresh Anticavity Fluoride Toothpaste in Watermelon Blast with Mint.,Watermelon,n.a.,Paste / Gel,827854026907,n.a.,Colgate.com US (brand site),https://www.colgate.com/en-us/products/toothpaste/colgate-maxfresh-watermelon-blast,Brand site,Medium,2026-08-31
CL-USA-COLGATE-0968,USA,Colgate,Toothpaste,Fluoride toothpaste (OTC anticavity),Colgate Max Fresh,Colgate Max Fresh Clean Mint,"US FDA OTC drug listing. NDC 35000-430-95. Dosage form: GEL, DENTIFRICE. Package: 1 TUBE in 1 CARTON (35000-430-95) / 179 g in 1 TUBE",Clean Mint,179 g,Paste / Gel,n.a.,n.a.,n.a. (FDA NDC product listing),https://api.fda.gov/drug/ndc.json?search=labeler_name:%22Colgate%22&limit=100&skip=100,UPC database,Medium,2026-08-31
CL-USA-COLGATE-0969,USA,Colgate,Toothpaste,Fluoride toothpaste (OTC anticavity),Colgate Max Fresh,Colgate Max Fresh Clean Mint,"US FDA OTC drug listing. NDC 35000-430-99. Dosage form: GEL, DENTIFRICE. Package: 1 TUBE, WITH APPLICATOR in 1 CARTON (35000-430-99) / 53.8 g in 1 TUBE, WITH APPLICATOR",Clean Mint,53.8 g,Paste / Gel,n.a.,n.a.,n.a. (FDA NDC product listing),https://api.fda.gov/drug/ndc.json?search=labeler_name:%22Colgate%22&limit=100&skip=100,UPC database,Medium,2026-08-31
CL-USA-COLGATE-0970,USA,Colgate,Toothpaste,Fluoride toothpaste (OTC anticavity),Colgate Max Fresh,Colgate Max Fresh Clean Mint,"US FDA OTC drug listing. NDC 35000-430-58. Dosage form: GEL, DENTIFRICE. Package: 1 TUBE in 1 CARTON (35000-430-58) / 70 g in 1 TUBE",Clean Mint,70 g,Paste / Gel,n.a.,n.a.,n.a. (FDA NDC product listing),https://api.fda.gov/drug/ndc.json?search=labeler_name:%22Colgate%22&limit=100&skip=100,UPC database,Medium,2026-08-31
CL-USA-COLGATE-0971,USA,Colgate,Toothpaste,Toothpaste,Colgate Max Fresh,Colgate Max Fresh Coconut Pineapple Toothpaste 4.5 Oz,Target.com retailer listing.,Coconut,5 oz,Paste / Gel,n.a.,TCIN 94823724,Target,https://www.target.com/p/colgate-max-fresh-coconut-pineapple-toothpaste-4-5oz/-/A-94823724,Retailer listing,High,2026-08-31
CL-USA-COLGATE-0972,USA,Colgate,Toothpaste,Fluoride toothpaste (OTC anticavity),Colgate Max Fresh,Colgate Max Fresh Cool Mint,"US FDA OTC drug listing. NDC 35000-947-81. Dosage form: GEL, DENTIFRICE. Package: 130 g in 1 BOTTLE (35000-947-81)",Cool Mint,130 g,Paste / Gel,n.a.,n.a.,n.a. (FDA NDC product listing),https://api.fda.gov/drug/ndc.json?search=labeler_name:%22Colgate%22&limit=100&skip=0,UPC database,Medium,2026-08-31
CL-USA-COLGATE-0973,USA,Colgate,Toothpaste,Fluoride toothpaste (OTC anticavity),Colgate Max Fresh,Colgate Max Fresh Cool Mint,"US FDA OTC drug listing. NDC 35000-903-95. Dosage form: GEL, DENTIFRICE. Package: 1 TUBE in 1 CARTON (35000-903-95) / 178 g in 1 TUBE",Cool Mint,178 g,Paste / Gel,n.a.,n.a.,n.a. (FDA NDC product listing),https://api.fda.gov/drug/ndc.json?search=labeler_name:%22Colgate%22&limit=100&skip=200,UPC database,Medium,2026-08-31
CL-USA-COLGATE-0974,USA,Colgate,Toothpaste,Fluoride toothpaste (OTC anticavity),Colgate Max Fresh,Colgate Max Fresh Cool Mint,"US FDA OTC drug listing. NDC 35000-903-01. Dosage form: GEL, DENTIFRICE. Package: 1 TUBE in 1 CARTON (35000-903-01) / 28.3 g in 1 TUBE",Cool Mint,28.3 g,Paste / Gel,n.a.,n.a.,n.a. (FDA NDC product listing),https://api.fda.gov/drug/ndc.json?search=labeler_name:%22Colgate%22&limit=100&skip=200,UPC database,Medium,2026-08-31
CL-USA-COLGATE-0975,USA,Colgate,Toothpaste,Fluoride toothpaste (OTC anticavity),Colgate Max Fresh,Colgate Max Fresh Cool Mint,"US FDA OTC drug listing. NDC 35000-903-99. Dosage form: GEL, DENTIFRICE. Package: 1 TUBE in 1 CARTON (35000-903-99) / 53 g in 1 TUBE",Cool Mint,53 g,Paste / Gel,n.a.,n.a.,n.a. (FDA NDC product listing),https://api.fda.gov/drug/ndc.json?search=labeler_name:%22Colgate%22&limit=100&skip=200,UPC database,Medium,2026-08-31
CL-USA-COLGATE-0976,USA,Colgate,Toothpaste,Fluoride toothpaste (OTC anticavity),Colgate Max Fresh,Colgate Max Fresh Cool Mint,"US FDA OTC drug listing. NDC 35000-903-58. Dosage form: GEL, DENTIFRICE. Package: 1 TUBE in 1 CARTON (35000-903-58) / 70 g in 1 TUBE",Cool Mint,70 g,Paste / Gel,n.a.,n.a.,n.a. (FDA NDC product listing),https://api.fda.gov/drug/ndc.json?search=labeler_name:%22Colgate%22&limit=100&skip=200,UPC database,Medium,2026-08-31
CL-USA-COLGATE-0977,USA,Colgate,Toothpaste,Toothpaste,Colgate Max Fresh,Colgate Max Fresh Knockout Toothpaste With Breath Strips Electric Mint 6 Oz,Dollar General retailer listing.,Mint,6 oz,Paste / Gel,n.a.,Dollar General item 35000767240,Dollar General,https://www.dollargeneral.com/p/colgate-max-fresh-knockout-toothpaste-with-breath-strips-electric-mint-6-oz/35000767240,Retailer listing,High,2026-08-31
CL-USA-COLGATE-0978,USA,Colgate,Toothpaste,Toothpaste,Colgate Max Fresh,Colgate Max Fresh Knockout Toothpaste With Mini Breath Strips Mint Fusion 6.3 Oz,CVS.com retailer listing.,Mint,3 oz,Paste / Gel,n.a.,prodid 1410026 / skuId 186730,CVS Pharmacy,https://www.cvs.com/shop/colgate-max-fresh-knockout-toothpaste-with-mini-breath-strips-mint-fusion-6-3-oz-prodid-1410026?skuId=186730,Retailer listing,High,2026-08-31
CL-USA-COLGATE-0979,USA,Colgate,Toothpaste,Toothpaste,Colgate Max Fresh,"Colgate Max Fresh Knockout with Toothpaste with Mini Breath Strips, Mint Toothpaste for Bad Breath",Listed on Colgate brand site product carousel with barcode 035000767240,Mint,n.a.,Paste / Gel,035000767240,n.a.,Colgate.com US (brand site),https://www.colgate.com/en-us/products/toothpaste/colgate-maxfresh-knockout,Brand site,Medium,2026-08-31
CL-USA-COLGATE-0980,USA,Colgate,Toothpaste,Toothpaste,Colgate Max Fresh,Colgate Max Fresh Mint Toothpaste with Charcoal,"Colgate Max Fresh Toothpaste with Charcoal fights cavities, whitens teeth, and freshens breath.",Fresh Mint,n.a.,Paste / Gel,035000988713,n.a.,Colgate.com US (brand site),https://www.colgate.com/en-us/products/toothpaste/colgate-maxfresh-charcoal,Brand site,Medium,2026-08-31
CL-USA-COLGATE-0981,USA,Colgate,Toothpaste,Toothpaste,Colgate Max Fresh,Colgate Max Fresh Toothpaste Clean Mint 6.3 Oz 3Pk,Target.com retailer listing.,Clean Mint,"3 oz, 3 ct",Paste / Gel,n.a.,TCIN 87085886,Target,https://www.target.com/p/colgate-max-fresh-toothpaste-clean-mint-6-3oz-3pk/-/A-87085886,Retailer listing,High,2026-08-31
CL-USA-COLGATE-0982,USA,Colgate,Toothpaste,Toothpaste,Colgate Max Fresh,Colgate Max Fresh Toothpaste Cool Mint 1.9 Oz,Target.com retailer listing.,Cool Mint,9 oz,Paste / Gel,n.a.,TCIN 94328766,Target,https://www.target.com/p/colgate-max-fresh-toothpaste-cool-mint-1-9oz/-/A-94328766,Retailer listing,High,2026-08-31
CL-USA-COLGATE-0983,USA,Colgate,Toothpaste,Toothpaste,Colgate Max Fresh,Colgate Max Fresh Toothpaste Knockout 6.3 Oz 3Pk,Target.com retailer listing.,n.a.,"3 oz, 3 ct",Paste / Gel,n.a.,TCIN 87085888,Target,https://www.target.com/p/colgate-max-fresh-toothpaste-knockout-6-3oz-3pk/-/A-87085888,Retailer listing,High,2026-08-31
CL-USA-COLGATE-0984,USA,Colgate,Toothpaste,Toothpaste,Colgate Max Fresh,Colgate Max Fresh Toothpaste With Mini Breath Strips Clean Mint,CVS.com retailer listing.,Clean Mint,n.a.,Paste / Gel,n.a.,prodid 275748,CVS Pharmacy,https://www.cvs.com/shop/colgate-max-fresh-toothpaste-with-mini-breath-strips-clean-mint-prodid-275748,Retailer listing,High,2026-08-31
CL-USA-COLGATE-0985,USA,Colgate,Toothpaste,Toothpaste,Colgate Max Fresh,Colgate Max Fresh Toothpaste With Mini Breath Strips Clean Mint 6 Oz,Dollar General retailer listing.,Clean Mint,6 oz,Paste / Gel,n.a.,Dollar General item 35000764690,Dollar General,https://www.dollargeneral.com/p/colgate-max-fresh-toothpaste-with-mini-breath-strips-clean-mint-6-oz/35000764690,Retailer listing,High,2026-08-31
CL-USA-COLGATE-0986,USA,Colgate,Toothpaste,Toothpaste,Colgate Max Fresh,Colgate Max Fresh Toothpaste With Mini Breath Strips Cool Mint,CVS.com retailer listing.,Cool Mint,n.a.,Paste / Gel,n.a.,prodid 275752 / skuId 749467,CVS Pharmacy,https://www.cvs.com/shop/colgate-max-fresh-toothpaste-with-mini-breath-strips-cool-mint-prodid-275752?skuId=749467,Retailer listing,High,2026-08-31
CL-USA-COLGATE-0987,USA,Colgate,Toothpaste,Toothpaste,Colgate Max Fresh,Colgate Max Fresh Toothpaste With Mini Breath Strips Cool Mint 6 Oz,Dollar General retailer listing.,Cool Mint,6 oz,Paste / Gel,n.a.,Dollar General item 35000764522,Dollar General,https://www.dollargeneral.com/p/colgate-max-fresh-toothpaste-with-mini-breath-strips-cool-mint-6-oz/35000764522,Retailer listing,High,2026-08-31
CL-USA-COLGATE-0988,USA,Colgate,Toothpaste,Toothpaste,Colgate Max Fresh,Colgate Max Fresh Toothpaste With Mini Breath Strips Cool Mint 6.3 Oz,Target.com retailer listing.,Cool Mint,3 oz,Paste / Gel,n.a.,TCIN 1012287959,Target,https://www.target.com/p/colgate-max-fresh-toothpaste-with-mini-breath-strips-cool-mint-6-3oz/-/A-1012287959,Retailer listing,High,2026-08-31
CL-USA-COLGATE-0989,USA,Colgate,Toothpaste,Toothpaste,Colgate Max Fresh,"Colgate Max Fresh Toothpaste with Mini Breath Strips, Clean Mint Toothpaste for Bad Breath","Colgate Max Fresh Clean Mint Toothpaste, Fresh Breath Toothpaste with Fluoride and Hundreds of Breath Strips, Leaves Mouth Feeling Refreshed for Hours",Clean Mint,n.a.,Paste / Gel,035000996718,n.a.,Colgate.com US (brand site),https://www.colgate.com/en-us/products/toothpaste/colgate-maxfresh-cleanmint,Brand site,Medium,2026-08-31
CL-USA-COLGATE-0990,USA,Colgate,Toothpaste,Toothpaste,Colgate Max Fresh,Colgate Max Fresh Watermelon Blast Toothpaste 4.5 Oz,Target.com retailer listing.,Watermelon,5 oz,Paste / Gel,n.a.,TCIN 94823734,Target,https://www.target.com/p/colgate-max-fresh-watermelon-blast-toothpaste-4-5oz/-/A-94823734,Retailer listing,High,2026-08-31
CL-USA-COLGATE-0991,USA,Colgate,Toothpaste,Toothpaste,Colgate Max Fresh,Colgate Max Fresh Whitening Toothpaste With Mini Breath Strips Clean Mint 6.3 Oz,Dollar General retailer listing.,Clean Mint,3 oz,Paste / Gel,n.a.,Dollar General item 35000996718,Dollar General,https://www.dollargeneral.com/p/colgate-max-fresh-whitening-toothpaste-with-mini-breath-strips-clean-mint-6-3-oz/35000996718,Retailer listing,High,2026-08-31
CL-USA-COLGATE-0992,USA,Colgate,Toothbrush,Manual toothbrush,Colgate Max Fresh,"Colgate Max Fresh Wisp Disposable Mini Travel Toothbrushes, Peppermint","Colgate Max Fresh Wisp is your go-to brush on-the-go. Its bristles gently remove food and other particles, while the built-in freshening bead releases minty freshness. No water or rinsing is necessary, making it perfect for when you travel, or any time you’re out and about.",Peppermint,n.a.,Brush,035000680761,n.a.,Colgate.com US (brand site),https://www.colgate.com/en-us/products/toothbrush/mf-wisp,Brand site,Medium,2026-08-31
CL-USA-COLGATE-0993,USA,Colgate,Toothpaste,Toothpaste,Colgate Max Fresh,"Colgate Max Fresh with Whitening Toothpaste with Mini Breath Strips, Cool Mint","<p>Colgate Max Fresh with Whitening Toothpaste has 1X longer lasting cool*, so you can breathe confidently. This breath freshening toothpaste has a unique toothpaste formula that is packed with hundreds of mini breath strips and unleashes a powerful rush of freshness for long-lasting fresh breath.</p><br/><p> </p><br/><p>*vs a leading fluoride toothpaste</p>",Cool Mint,n.a.,Paste / Gel,035000996671,n.a.,Colgate.com US (brand site),https://www.colgate.com/en-us/products/toothpaste/colgate-maxfresh-coolmint,Brand site,Medium,2026-08-31
CL-USA-COLGATE-0994,USA,Colgate,Toothpaste,Fluoride toothpaste (OTC anticavity),Colgate Max Fresh,Colgate MaxFresh Charcoal,"US FDA OTC drug listing. NDC 35000-990-69. Dosage form: GEL, DENTIFRICE. Package: 1 TUBE in 1 CARTON (35000-990-69) / 113 g in 1 TUBE",Charcoal,113 g,Paste / Gel,n.a.,n.a.,n.a. (FDA NDC product listing),https://api.fda.gov/drug/ndc.json?search=labeler_name:%22Colgate%22&limit=100&skip=0,UPC database,Medium,2026-08-31
CL-USA-COLGATE-0995,USA,Colgate,Toothpaste,Fluoride toothpaste (OTC anticavity),Colgate Max Fresh,Colgate MaxFresh Charcoal,"US FDA OTC drug listing. NDC 35000-213-95. Dosage form: GEL, DENTIFRICE. Package: 1 TUBE in 1 CARTON (35000-213-95) / 178 g in 1 TUBE",Charcoal,178 g,Paste / Gel,n.a.,n.a.,n.a. (FDA NDC product listing),https://api.fda.gov/drug/ndc.json?search=labeler_name:%22Colgate%22&limit=100&skip=0,UPC database,Medium,2026-08-31
CL-USA-COLGATE-0996,USA,Colgate,Toothpaste,Fluoride toothpaste (OTC anticavity),Colgate Max Fresh,Colgate MaxFresh Charcoal,"US FDA OTC drug listing. NDC 35000-990-58. Dosage form: GEL, DENTIFRICE. Package: 1 TUBE in 1 CARTON (35000-990-58) / 70.8 g in 1 TUBE",Charcoal,70.8 g,Paste / Gel,n.a.,n.a.,n.a. (FDA NDC product listing),https://api.fda.gov/drug/ndc.json?search=labeler_name:%22Colgate%22&limit=100&skip=0,UPC database,Medium,2026-08-31
CL-USA-COLGATE-0997,USA,Colgate,Toothpaste,Fluoride toothpaste (OTC anticavity),Colgate Max Fresh,Colgate MaxFresh Citrus Fresh,"US FDA OTC drug listing. NDC 35000-137-48. Dosage form: GEL, DENTIFRICE. Package: 1 TUBE in 1 CARTON (35000-137-48) / 136 g in 1 TUBE",Citrus,136 g,Paste / Gel,n.a.,n.a.,n.a. (FDA NDC product listing),https://api.fda.gov/drug/ndc.json?search=labeler_name:%22Colgate%22&limit=100&skip=0,UPC database,Medium,2026-08-31
CL-USA-COLGATE-0998,USA,Colgate,Toothpaste,Fluoride toothpaste (OTC anticavity),Colgate Max Fresh,Colgate MaxFresh Clean Mint,"US FDA OTC drug listing. NDC 35000-212-62. Dosage form: GEL, DENTIFRICE. Package: 2 TUBE in 1 CARTON (35000-212-62) / 170 g in 1 TUBE",Clean Mint,170 g,Paste / Gel,n.a.,n.a.,n.a. (FDA NDC product listing),https://api.fda.gov/drug/ndc.json?search=labeler_name:%22Colgate%22&limit=100&skip=0,UPC database,Medium,2026-08-31
CL-USA-COLGATE-0999,USA,Colgate,Toothpaste,Fluoride toothpaste (OTC anticavity),Colgate Max Fresh,Colgate MaxFresh Clean Mint,"US FDA OTC drug listing. NDC 35000-212-30. Dosage form: GEL, DENTIFRICE. Package: 3 CARTON in 1 CELLO PACK (35000-212-30) / 1 TUBE in 1 CARTON / 178 g in 1 TUBE",Clean Mint,178 g,Paste / Gel,n.a.,n.a.,n.a. (FDA NDC product listing),https://api.fda.gov/drug/ndc.json?search=labeler_name:%22Colgate%22&limit=100&skip=0,UPC database,Medium,2026-08-31
CL-USA-COLGATE-1000,USA,Colgate,Toothpaste,Fluoride toothpaste (OTC anticavity),Colgate Max Fresh,Colgate MaxFresh Cool Mint,"US FDA OTC drug listing. NDC 35000-211-55. Dosage form: GEL, DENTIFRICE. Package: 1 TUBE in 1 CARTON (35000-211-55) / 170 g in 1 TUBE",Cool Mint,170 g,Paste / Gel,n.a.,n.a.,n.a. (FDA NDC product listing),https://api.fda.gov/drug/ndc.json?search=labeler_name:%22Colgate%22&limit=100&skip=0,UPC database,Medium,2026-08-31
CL-USA-COLGATE-1001,USA,Colgate,Toothpaste,Fluoride toothpaste (OTC anticavity),Colgate Max Fresh,Colgate MaxFresh Cool Mint,"US FDA OTC drug listing. NDC 35000-211-30. Dosage form: GEL, DENTIFRICE. Package: 3 CARTON in 1 CELLO PACK (35000-211-30) / 1 TUBE in 1 CARTON / 178 g in 1 TUBE",Cool Mint,178 g,Paste / Gel,n.a.,n.a.,n.a. (FDA NDC product listing),https://api.fda.gov/drug/ndc.json?search=labeler_name:%22Colgate%22&limit=100&skip=0,UPC database,Medium,2026-08-31
CL-USA-COLGATE-1002,USA,Colgate,Toothpaste,Fluoride toothpaste (OTC anticavity),Colgate Max Fresh,Colgate MaxFresh Cool Mint,"US FDA OTC drug listing. NDC 35000-211-73. Dosage form: GEL, DENTIFRICE. Package: 1 TUBE in 1 CARTON (35000-211-73) / 206 g in 1 TUBE",Cool Mint,206 g,Paste / Gel,n.a.,n.a.,n.a. (FDA NDC product listing),https://api.fda.gov/drug/ndc.json?search=labeler_name:%22Colgate%22&limit=100&skip=0,UPC database,Medium,2026-08-31
CL-USA-COLGATE-1003,USA,Colgate,Toothpaste,Fluoride toothpaste (OTC anticavity),Colgate Max Fresh,Colgate MaxFresh Knockout,"US FDA OTC drug listing. NDC 35000-127-30. Dosage form: PASTE, DENTIFRICE. Package: 3 CARTON in 1 CELLO PACK (35000-127-30) / 1 TUBE in 1 CARTON / 178 g in 1 TUBE",n.a.,178 g,Paste / Gel,n.a.,n.a.,n.a. (FDA NDC product listing),https://api.fda.gov/drug/ndc.json?search=labeler_name:%22Colgate%22&limit=100&skip=0,UPC database,Medium,2026-08-31
CL-USA-COLGATE-1004,USA,Colgate,Toothpaste,Fluoride toothpaste (OTC anticavity),Colgate Max Fresh,Colgate MaxFresh Watermelon Blast,"US FDA OTC drug listing. NDC 35000-138-48. Dosage form: GEL, DENTIFRICE. Package: 1 TUBE in 1 CARTON (35000-138-48) / 136 g in 1 TUBE",Watermelon,136 g,Paste / Gel,n.a.,n.a.,n.a. (FDA NDC product listing),https://api.fda.gov/drug/ndc.json?search=labeler_name:%22Colgate%22&limit=100&skip=0,UPC database,Medium,2026-08-31
CL-USA-COLGATE-1005,USA,Colgate,Toothpaste,Fluoride toothpaste (OTC anticavity),Colgate Max Fresh,Colgate MaxFresh with Mini Breath Clean Mint,"US FDA OTC drug listing. NDC 35000-013-30. Dosage form: PASTE, DENTIFRICE. Package: 3 CARTON in 1 CELLO PACK (35000-013-30) / 1 TUBE in 1 CARTON / 178 g in 1 TUBE",Clean Mint,178 g,Paste / Gel,n.a.,n.a.,n.a. (FDA NDC product listing),https://api.fda.gov/drug/ndc.json?search=labeler_name:%22Colgate%22&limit=100&skip=0,UPC database,Medium,2026-08-31
CL-USA-COLGATE-1006,USA,Colgate,Toothpaste,Fluoride toothpaste (OTC anticavity),Colgate Max Fresh,Colgate MaxFresh with Mini Breath Cool Mint,"US FDA OTC drug listing. NDC 35000-014-30. Dosage form: PASTE, DENTIFRICE. Package: 3 CARTON in 1 CELLO PACK (35000-014-30) / 1 TUBE in 1 CARTON / 178 g in 1 TUBE",Cool Mint,178 g,Paste / Gel,n.a.,n.a.,n.a. (FDA NDC product listing),https://api.fda.gov/drug/ndc.json?search=labeler_name:%22Colgate%22&limit=100&skip=0,UPC database,Medium,2026-08-31
CL-USA-COLGATE-1007,USA,Colgate,Toothpaste,Fluoride toothpaste (OTC anticavity),Colgate Max Fresh,Colgate MaxFresh with Mini Breath Cool Mint,"US FDA OTC drug listing. NDC 35000-014-73. Dosage form: PASTE, DENTIFRICE. Package: 1 TUBE in 1 CARTON (35000-014-73) / 206 g in 1 TUBE",Cool Mint,206 g,Paste / Gel,n.a.,n.a.,n.a. (FDA NDC product listing),https://api.fda.gov/drug/ndc.json?search=labeler_name:%22Colgate%22&limit=100&skip=0,UPC database,Medium,2026-08-31
CL-USA-COLGATE-1008,USA,Colgate,Toothpaste,Fluoride toothpaste (OTC anticavity),Colgate Max Fresh,Colgate MaxFresh with Whitening KnockOut Fluoride,"US FDA OTC drug listing. NDC 35000-972-63. Dosage form: GEL, DENTIFRICE. Package: 1 TUBE in 1 CARTON (35000-972-63) / 178 g in 1 TUBE",n.a.,178 g,Paste / Gel,n.a.,n.a.,n.a. (FDA NDC product listing),https://api.fda.gov/drug/ndc.json?search=labeler_name:%22Colgate%22&limit=100&skip=0,UPC database,Medium,2026-08-31
CL-USA-COLGATE-1009,USA,Colgate,Toothpaste,Fluoride toothpaste (OTC anticavity),Colgate Max Fresh,Colgate MaxFresh with Whitening KnockOut Fluoride,"US FDA OTC drug listing. NDC 35000-972-99. Dosage form: GEL, DENTIFRICE. Package: 1 TUBE in 1 CARTON (35000-972-99) / 54 g in 1 TUBE",n.a.,54 g,Paste / Gel,n.a.,n.a.,n.a. (FDA NDC product listing),https://api.fda.gov/drug/ndc.json?search=labeler_name:%22Colgate%22&limit=100&skip=0,UPC database,Medium,2026-08-31
CL-USA-COLGATE-1010,USA,Colgate,Toothpaste,Fluoride toothpaste (OTC anticavity),Colgate Max Fresh,Colgate MaxFresh with Whitening KnockOut Fluoride,"US FDA OTC drug listing. NDC 35000-972-58. Dosage form: GEL, DENTIFRICE. Package: 1 TUBE in 1 CARTON (35000-972-58) / 70 g in 1 TUBE",n.a.,70 g,Paste / Gel,n.a.,n.a.,n.a. (FDA NDC product listing),https://api.fda.gov/drug/ndc.json?search=labeler_name:%22Colgate%22&limit=100&skip=0,UPC database,Medium,2026-08-31
CL-USA-COLGATE-1011,USA,Colgate,Toothpaste,Toothpaste,Colgate Max Fresh,Colgate Maxfresh Advanced Whitening Toothpaste Clean Mint 6.3 Oz,Dollar General retailer listing.,Clean Mint,3 oz,Paste / Gel,n.a.,Dollar General item 35000996121,Dollar General,https://www.dollargeneral.com/p/colgate-maxfresh-advanced-whitening-toothpaste-clean-mint-6-3-oz/35000996121,Retailer listing,High,2026-08-31
CL-USA-COLGATE-1012,USA,Colgate,Toothbrush,Manual toothbrush,Colgate Max Fresh,Colgate Maxfresh Anticavity Fluoride Travel Toothbrush Cool Mint 1 Oz,CVS.com retailer listing.,Cool Mint,1 oz,Brush,n.a.,prodid 1730003 / skuId 844691,CVS Pharmacy,https://www.cvs.com/shop/colgate-maxfresh-anticavity-fluoride-travel-toothbrush-cool-mint-1-oz-prodid-1730003?skuId=844691,Retailer listing,High,2026-08-31
CL-USA-COLGATE-1013,USA,Colgate,Toothpaste,Toothpaste,Colgate Max Fresh,Colgate Maxfresh Cool Mint Toothpaste 3 Pack 6.3 Oz,Dollar General retailer listing.,Cool Mint,"3 oz, 3 ct",Paste / Gel,n.a.,Dollar General item 827854000099,Dollar General,https://www.dollargeneral.com/p/colgate-maxfresh-cool-mint-toothpaste-3-pack-6-3-oz/827854000099,Retailer listing,High,2026-08-31
CL-USA-COLGATE-1014,USA,Colgate,Toothpaste,Toothpaste,Colgate Max Fresh,Colgate Maxfresh Cool Mint Toothpaste 5 Pk73 Oz,BJ's Wholesale Club retailer listing.,Cool Mint,73 oz,Paste / Gel,n.a.,BJ's article 3000000000003732777,BJ's Wholesale Club,https://www.bjs.com/product/colgate-maxfresh-cool-mint-toothpaste-5-pk73-oz/3000000000003732777/,Retailer listing,High,2026-08-31
CL-USA-COLGATE-1015,USA,Colgate,Toothpaste,Toothpaste,Colgate Max Fresh,Colgate Maxfresh Cool Mint Toothpaste 6.3 Oz,Dollar General retailer listing.,Cool Mint,3 oz,Paste / Gel,n.a.,Dollar General item 35000996671,Dollar General,https://www.dollargeneral.com/p/colgate-maxfresh-cool-mint-toothpaste-6-3-oz/35000996671,Retailer listing,High,2026-08-31
CL-USA-COLGATE-1016,USA,Colgate,Toothpaste,Toothpaste,Colgate Max Fresh,Colgate Maxfresh Cool Mint Toothpaste Travel Toothpaste 2.5 Oz,Dollar General retailer listing.,Cool Mint,5 oz,Paste / Gel,n.a.,Dollar General item 35000767165,Dollar General,https://www.dollargeneral.com/p/colgate-maxfresh-cool-mint-toothpaste-travel-toothpaste-2-5-oz/35000767165,Retailer listing,High,2026-08-31
CL-USA-COLGATE-1017,USA,Colgate,Toothpaste,Toothpaste,Colgate Max Fresh,Colgate Maxfresh Knockout Mint Toothpaste 6.3 Oz,Dollar General retailer listing.,Mint,3 oz,Paste / Gel,n.a.,Dollar General item 35000996640,Dollar General,https://www.dollargeneral.com/p/colgate-maxfresh-knockout-mint-toothpaste-6-3-oz/35000996640,Retailer listing,High,2026-08-31
CL-USA-COLGATE-1018,USA,Colgate,Toothpaste,Toothpaste,Colgate Max Fresh,Colgate Maxfresh Mint Toothpaste With Charcoal 4.0 Oz,Dollar General retailer listing.,Charcoal,4.0 oz,Paste / Gel,n.a.,Dollar General item 827854017738,Dollar General,https://www.dollargeneral.com/p/colgate-maxfresh-mint-toothpaste-with-charcoal-4-0-oz/827854017738,Retailer listing,High,2026-08-31
CL-USA-COLGATE-1019,USA,Colgate,Toothpaste,Toothpaste,Colgate Max Fresh,Colgate Maxfresh Toothpaste Mini Breath Strips Cool Mint,Sam's Club retailer listing.,Cool Mint,n.a.,Paste / Gel,n.a.,Sam's Club item 13904955212,Sam's Club,https://www.samsclub.com/ip/colgate-maxfresh-toothpaste-mini-breath-strips-cool-mint/13904955212,Retailer listing,High,2026-08-31
CL-USA-COLGATE-1020,USA,Colgate,Toothpaste,Toothpaste,Colgate Max Fresh,Colgate Maxfresh Toothpaste With Whitening Mini Breath Strips,Sam's Club retailer listing.,n.a.,n.a.,Paste / Gel,n.a.,Sam's Club item 13858501362,Sam's Club,https://www.samsclub.com/ip/colgate-maxfresh-toothpaste-with-whitening-mini-breath-strips/13858501362,Retailer listing,High,2026-08-31
CL-USA-COLGATE-1021,USA,Colgate,Toothpaste,Fluoride toothpaste (OTC anticavity),Colgate Max White,COLGATE MAX WHITE WITH MINI BRIGHT STRIPS Crystal MINT,"US FDA OTC drug listing. NDC 35000-908-81. Dosage form: GEL, DENTIFRICE. Package: 130 g in 1 BOTTLE (35000-908-81)",Mint,130 g,Paste / Gel,n.a.,n.a.,n.a. (FDA NDC product listing),https://api.fda.gov/drug/ndc.json?search=labeler_name:%22Colgate%22&limit=100&skip=0,UPC database,Medium,2026-08-31
CL-USA-COLGATE-1022,USA,Colgate,Toothpaste,Fluoride toothpaste (OTC anticavity),Colgate Optic White,COLGATE OPTIC WHITE ADVANCED ENAMEL STRENGTH,"US FDA OTC drug listing. NDC 35000-921-58. Dosage form: PASTE, DENTIFRICE. Package: 1 TUBE in 1 CARTON (35000-921-58) / 70.8 g in 1 TUBE",n.a.,70.8 g,Paste / Gel,n.a.,n.a.,n.a. (FDA NDC product listing),https://api.fda.gov/drug/ndc.json?search=labeler_name:%22Colgate%22&limit=100&skip=0,UPC database,Medium,2026-08-31
CL-USA-COLGATE-1023,USA,Colgate,Toothpaste,Fluoride toothpaste (OTC anticavity),Colgate Optic White,COLGATE OPTIC WHITE ADVANCED ENAMEL STRENGTH,"US FDA OTC drug listing. NDC 35000-921-32. Dosage form: PASTE, DENTIFRICE. Package: 1 TUBE in 1 CARTON (35000-921-32) / 90 g in 1 TUBE",n.a.,90 g,Paste / Gel,n.a.,n.a.,n.a. (FDA NDC product listing),https://api.fda.gov/drug/ndc.json?search=labeler_name:%22Colgate%22&limit=100&skip=0,UPC database,Medium,2026-08-31
CL-USA-COLGATE-1024,USA,Colgate,Toothpaste,Fluoride toothpaste (OTC anticavity),Colgate Optic White,COLGATE OPTIC WHITE ADVANCED OXYGENATING WHITE,"US FDA OTC drug listing. NDC 35000-933-32. Dosage form: PASTE, DENTIFRICE. Package: 1 TUBE in 1 CARTON (35000-933-32) / 70.8 g in 1 TUBE",n.a.,70.8 g,Paste / Gel,n.a.,n.a.,n.a. (FDA NDC product listing),https://api.fda.gov/drug/ndc.json?search=labeler_name:%22Colgate%22&limit=100&skip=0,UPC database,Medium,2026-08-31
CL-USA-COLGATE-1025,USA,Colgate,Toothpaste,Fluoride toothpaste (OTC anticavity),Colgate Optic White,COLGATE OPTIC WHITE ADVANCED OXYGENATING WHITE,"US FDA OTC drug listing. NDC 35000-933-90. Dosage form: PASTE, DENTIFRICE. Package: 1 TUBE in 1 CARTON (35000-933-90) / 90 g in 1 TUBE",n.a.,90 g,Paste / Gel,n.a.,n.a.,n.a. (FDA NDC product listing),https://api.fda.gov/drug/ndc.json?search=labeler_name:%22Colgate%22&limit=100&skip=0,UPC database,Medium,2026-08-31
CL-USA-COLGATE-1026,USA,Colgate,Toothpaste,Fluoride toothpaste (OTC anticavity),Colgate Optic White,COLGATE OPTIC WHITE ADVANCED VIBRANT CLEAN,"US FDA OTC drug listing. NDC 35000-979-78. Dosage form: PASTE, DENTIFRICE. Package: 1 TUBE in 1 CARTON (35000-979-78) / 70.8 g in 1 TUBE",n.a.,70.8 g,Paste / Gel,n.a.,n.a.,n.a. (FDA NDC product listing),https://api.fda.gov/drug/ndc.json?search=labeler_name:%22Colgate%22&limit=100&skip=0,UPC database,Medium,2026-08-31
CL-USA-COLGATE-1027,USA,Colgate,Toothpaste,Fluoride toothpaste (OTC anticavity),Colgate Optic White,COLGATE OPTIC WHITE ADVANCED VIBRANT CLEAN,"US FDA OTC drug listing. NDC 35000-979-86. Dosage form: PASTE, DENTIFRICE. Package: 1 TUBE in 1 CARTON (35000-979-86) / 90 g in 1 TUBE",n.a.,90 g,Paste / Gel,n.a.,n.a.,n.a. (FDA NDC product listing),https://api.fda.gov/drug/ndc.json?search=labeler_name:%22Colgate%22&limit=100&skip=0,UPC database,Medium,2026-08-31
CL-USA-COLGATE-1028,USA,Colgate,Toothpaste,Fluoride toothpaste (OTC anticavity),Colgate Optic White,COLGATE OPTIC WHITE CHARCOAL,"US FDA OTC drug listing. NDC 35000-798-59. Dosage form: PASTE, DENTIFRICE. Package: 1 TUBE in 1 CARTON (35000-798-59) / 107 g in 1 TUBE",Charcoal,107 g,Paste / Gel,n.a.,n.a.,n.a. (FDA NDC product listing),https://api.fda.gov/drug/ndc.json?search=labeler_name:%22Colgate%22&limit=100&skip=100,UPC database,Medium,2026-08-31
CL-USA-COLGATE-1029,USA,Colgate,Toothpaste,Fluoride toothpaste (OTC anticavity),Colgate Optic White,COLGATE OPTIC WHITE CHARCOAL,"US FDA OTC drug listing. NDC 35000-798-78. Dosage form: PASTE, DENTIFRICE. Package: 1 TUBE in 1 CARTON (35000-798-78) / 70.8 g in 1 TUBE",Charcoal,70.8 g,Paste / Gel,n.a.,n.a.,n.a. (FDA NDC product listing),https://api.fda.gov/drug/ndc.json?search=labeler_name:%22Colgate%22&limit=100&skip=100,UPC database,Medium,2026-08-31
CL-USA-COLGATE-1030,USA,Colgate,Toothpaste,Fluoride toothpaste (OTC anticavity),Colgate Optic White,COLGATE OPTIC WHITE NON-HP STAIN FIGHTER FRESH MINT,"US FDA OTC drug listing. NDC 35000-797-59. Dosage form: PASTE, DENTIFRICE. Package: 1 TUBE in 1 CARTON (35000-797-59) / 107 g in 1 TUBE",Fresh Mint,107 g,Paste / Gel,n.a.,n.a.,n.a. (FDA NDC product listing),https://api.fda.gov/drug/ndc.json?search=labeler_name:%22Colgate%22&limit=100&skip=100,UPC database,Medium,2026-08-31
CL-USA-COLGATE-1031,USA,Colgate,Toothpaste,Fluoride toothpaste (OTC anticavity),Colgate Optic White,COLGATE OPTIC WHITE PRO SERIES EXPRESS WHITE,"US FDA OTC drug listing. NDC 35000-794-62. Dosage form: PASTE, DENTIFRICE. Package: 2 TUBE in 1 CARTON (35000-794-62) / 85 g in 1 TUBE",n.a.,85 g,Paste / Gel,n.a.,n.a.,n.a. (FDA NDC product listing),https://api.fda.gov/drug/ndc.json?search=labeler_name:%22Colgate%22&limit=100&skip=100,UPC database,Medium,2026-08-31
CL-USA-COLGATE-1032,USA,Colgate,Toothpaste,Fluoride toothpaste (OTC anticavity),Colgate Optic White,COLGATE OPTIC WHITE PRO SERIES HI WHITE,"US FDA OTC drug listing. NDC 35000-792-63. Dosage form: PASTE, DENTIFRICE. Package: 1 TUBE in 1 CARTON (35000-792-63) / 85 g in 1 TUBE",n.a.,85 g,Paste / Gel,n.a.,n.a.,n.a. (FDA NDC product listing),https://api.fda.gov/drug/ndc.json?search=labeler_name:%22Colgate%22&limit=100&skip=100,UPC database,Medium,2026-08-31
CL-USA-COLGATE-1033,USA,Colgate,Toothpaste,Fluoride toothpaste (OTC anticavity),Colgate Optic White,COLGATE OPTIC WHITE PURPLE,"US FDA OTC drug listing. NDC 35000-796-59. Dosage form: PASTE, DENTIFRICE. Package: 1 TUBE in 1 CARTON (35000-796-59) / 107 g in 1 TUBE",n.a.,107 g,Paste / Gel,n.a.,n.a.,n.a. (FDA NDC product listing),https://api.fda.gov/drug/ndc.json?search=labeler_name:%22Colgate%22&limit=100&skip=100,UPC database,Medium,2026-08-31
CL-USA-COLGATE-1034,USA,Colgate,Toothpaste,Fluoride toothpaste (OTC anticavity),Colgate Optic White,COLGATE OPTIC WHITE PURPLE,"US FDA OTC drug listing. NDC 35000-796-58. Dosage form: PASTE, DENTIFRICE. Package: 1 TUBE in 1 CARTON (35000-796-58) / 70.8 g in 1 TUBE",n.a.,70.8 g,Paste / Gel,n.a.,n.a.,n.a. (FDA NDC product listing),https://api.fda.gov/drug/ndc.json?search=labeler_name:%22Colgate%22&limit=100&skip=100,UPC database,Medium,2026-08-31
CL-USA-COLGATE-1035,USA,Colgate,Toothpaste,Fluoride toothpaste (OTC anticavity),Colgate Optic White,COLGATE OPTIC WHITE RELIEF,"US FDA OTC drug listing. NDC 35000-799-59. Dosage form: PASTE, DENTIFRICE. Package: 1 TUBE in 1 CARTON (35000-799-59) / 107 g in 1 TUBE",n.a.,107 g,Paste / Gel,n.a.,n.a.,n.a. (FDA NDC product listing),https://api.fda.gov/drug/ndc.json?search=labeler_name:%22Colgate%22&limit=100&skip=100,UPC database,Medium,2026-08-31
CL-USA-COLGATE-1036,USA,Colgate,Toothbrush,Manual toothbrush,Colgate Optic White,Colgate 360 Advanced Optic White Toothbrush Medium Bristle,CVS.com retailer listing.,n.a.,n.a.,Brush,n.a.,prodid 408177,CVS Pharmacy,https://www.cvs.com/shop/colgate-360-advanced-optic-white-toothbrush-medium-bristle-prodid-408177,Retailer listing,High,2026-08-31
CL-USA-COLGATE-1037,USA,Colgate,Toothbrush,Manual toothbrush,Colgate Optic White,Colgate 360 Advanced Optic White Toothbrush Soft Bristle 2 Ct,CVS.com retailer listing.,n.a.,2 ct,Brush,n.a.,prodid 235881,CVS Pharmacy,https://www.cvs.com/shop/colgate-360-advanced-optic-white-toothbrush-soft-bristle-2-ct-prodid-235881,Retailer listing,High,2026-08-31
CL-USA-COLGATE-1038,USA,Colgate,Toothbrush,Manual toothbrush,Colgate Optic White,Colgate 360 Optic White Toothbrush,CVS.com retailer listing.,n.a.,n.a.,Brush,n.a.,prodid 855377,CVS Pharmacy,https://www.cvs.com/shop/colgate-360-optic-white-toothbrush-prodid-855377,Retailer listing,High,2026-08-31
CL-USA-COLGATE-1039,USA,Colgate,Toothbrush,Manual toothbrush,Colgate Optic White,Colgate 360 Optic White Whitening Toothbrush Medium 2 Ct,CVS.com retailer listing.,n.a.,2 ct,Brush,n.a.,prodid 1910082 / skuId 304208,CVS Pharmacy,https://www.cvs.com/shop/colgate-360-optic-white-whitening-toothbrush-medium-2-ct-prodid-1910082?skuId=304208,Retailer listing,High,2026-08-31
CL-USA-COLGATE-1040,USA,Colgate,Toothbrush,Manual toothbrush,Colgate Optic White,Colgate 360 Optic White Whitening Toothbrush Soft,Target.com retailer listing.,n.a.,n.a.,Brush,n.a.,TCIN 79146913,Target,https://www.target.com/p/colgate-360-optic-white-whitening-toothbrush-soft/-/A-79146913,Retailer listing,High,2026-08-31
CL-USA-COLGATE-1041,USA,Colgate,Toothbrush,Manual toothbrush,Colgate Optic White,Colgate 360 Optic White Whitening Toothbrush Soft Bristle 4 Ct,CVS.com retailer listing.,n.a.,4 ct,Brush,n.a.,prodid 2310040 / skuId 381597,CVS Pharmacy,https://www.cvs.com/shop/colgate-360-optic-white-whitening-toothbrush-soft-bristle-4-ct-prodid-2310040?skuId=381597,Retailer listing,High,2026-08-31
CL-USA-COLGATE-1042,USA,Colgate,Toothbrush,Manual toothbrush,Colgate Optic White,Colgate Optic White 360 Toothbrush 8 Pack,Sam's Club retailer listing.,n.a.,8 ct,Brush,n.a.,Sam's Club item 13953713971,Sam's Club,https://www.samsclub.com/ip/colgate-optic-white-360-toothbrush-8-pack/13953713971,Retailer listing,High,2026-08-31
CL-USA-COLGATE-1043,USA,Colgate,Toothbrush,Electric / battery toothbrush,Colgate Optic White,"Colgate Optic White Adult Sonic Battery Toothbrush, Soft",Experience the power of brightness at your fingertips* with the Colgate Optic White Adult Battery Toothbrush.,n.a.,n.a.,Brush,827854024224,n.a.,Colgate.com US (brand site),https://www.colgate.com/en-us/products/toothbrush/colgate-optic-white-powered-toothbrush,Brand site,Medium,2026-08-31
CL-USA-COLGATE-1044,USA,Colgate,Toothpaste,Toothpaste,Colgate Optic White,Colgate Optic White Adv Whitening Toothpaste Icy Fresh 3.2 Oz 3Pk,Target.com retailer listing.,n.a.,"2 oz, 3 ct",Paste / Gel,n.a.,TCIN 83388556,Target,https://www.target.com/p/colgate-optic-white-adv-whitening-toothpaste-icy-fresh-3-2oz-3pk/-/A-83388556,Retailer listing,High,2026-08-31
CL-USA-COLGATE-1045,USA,Colgate,Toothpaste,Toothpaste,Colgate Optic White,Colgate Optic White Advanced Enamel Strength Toothpaste 3.2 Oz,CVS.com retailer listing.,n.a.,2 oz,Paste / Gel,n.a.,prodid 447212,CVS Pharmacy,https://www.cvs.com/shop/colgate-optic-white-advanced-enamel-strength-toothpaste-3-2-oz-prodid-447212,Retailer listing,High,2026-08-31
CL-USA-COLGATE-1046,USA,Colgate,Toothpaste,Toothpaste,Colgate Optic White,Colgate Optic White Advanced Enamel Strength Toothpaste with 2% Hydrogen Peroxide,"<p>Powered by HP Complex, our unique formulation of Hydrogen Peroxide, Optic White Advanced removes 5 years of deep-set stains for visibly whiter teeth (when brushing twice daily for 2 weeks).</p>",n.a.,n.a.,Paste / Gel,827854026686,n.a.,Colgate.com US (brand site),https://www.colgate.com/en-us/products/toothpaste/colgate-optic-white-advanced-enamel-strength,Brand site,Medium,2026-08-31
CL-USA-COLGATE-1047,USA,Colgate,Toothpaste,Fluoride toothpaste (OTC anticavity),Colgate Optic White,Colgate Optic White Advanced Icy Fresh,"US FDA OTC drug listing. NDC 35000-977-44. Dosage form: PASTE, DENTIFRICE. Package: 2 TUBE in 1 CARTON (35000-977-44) / 127 g in 1 TUBE",n.a.,127 g,Paste / Gel,n.a.,n.a.,n.a. (FDA NDC product listing),https://api.fda.gov/drug/ndc.json?search=labeler_name:%22Colgate%22&limit=100&skip=0,UPC database,Medium,2026-08-31
CL-USA-COLGATE-1048,USA,Colgate,Toothpaste,Fluoride toothpaste (OTC anticavity),Colgate Optic White,Colgate Optic White Advanced Icy Fresh,"US FDA OTC drug listing. NDC 35000-977-32. Dosage form: PASTE, DENTIFRICE. Package: 1 TUBE in 1 CARTON (35000-977-32) / 90 g in 1 TUBE",n.a.,90 g,Paste / Gel,n.a.,n.a.,n.a. (FDA NDC product listing),https://api.fda.gov/drug/ndc.json?search=labeler_name:%22Colgate%22&limit=100&skip=0,UPC database,Medium,2026-08-31
CL-USA-COLGATE-1049,USA,Colgate,Toothpaste,Toothpaste,Colgate Optic White,Colgate Optic White Advanced Icy Fresh Toothpaste With 2 Hydrogen Peroxide Mint 3.2 Oz,Dollar General retailer listing.,Mint,2 oz,Paste / Gel,n.a.,Dollar General item 35000971593,Dollar General,https://www.dollargeneral.com/p/colgate-optic-white-advanced-icy-fresh-toothpaste-with-2-hydrogen-peroxide-mint-3-2-oz/35000971593,Retailer listing,High,2026-08-31
CL-USA-COLGATE-1050,USA,Colgate,Toothpaste,Toothpaste,Colgate Optic White,Colgate Optic White Advanced Icy Fresh Toothpaste with 2% Hydrogen Peroxide,Listed on Colgate brand site product carousel with barcode 035000971593,n.a.,n.a.,Paste / Gel,035000971593,n.a.,Colgate.com US (brand site),https://www.colgate.com/en-us/products/toothpaste/optic-white-advanced-toothpaste-icy-fresh,Brand site,Medium,2026-08-31
CL-USA-COLGATE-1051,USA,Colgate,Toothpaste,Fluoride toothpaste (OTC anticavity),Colgate Optic White,Colgate Optic White Advanced Sparkling White,"US FDA OTC drug listing. NDC 35000-978-71. Dosage form: PASTE, DENTIFRICE. Package: 1 TUBE in 1 CARTON (35000-978-71) / 119 g in 1 TUBE",n.a.,119 g,Paste / Gel,n.a.,n.a.,n.a. (FDA NDC product listing),https://api.fda.gov/drug/ndc.json?search=labeler_name:%22Colgate%22&limit=100&skip=0,UPC database,Medium,2026-08-31
CL-USA-COLGATE-1052,USA,Colgate,Toothpaste,Fluoride toothpaste (OTC anticavity),Colgate Optic White,Colgate Optic White Advanced Sparkling White,"US FDA OTC drug listing. NDC 35000-978-44. Dosage form: PASTE, DENTIFRICE. Package: 2 TUBE in 1 CARTON (35000-978-44) / 127 g in 1 TUBE",n.a.,127 g,Paste / Gel,n.a.,n.a.,n.a. (FDA NDC product listing),https://api.fda.gov/drug/ndc.json?search=labeler_name:%22Colgate%22&limit=100&skip=0,UPC database,Medium,2026-08-31
CL-USA-COLGATE-1053,USA,Colgate,Toothpaste,Fluoride toothpaste (OTC anticavity),Colgate Optic White,Colgate Optic White Advanced Sparkling White,"US FDA OTC drug listing. NDC 35000-978-16. Dosage form: PASTE, DENTIFRICE. Package: 1 TUBE in 1 CARTON (35000-978-16) / 21.2 g in 1 TUBE",n.a.,21.2 g,Paste / Gel,n.a.,n.a.,n.a. (FDA NDC product listing),https://api.fda.gov/drug/ndc.json?search=labeler_name:%22Colgate%22&limit=100&skip=0,UPC database,Medium,2026-08-31
CL-USA-COLGATE-1054,USA,Colgate,Toothpaste,Fluoride toothpaste (OTC anticavity),Colgate Optic White,Colgate Optic White Advanced Sparkling White,"US FDA OTC drug listing. NDC 35000-978-14. Dosage form: PASTE, DENTIFRICE. Package: 1 TUBE in 1 CARTON (35000-978-14) / 41 g in 1 TUBE",n.a.,41 g,Paste / Gel,n.a.,n.a.,n.a. (FDA NDC product listing),https://api.fda.gov/drug/ndc.json?search=labeler_name:%22Colgate%22&limit=100&skip=0,UPC database,Medium,2026-08-31
CL-USA-COLGATE-1055,USA,Colgate,Toothpaste,Fluoride toothpaste (OTC anticavity),Colgate Optic White,Colgate Optic White Advanced Sparkling White,"US FDA OTC drug listing. NDC 35000-978-25. Dosage form: PASTE, DENTIFRICE. Package: 1 TUBE in 1 CARTON (35000-978-25) / 70.8 g in 1 TUBE",n.a.,70.8 g,Paste / Gel,n.a.,n.a.,n.a. (FDA NDC product listing),https://api.fda.gov/drug/ndc.json?search=labeler_name:%22Colgate%22&limit=100&skip=0,UPC database,Medium,2026-08-31
CL-USA-COLGATE-1056,USA,Colgate,Toothpaste,Fluoride toothpaste (OTC anticavity),Colgate Optic White,Colgate Optic White Advanced Sparkling White,"US FDA OTC drug listing. NDC 35000-978-32. Dosage form: PASTE, DENTIFRICE. Package: 1 TUBE in 1 CARTON (35000-978-32) / 90 g in 1 TUBE",n.a.,90 g,Paste / Gel,n.a.,n.a.,n.a. (FDA NDC product listing),https://api.fda.gov/drug/ndc.json?search=labeler_name:%22Colgate%22&limit=100&skip=0,UPC database,Medium,2026-08-31
CL-USA-COLGATE-1057,USA,Colgate,Toothpaste,Toothpaste,Colgate Optic White,Colgate Optic White Advanced Sparkling White Toothpaste With 2 Hydrogen Peroxide Mint 3.2 Oz,Dollar General retailer listing.,Mint,2 oz,Paste / Gel,n.a.,Dollar General item 35000971623,Dollar General,https://www.dollargeneral.com/p/colgate-optic-white-advanced-sparkling-white-toothpaste-with-2-hydrogen-peroxide-mint-3-2-oz/35000971623,Retailer listing,High,2026-08-31
CL-USA-COLGATE-1058,USA,Colgate,Toothpaste,Toothpaste,Colgate Optic White,Colgate Optic White Advanced Sparkling White Toothpaste With 2 Hydrogen Peroxide Travel Size Mint 0 75 Oz,Dollar General retailer listing.,Mint,75 oz,Paste / Gel,n.a.,Dollar General item 35000972767,Dollar General,https://www.dollargeneral.com/p/colgate-optic-white-advanced-sparkling-white-toothpaste-with-2-hydrogen-peroxide-travel-size-mint-0-75-oz/35000972767,Retailer listing,High,2026-08-31
CL-USA-COLGATE-1059,USA,Colgate,Toothpaste,Toothpaste,Colgate Optic White,Colgate Optic White Advanced Stain Prevention Toothpaste 3.2 Oz,CVS.com retailer listing.,n.a.,2 oz,Paste / Gel,n.a.,prodid 447160,CVS Pharmacy,https://www.cvs.com/shop/colgate-optic-white-advanced-stain-prevention-toothpaste-3-2-oz-prodid-447160,Retailer listing,High,2026-08-31
CL-USA-COLGATE-1060,USA,Colgate,Toothpaste,Toothpaste,Colgate Optic White,Colgate Optic White Advanced Stain Prevention Toothpaste with 2% Hydrogen Peroxide,"Powered by HP Complex, our unique formulation of Hydrogen Peroxide, Optic White Advanced removes 5 years of deep-set stains for visibly whiter teeth (when brushing twice daily for 2 weeks).",n.a.,n.a.,Paste / Gel,827854026877,n.a.,Colgate.com US (brand site),https://www.colgate.com/en-us/products/toothpaste/colgate-optic-white-advanced-stain-prevention,Brand site,Medium,2026-08-31
CL-USA-COLGATE-1061,USA,Colgate,Toothpaste,Toothpaste,Colgate Optic White,Colgate Optic White Advanced Teeth Whitening Toothpaste Icy Fresh 3.2 Oz,CVS.com retailer listing.,n.a.,2 oz,Paste / Gel,n.a.,prodid 874110,CVS Pharmacy,https://www.cvs.com/shop/colgate-optic-white-advanced-teeth-whitening-toothpaste-icy-fresh-3-2-oz-prodid-874110,Retailer listing,High,2026-08-31
CL-USA-COLGATE-1062,USA,Colgate,Toothpaste,Toothpaste,Colgate Optic White,Colgate Optic White Advanced Teeth Whitening Toothpaste Icy Fresh 4.5 Oz,CVS.com retailer listing.,n.a.,5 oz,Paste / Gel,n.a.,prodid 874108,CVS Pharmacy,https://www.cvs.com/shop/colgate-optic-white-advanced-teeth-whitening-toothpaste-icy-fresh-4-5-oz-prodid-874108,Retailer listing,High,2026-08-31
CL-USA-COLGATE-1063,USA,Colgate,Toothpaste,Toothpaste,Colgate Optic White,Colgate Optic White Advanced Teeth Whitening Toothpaste Icy Fresh 4.5 Oz 2 Pack,CVS.com retailer listing.,n.a.,"5 oz, 2 ct",Paste / Gel,n.a.,prodid 2680088 / skuId 415152,CVS Pharmacy,https://www.cvs.com/shop/colgate-optic-white-advanced-teeth-whitening-toothpaste-icy-fresh-4-5-oz-2-pack-prodid-2680088?skuId=415152,Retailer listing,High,2026-08-31
CL-USA-COLGATE-1064,USA,Colgate,Toothpaste,Toothpaste,Colgate Optic White,Colgate Optic White Advanced Teeth Whitening Toothpaste Sparkling White,Sam's Club retailer listing.,n.a.,n.a.,Paste / Gel,n.a.,Sam's Club item 3500097622,Sam's Club,https://www.samsclub.com/ip/colgate-optic-white-advanced-teeth-whitening-toothpaste-sparkling-white/3500097622,Retailer listing,High,2026-08-31
CL-USA-COLGATE-1065,USA,Colgate,Toothpaste,Toothpaste,Colgate Optic White,Colgate Optic White Advanced Teeth Whitening Toothpaste Sparkling White 0 75 Oz,CVS.com retailer listing.,n.a.,75 oz,Paste / Gel,n.a.,prodid 854352,CVS Pharmacy,https://www.cvs.com/shop/colgate-optic-white-advanced-teeth-whitening-toothpaste-sparkling-white-0-75-oz-prodid-854352,Retailer listing,High,2026-08-31
CL-USA-COLGATE-1066,USA,Colgate,Toothpaste,Toothpaste,Colgate Optic White,Colgate Optic White Advanced Teeth Whitening Toothpaste Sparkling White 3.2 Oz,CVS.com retailer listing.,n.a.,2 oz,Paste / Gel,n.a.,prodid 854346,CVS Pharmacy,https://www.cvs.com/shop/colgate-optic-white-advanced-teeth-whitening-toothpaste-sparkling-white-3-2-oz-prodid-854346,Retailer listing,High,2026-08-31
CL-USA-COLGATE-1067,USA,Colgate,Toothpaste,Toothpaste,Colgate Optic White,Colgate Optic White Advanced Teeth Whitening Toothpaste Sparkling White 3.2 Oz 2 Pack,CVS.com retailer listing.,n.a.,"2 oz, 2 ct",Paste / Gel,n.a.,prodid 854343,CVS Pharmacy,https://www.cvs.com/shop/colgate-optic-white-advanced-teeth-whitening-toothpaste-sparkling-white-3-2-oz-2-pack-prodid-854343,Retailer listing,High,2026-08-31
CL-USA-COLGATE-1068,USA,Colgate,Toothpaste,Toothpaste,Colgate Optic White,Colgate Optic White Advanced Teeth Whitening Toothpaste Sparkling White 4.5 Oz,CVS.com retailer listing.,n.a.,5 oz,Paste / Gel,n.a.,prodid 854345,CVS Pharmacy,https://www.cvs.com/shop/colgate-optic-white-advanced-teeth-whitening-toothpaste-sparkling-white-4-5-oz-prodid-854345,Retailer listing,High,2026-08-31
CL-USA-COLGATE-1069,USA,Colgate,Toothpaste,Toothpaste,Colgate Optic White,Colgate Optic White Advanced Teeth Whitening Toothpaste Sparkling White 4.5 Oz 2 Pack,CVS.com retailer listing.,n.a.,"5 oz, 2 ct",Paste / Gel,n.a.,prodid 237392,CVS Pharmacy,https://www.cvs.com/shop/colgate-optic-white-advanced-teeth-whitening-toothpaste-sparkling-white-4-5-oz-2-pack-prodid-237392,Retailer listing,High,2026-08-31
CL-USA-COLGATE-1070,USA,Colgate,Toothbrush,Manual toothbrush,Colgate Optic White,Colgate Optic White Advanced Teeth Whitening Toothpaste and Adult Whitening Toothbrush Kit,<p>Reveal a brighter smile at home with the Colgate Optic White Advanced Teeth Whitening Bundle Kit.</p><br/><p> </p>,n.a.,n.a.,Paste / Gel,827854031109,n.a.,Colgate.com US (brand site),https://www.colgate.com/en-us/products/whitening-products/colgate-optic-white-adult-advanced-kit,Brand site,Medium,2026-08-31
CL-USA-COLGATE-1071,USA,Colgate,Toothpaste,Toothpaste,Colgate Optic White,"Colgate Optic White Advanced Teeth Whitening Toothpaste, Sparkling White",Listed on Colgate brand site product carousel with barcode 035000971623,n.a.,n.a.,Paste / Gel,035000971623,n.a.,Colgate.com US (brand site),https://www.colgate.com/en-us/products/toothpaste/optic-white-advanced,Brand site,Medium,2026-08-31
CL-USA-COLGATE-1072,USA,Colgate,Mouthwash & Rinse,Mouthwash / rinse,Colgate Optic White,Colgate Optic White Advanced Whitening Mouthwash Alcohol Free Icy Fresh Mint 16 Oz,CVS.com retailer listing.,Fresh Mint,16 oz,Liquid Rinse,n.a.,prodid 1340057 / skuId 747330,CVS Pharmacy,https://www.cvs.com/shop/colgate-optic-white-advanced-whitening-mouthwash-alcohol-free-icy-fresh-mint-16-oz-prodid-1340057?skuId=747330,Retailer listing,High,2026-08-31
CL-USA-COLGATE-1073,USA,Colgate,Toothpaste,Toothpaste,Colgate Optic White,Colgate Optic White Advanced Whitening Toothpaste Icy Fresh 3.2 Oz,Target.com retailer listing.,n.a.,2 oz,Paste / Gel,n.a.,TCIN 87008211,Target,https://www.target.com/p/colgate-optic-white-advanced-whitening-toothpaste-icy-fresh-3-2oz/-/A-87008211,Retailer listing,High,2026-08-31
CL-USA-COLGATE-1074,USA,Colgate,Toothpaste,Toothpaste,Colgate Optic White,Colgate Optic White Advanced Whitening Toothpaste Icy Fresh 3.2 Oz 1Pk,Target.com retailer listing.,n.a.,"2 oz, 1 ct",Paste / Gel,n.a.,TCIN 76579084,Target,https://www.target.com/p/colgate-optic-white-advanced-whitening-toothpaste-icy-fresh-3-2oz-1pk/-/A-76579084,Retailer listing,High,2026-08-31
CL-USA-COLGATE-1075,USA,Colgate,Toothpaste,Toothpaste,Colgate Optic White,Colgate Optic White Advanced Whitening Toothpaste With Fluoride 2 Hydrogen Peroxide Sparkling White 3.2 Oz,Target.com retailer listing.,n.a.,2 oz,Paste / Gel,n.a.,TCIN 85566854,Target,https://www.target.com/p/colgate-optic-white-advanced-whitening-toothpaste-with-fluoride-2-hydrogen-peroxide-sparkling-white-3-2oz/-/A-85566854,Retailer listing,High,2026-08-31
CL-USA-COLGATE-1076,USA,Colgate,Toothpaste,Toothpaste,Colgate Optic White,Colgate Optic White Advanced With 2 Hydrogen Peroxide Sparkling White Toothpaste Mint 5 Pk42 Oz,BJ's Wholesale Club retailer listing.,Mint,42 oz,Paste / Gel,n.a.,BJ's article 3000000000002224757,BJ's Wholesale Club,https://www.bjs.com/product/colgate-optic-white-advanced-with-2-hydrogen-peroxide-sparkling-white-toothpaste---mint-5-pk42-oz/3000000000002224757/,Retailer listing,High,2026-08-31
CL-USA-COLGATE-1077,USA,Colgate,Toothpaste,Toothpaste,Colgate Optic White,Colgate Optic White Anticavity Stain Fighter Toothpaste With Baking Soda Clean Mint 3.8 Oz,CVS.com retailer listing.,Clean Mint,8 oz,Paste / Gel,n.a.,prodid 832677,CVS Pharmacy,https://www.cvs.com/shop/colgate-optic-white-anticavity-stain-fighter-toothpaste-with-baking-soda-clean-mint-3-8-oz-prodid-832677,Retailer listing,High,2026-08-31
CL-USA-COLGATE-1078,USA,Colgate,Toothpaste,Fluoride toothpaste (OTC anticavity),Colgate Optic White,Colgate Optic White Charcoal,"US FDA OTC drug listing. NDC 35000-988-71. Dosage form: PASTE, DENTIFRICE. Package: 1 TUBE in 1 CARTON (35000-988-71) / 119 g in 1 TUBE",Charcoal,119 g,Paste / Gel,n.a.,n.a.,n.a. (FDA NDC product listing),https://api.fda.gov/drug/ndc.json?search=labeler_name:%22Colgate%22&limit=100&skip=0,UPC database,Medium,2026-08-31
CL-USA-COLGATE-1079,USA,Colgate,Toothbrush,Manual toothbrush,Colgate Optic White,Colgate Optic White Charcoal Soft Toothbrush For Adults 1 Pack,Dollar General retailer listing.,Charcoal,1 ct,Brush,n.a.,Dollar General item 827854024699,Dollar General,https://www.dollargeneral.com/p/colgate-optic-white-charcoal-soft-toothbrush-for-adults-1-pack/827854024699,Retailer listing,High,2026-08-31
CL-USA-COLGATE-1080,USA,Colgate,Toothbrush,Manual toothbrush,Colgate Optic White,Colgate Optic White Charcoal Toothbrush Soft 2 Ct,CVS.com retailer listing.,Charcoal,2 ct,Brush,n.a.,prodid 447442,CVS Pharmacy,https://www.cvs.com/shop/colgate-optic-white-charcoal-toothbrush-soft-2-ct-prodid-447442,Retailer listing,High,2026-08-31
CL-USA-COLGATE-1081,USA,Colgate,Toothbrush,Manual toothbrush,Colgate Optic White,Colgate Optic White Charcoal Toothbrush Soft 2Ct,Target.com retailer listing.,Charcoal,2 ct,Brush,n.a.,TCIN 94823748,Target,https://www.target.com/p/colgate-optic-white-charcoal-toothbrush-soft-2ct/-/A-94823748,Retailer listing,High,2026-08-31
CL-USA-COLGATE-1082,USA,Colgate,Whitening,Whitening pen / strips / kit,Colgate Optic White,Colgate Optic White Colgate Optic White Overnight Teeth Whitening Pen,n.a.,n.a.,n.a.,Whitening Device / Strip,n.a.,n.a.,Colgate.com US (brand site),https://www.colgate.com/en-us/products/specialty,Brand site,Medium,2026-08-31
CL-USA-COLGATE-1083,USA,Colgate,Whitening,Whitening pen / strips / kit,Colgate Optic White,Colgate Optic White Express Teeth Whitening Pen 35 Treatments 0 08 Oz,CVS.com retailer listing.,n.a.,08 oz,Whitening Device / Strip,n.a.,prodid 253967,CVS Pharmacy,https://www.cvs.com/shop/colgate-optic-white-express-teeth-whitening-pen-35-treatments-0-08-oz-prodid-253967,Retailer listing,High,2026-08-31
CL-USA-COLGATE-1084,USA,Colgate,Mouthwash & Rinse,Mouthwash / rinse,Colgate Optic White,Colgate Optic White High Impact Mouthwash Alcohol Free Icy Fresh Mint,CVS.com retailer listing.,Fresh Mint,n.a.,Liquid Rinse,n.a.,prodid 1011508 / skuId 897465,CVS Pharmacy,https://www.cvs.com/shop/colgate-optic-white-high-impact-mouthwash-alcohol-free-icy-fresh-mint-prodid-1011508?skuId=897465,Retailer listing,High,2026-08-31
CL-USA-COLGATE-1085,USA,Colgate,Whitening,Whitening pen / strips / kit,Colgate Optic White,Colgate Optic White Overnight Teeth Whitening Pen 35 Nightly Treatments,CVS.com retailer listing.,n.a.,n.a.,Whitening Device / Strip,n.a.,prodid 333095,CVS Pharmacy,https://www.cvs.com/shop/colgate-optic-white-overnight-teeth-whitening-pen-35-nightly-treatments-prodid-333095,Retailer listing,High,2026-08-31
CL-USA-COLGATE-1086,USA,Colgate,Whitening,Whitening pen / strips / kit,Colgate Optic White,Colgate Optic White Overnight Teeth Whitening Pen Teeth Stain Remover To Whiten Teeth 35 Nightly Treatments Hydrogen Peroxide Gel 0 08 Fl Oz,Target.com retailer listing.,n.a.,08 fl oz,Paste / Gel,n.a.,TCIN 79700057,Target,https://www.target.com/p/colgate-optic-white-overnight-teeth-whitening-pen-teeth-stain-remover-to-whiten-teeth-35-nightly-treatments-hydrogen-peroxide-gel-0-08-fl-oz/-/A-79700057,Retailer listing,High,2026-08-31
CL-USA-COLGATE-1087,USA,Colgate,Toothpaste,Fluoride toothpaste (OTC anticavity),Colgate Optic White,Colgate Optic White Platinum Stain-Less,"US FDA OTC drug listing. NDC 35000-973-32. Dosage form: PASTE, DENTIFRICE. Package: 1 TUBE in 1 CARTON (35000-973-32) / 90 g in 1 TUBE",n.a.,90 g,Paste / Gel,n.a.,n.a.,n.a. (FDA NDC product listing),https://api.fda.gov/drug/ndc.json?search=labeler_name:%22Colgate%22&limit=100&skip=0,UPC database,Medium,2026-08-31
CL-USA-COLGATE-1088,USA,Colgate,Toothpaste,Toothpaste,Colgate Optic White,Colgate Optic White Platinum Teeth Whitening Toothpaste 4 Pk,Sam's Club retailer listing.,n.a.,4 ct,Paste / Gel,n.a.,Sam's Club item 13850822156,Sam's Club,https://www.samsclub.com/ip/colgate-optic-white-platinum-teeth-whitening-toothpaste-4-pk/13850822156,Retailer listing,High,2026-08-31
CL-USA-COLGATE-1089,USA,Colgate,Toothpaste,Toothpaste,Colgate Optic White,Colgate Optic White Pro Series Anticavity Fluoride Toothpaste With 5 Hydrogen Peroxide Vividly Fresh 3.0 Oz,CVS.com retailer listing.,n.a.,3.0 oz,Paste / Gel,n.a.,prodid 414260,CVS Pharmacy,https://www.cvs.com/shop/colgate-optic-white-pro-series-anticavity-fluoride-toothpaste-with-5-hydrogen-peroxide-vividly-fresh-3-0-oz-prodid-414260,Retailer listing,High,2026-08-31
CL-USA-COLGATE-1090,USA,Colgate,Toothpaste,Toothpaste,Colgate Optic White,Colgate Optic White Pro Series Anticavity Whitening Toothpaste With Fluoride And 5 Hydrogen Peroxide Stain Prevention 3 Oz,CVS.com retailer listing.,n.a.,3 oz,Paste / Gel,n.a.,prodid 565430,CVS Pharmacy,https://www.cvs.com/shop/colgate-optic-white-pro-series-anticavity-whitening-toothpaste-with-fluoride-and-5-hydrogen-peroxide-stain-prevention-3-oz-prodid-565430,Retailer listing,High,2026-08-31
CL-USA-COLGATE-1091,USA,Colgate,Toothbrush,Manual toothbrush,Colgate Optic White,Colgate Optic White Pro Series Express White Toothbrush 3Oz 2Pk,Target.com retailer listing.,n.a.,"3 oz, 2 ct",Brush,n.a.,TCIN 94823736,Target,https://www.target.com/p/colgate-optic-white-pro-series-express-white-toothbrush-3oz-2pk/-/A-94823736,Retailer listing,High,2026-08-31
CL-USA-COLGATE-1092,USA,Colgate,Toothpaste,Toothpaste,Colgate Optic White,Colgate Optic White Pro Series Express White Toothpaste,"Powered by HP Complex, our unique formulation of Hydrogen Peroxide, Optic White Pro Series gives you 5X whiter teeth than the leading whitening toothpaste after 1 day*. This clinically proven formula contains Hydrogen Peroxide, the same whitening ingredient used by dentists.<br/>*vs. Crest 3D White Advanced silica-based toothpaste. Use as directed.",n.a.,n.a.,Paste / Gel,827854027003,n.a.,Colgate.com US (brand site),https://www.colgate.com/en-us/products/toothpaste/colgate-optic-white-pro-series-express-white-toothpaste,Brand site,Medium,2026-08-31
CL-USA-COLGATE-1093,USA,Colgate,Toothpaste,Toothpaste,Colgate Optic White,Colgate Optic White Pro Series Express White Toothpaste 3Oz,Target.com retailer listing.,n.a.,3 oz,Paste / Gel,n.a.,TCIN 94823721,Target,https://www.target.com/p/colgate-optic-white-pro-series-express-white-toothpaste-3oz/-/A-94823721,Retailer listing,High,2026-08-31
CL-USA-COLGATE-1094,USA,Colgate,Toothpaste,Toothpaste,Colgate Optic White,Colgate Optic White Pro Series Express White Toothpaste With 5 Hydrogen Peroxide 3.0 Oz,Dollar General retailer listing.,n.a.,3.0 oz,Paste / Gel,n.a.,Dollar General item 827854027003,Dollar General,https://www.dollargeneral.com/p/colgate-optic-white-pro-series-express-white-toothpaste-with-5-hydrogen-peroxide-3-0-oz/827854027003,Retailer listing,High,2026-08-31
CL-USA-COLGATE-1095,USA,Colgate,Toothbrush,Electric / battery toothbrush,Colgate Optic White,"Colgate Optic White Pro Series Sonic Battery Powered Toothbrush, Black<br/>",Introducing the Colgate Optic White Pro Series Battery Toothbrush.,n.a.,n.a.,Brush,n.a.,n.a.,Colgate.com US (brand site),https://www.colgate.com/en-us/products/toothbrush/optic-white-pro-series-power-black,Brand site,Medium,2026-08-31
CL-USA-COLGATE-1096,USA,Colgate,Toothpaste,Toothpaste,Colgate Optic White,Colgate Optic White Pro Series Stain Prevention Toothpaste 3 Oz 2 Ct,CVS.com retailer listing.,n.a.,"3 oz, 2 ct",Paste / Gel,n.a.,prodid 864472,CVS Pharmacy,https://www.cvs.com/shop/colgate-optic-white-pro-series-stain-prevention-toothpaste-3-oz-2-ct-prodid-864472,Retailer listing,High,2026-08-31
CL-USA-COLGATE-1097,USA,Colgate,Toothpaste,Toothpaste,Colgate Optic White,Colgate Optic White Pro Series Vibrant Clean Toothpaste,"Powered by HP Complex, our unique formulation of Hydrogen Peroxide, Optic White Pro Series gives you 5X whiter teeth than the leading whitening toothpaste after 1 day*. This clinically proven formula contains Hydrogen Peroxide, the same whitening ingredient used by dentists.<br/>*vs. Crest 3D White Advanced silica-based toothpaste. Use as directed.",n.a.,n.a.,Paste / Gel,827854027102,n.a.,Colgate.com US (brand site),https://www.colgate.com/en-us/products/toothpaste/colgate-optic-white-pro-series-vibrant-clean-toothpaste,Brand site,Medium,2026-08-31
CL-USA-COLGATE-1098,USA,Colgate,Toothpaste,Toothpaste,Colgate Optic White,Colgate Optic White Purple Teeth Whitening Toothpaste,<p>Colgate Optic White Purple Toothpaste removes 1 year of stains* while freshening breath with its mint flavor.</p><br/><p> </p><br/><p>*when brushing twice daily for 3 weeks</p>,n.a.,n.a.,Paste / Gel,827854025412,n.a.,Colgate.com US (brand site),https://www.colgate.com/en-us/products/toothpaste/colgate-optic-white-purple-toothpaste,Brand site,Medium,2026-08-31
CL-USA-COLGATE-1099,USA,Colgate,Toothpaste,Toothpaste,Colgate Optic White,Colgate Optic White Purple Toothpaste 3.8 Oz,Target.com retailer listing.,n.a.,8 oz,Paste / Gel,n.a.,TCIN 94823729,Target,https://www.target.com/p/colgate-optic-white-purple-toothpaste-3-8oz/-/A-94823729,Retailer listing,High,2026-08-31
CL-USA-COLGATE-1100,USA,Colgate,Toothpaste,Toothpaste,Colgate Optic White,Colgate Optic White Purple Toothpaste Fresh Mint Paste 3.8 Oz,CVS.com retailer listing.,Fresh Mint,8 oz,Paste / Gel,n.a.,prodid 831633,CVS Pharmacy,https://www.cvs.com/shop/colgate-optic-white-purple-toothpaste-fresh-mint-paste-3-8-oz-prodid-831633,Retailer listing,High,2026-08-31
CL-USA-COLGATE-1101,USA,Colgate,Toothbrush,Replacement brush heads,Colgate Optic White,"Colgate Optic White Replacement Toothbrush Heads Pack, Black, 2 Count",The Colgate Optic White Replacement Toothbrush Heads Pack includes two replacement brush heads so you always have extra power toothbrush replacement heads available for your Colgate Battery Powered Toothbrush.,n.a.,2 ct,Brush,827854029380,n.a.,Colgate.com US (brand site),https://www.colgate.com/en-us/products/toothbrush/colgate-optic-white-replacement-toothbrush-head,Brand site,Medium,2026-08-31
CL-USA-COLGATE-1102,USA,Colgate,Toothpaste,Toothpaste,Colgate Optic White,Colgate Optic White Sensitive Relief Toothpaste 3.8 Oz,CVS.com retailer listing.,n.a.,8 oz,Paste / Gel,n.a.,prodid 447317,CVS Pharmacy,https://www.cvs.com/shop/colgate-optic-white-sensitive-relief-toothpaste-3-8-oz-prodid-447317,Retailer listing,High,2026-08-31
CL-USA-COLGATE-1103,USA,Colgate,Toothpaste,Toothpaste,Colgate Optic White,Colgate Optic White Sensitivity Relief Teeth Whitening Toothpaste,"With micropolishers, this whitening toothpaste for sensitive teeth safely removes surface stains. Sensitivity Relief has a soothing mint flavor and is enamel safe for daily use.",n.a.,n.a.,Paste / Gel,827854025665,n.a.,Colgate.com US (brand site),https://www.colgate.com/en-us/products/toothpaste/colgate-optic-white-sensitivity-relief-toothpaste,Brand site,Medium,2026-08-31
CL-USA-COLGATE-1104,USA,Colgate,Toothbrush,Manual toothbrush,Colgate Optic White,Colgate Optic White Soft Charcoal Toothbrush,"Discover a bright, clean smile with the Colgate Optic White Soft Charcoal Toothbrush. Specially designed to both clean and whiten, this soft bristled whitening toothbrush helps you achieve a radiant look by polishing away surface stains.",Charcoal,n.a.,Brush,827854024699,n.a.,Colgate.com US (brand site),https://www.colgate.com/en-us/products/toothbrush/optic-white-charcoal-soft,Brand site,Medium,2026-08-31
CL-USA-COLGATE-1105,USA,Colgate,Toothbrush,Manual toothbrush,Colgate Optic White,Colgate Optic White Soft Toothbrush For Adults 1 Pack,Dollar General retailer listing.,n.a.,1 ct,Brush,n.a.,Dollar General item 827854024675,Dollar General,https://www.dollargeneral.com/p/colgate-optic-white-soft-toothbrush-for-adults-1-pack/827854024675,Retailer listing,High,2026-08-31
CL-USA-COLGATE-1106,USA,Colgate,Toothbrush,Manual toothbrush,Colgate Optic White,Colgate Optic White Soft Toothbrush for Adults,"Discover a bright, clean smile with the Colgate Optic White Soft Toothbrush for Adults. Specially designed to clean and whiten, this soft bristled whitening toothbrush helps you achieve a radiant look by polishing away surface stains. Plus, the striking toothbrush design will add a stylish touch to your bathroom counter to help elevate your daily oral care routine.",n.a.,n.a.,Brush,827854024682,n.a.,Colgate.com US (brand site),https://www.colgate.com/en-us/products/toothbrush/optic-white-toothbrush-soft-2pack,Brand site,Medium,2026-08-31
CL-USA-COLGATE-1107,USA,Colgate,Toothpaste,Toothpaste,Colgate Optic White,Colgate Optic White Stain Fighter Baking Soda Toothpaste Clean Mint 3.0 Oz,Dollar General retailer listing.,Clean Mint,3.0 oz,Paste / Gel,n.a.,Dollar General item 827854018650,Dollar General,https://www.dollargeneral.com/p/colgate-optic-white-stain-fighter-baking-soda-toothpaste-clean-mint-3-0-oz/827854018650,Retailer listing,High,2026-08-31
CL-USA-COLGATE-1108,USA,Colgate,Toothpaste,Fluoride toothpaste (OTC anticavity),Colgate Optic White,Colgate Optic White Stain Fighter Clean Mint,"US FDA OTC drug listing. NDC 35000-937-71. Dosage form: PASTE, DENTIFRICE. Package: 1 TUBE in 1 CARTON (35000-937-71) / 119 g in 1 TUBE",Clean Mint,119 g,Paste / Gel,n.a.,n.a.,n.a. (FDA NDC product listing),https://api.fda.gov/drug/ndc.json?search=labeler_name:%22Colgate%22&limit=100&skip=0,UPC database,Medium,2026-08-31
CL-USA-COLGATE-1109,USA,Colgate,Toothpaste,Fluoride toothpaste (OTC anticavity),Colgate Optic White,Colgate Optic White Stain Fighter Clean Mint,"US FDA OTC drug listing. NDC 35000-937-60. Dosage form: PASTE, DENTIFRICE. Package: 1 TUBE in 1 CARTON (35000-937-60) / 170 g in 1 TUBE",Clean Mint,170 g,Paste / Gel,n.a.,n.a.,n.a. (FDA NDC product listing),https://api.fda.gov/drug/ndc.json?search=labeler_name:%22Colgate%22&limit=100&skip=0,UPC database,Medium,2026-08-31
CL-USA-COLGATE-1110,USA,Colgate,Toothpaste,Fluoride toothpaste (OTC anticavity),Colgate Optic White,Colgate Optic White Stain Fighter Clean Mint,"US FDA OTC drug listing. NDC 35000-937-02. Dosage form: PASTE, DENTIFRICE. Package: 1 TUBE in 1 CARTON (35000-937-02) / 56.6 g in 1 TUBE",Clean Mint,56.6 g,Paste / Gel,n.a.,n.a.,n.a. (FDA NDC product listing),https://api.fda.gov/drug/ndc.json?search=labeler_name:%22Colgate%22&limit=100&skip=0,UPC database,Medium,2026-08-31
CL-USA-COLGATE-1111,USA,Colgate,Toothpaste,Fluoride toothpaste (OTC anticavity),Colgate Optic White,Colgate Optic White Stain Fighter Clean Mint,"US FDA OTC drug listing. NDC 35000-937-30. Dosage form: PASTE, DENTIFRICE. Package: 1 TUBE in 1 CARTON (35000-937-30) / 85 g in 1 TUBE",Clean Mint,85 g,Paste / Gel,n.a.,n.a.,n.a. (FDA NDC product listing),https://api.fda.gov/drug/ndc.json?search=labeler_name:%22Colgate%22&limit=100&skip=0,UPC database,Medium,2026-08-31
CL-USA-COLGATE-1112,USA,Colgate,Toothpaste,Toothpaste,Colgate Optic White,Colgate Optic White Stain Fighter Clean Mint Paste Teeth Whitening Anticavity Toothpaste 2 Pack 3.8 Oz,Dollar General retailer listing.,Clean Mint,"8 oz, 2 ct",Paste / Gel,n.a.,Dollar General item 827854026884,Dollar General,https://www.dollargeneral.com/p/colgate-optic-white-stain-fighter-clean-mint-paste-teeth-whitening-anticavity-toothpaste-2-pack-3-8-oz/827854026884,Retailer listing,High,2026-08-31
CL-USA-COLGATE-1113,USA,Colgate,Toothpaste,Toothpaste,Colgate Optic White,Colgate Optic White Stain Fighter Clean Mint Paste Teeth Whitening Anticavity Toothpaste 3.8 Oz,Dollar General retailer listing.,Clean Mint,8 oz,Paste / Gel,n.a.,Dollar General item 827854025429,Dollar General,https://www.dollargeneral.com/p/colgate-optic-white-stain-fighter-clean-mint-paste-teeth-whitening-anticavity-toothpaste-3-8-oz/827854025429,Retailer listing,High,2026-08-31
CL-USA-COLGATE-1114,USA,Colgate,Toothpaste,Toothpaste,Colgate Optic White,Colgate Optic White Stain Fighter Clean Mint Paste Teeth Whitening Anticavity Toothpaste Travel Size 2.0 Oz,Dollar General retailer listing.,Clean Mint,2.0 oz,Paste / Gel,n.a.,Dollar General item 35000972699,Dollar General,https://www.dollargeneral.com/p/colgate-optic-white-stain-fighter-clean-mint-paste-teeth-whitening-anticavity-toothpaste-travel-size-2-0-oz/35000972699,Retailer listing,High,2026-08-31
CL-USA-COLGATE-1115,USA,Colgate,Toothpaste,Toothpaste,Colgate Optic White,Colgate Optic White Stain Fighter Clean Mint Paste Teeth Whitening Toothpaste,<p>Colgate Optic White Stain Fighter Clean Mint Paste Toothpaste removes 1 year of stains* while freshening breath with its mint flavor.</p><br/><p>*when brushing twice daily for 3 weeks</p>,Clean Mint,n.a.,Paste / Gel,827854025429,n.a.,Colgate.com US (brand site),https://www.colgate.com/en-us/products/toothpaste/colgate-optic-white-stain-fighter-clean-mint-paste-toothpaste,Brand site,Medium,2026-08-31
CL-USA-COLGATE-1116,USA,Colgate,Toothpaste,Fluoride toothpaste (OTC anticavity),Colgate Optic White,Colgate Optic White Stain Fighter Fresh Mint,"US FDA OTC drug listing. NDC 35000-936-42. Dosage form: PASTE, DENTIFRICE. Package: 2 TUBE in 1 CARTON (35000-936-42) / 119 g in 1 TUBE",Fresh Mint,119 g,Paste / Gel,n.a.,n.a.,n.a. (FDA NDC product listing),https://api.fda.gov/drug/ndc.json?search=labeler_name:%22Colgate%22&limit=100&skip=0,UPC database,Medium,2026-08-31
CL-USA-COLGATE-1117,USA,Colgate,Toothpaste,Fluoride toothpaste (OTC anticavity),Colgate Optic White,Colgate Optic White Stain Fighter Fresh Mint,"US FDA OTC drug listing. NDC 35000-936-60. Dosage form: PASTE, DENTIFRICE. Package: 1 TUBE in 1 CARTON (35000-936-60) / 170 g in 1 TUBE",Fresh Mint,170 g,Paste / Gel,n.a.,n.a.,n.a. (FDA NDC product listing),https://api.fda.gov/drug/ndc.json?search=labeler_name:%22Colgate%22&limit=100&skip=0,UPC database,Medium,2026-08-31
CL-USA-COLGATE-1118,USA,Colgate,Toothpaste,Fluoride toothpaste (OTC anticavity),Colgate Optic White,Colgate Optic White Stain Fighter Fresh Mint,"US FDA OTC drug listing. NDC 35000-936-02. Dosage form: PASTE, DENTIFRICE. Package: 1 TUBE in 1 CARTON (35000-936-02) / 56.6 g in 1 TUBE",Fresh Mint,56.6 g,Paste / Gel,n.a.,n.a.,n.a. (FDA NDC product listing),https://api.fda.gov/drug/ndc.json?search=labeler_name:%22Colgate%22&limit=100&skip=0,UPC database,Medium,2026-08-31
CL-USA-COLGATE-1119,USA,Colgate,Toothpaste,Toothpaste,Colgate Optic White,Colgate Optic White Stain Fighter Fresh Mint Teeth Whitening Anticavity Toothpaste Gel 3.8 Oz,Dollar General retailer listing.,Fresh Mint,8 oz,Paste / Gel,n.a.,Dollar General item 827854025375,Dollar General,https://www.dollargeneral.com/p/colgate-optic-white-stain-fighter-fresh-mint-teeth-whitening-anticavity-toothpaste-gel-3-8-oz/827854025375,Retailer listing,High,2026-08-31
CL-USA-COLGATE-1120,USA,Colgate,Toothpaste,Toothpaste,Colgate Optic White,Colgate Optic White Stain Fighter Fresh Mint Teeth Whitening Anticavity Toothpaste Gel Travel Size 2.0 Oz,Dollar General retailer listing.,Fresh Mint,2.0 oz,Paste / Gel,n.a.,Dollar General item 35000972705,Dollar General,https://www.dollargeneral.com/p/colgate-optic-white-stain-fighter-fresh-mint-teeth-whitening-anticavity-toothpaste-gel-travel-size-2-0-oz/35000972705,Retailer listing,High,2026-08-31
CL-USA-COLGATE-1121,USA,Colgate,Toothpaste,Toothpaste,Colgate Optic White,Colgate Optic White Stain Fighter Fresh Mint Teeth Whitening Toothpaste Gel,Colgate Optic White Stain Fighter Fresh Mint Toothpaste Gel removes 1 year of stains* while freshening breath with its mint flavor.<br/> *when brushing twice daily for 3 weeks,Fresh Mint,n.a.,Paste / Gel,827854025375,n.a.,Colgate.com US (brand site),https://www.colgate.com/en-us/products/toothpaste/colgate-optic-white-stain-fighter-fresh-mint-gel-toothpaste,Brand site,Medium,2026-08-31
CL-USA-COLGATE-1122,USA,Colgate,Toothpaste,Fluoride toothpaste (OTC anticavity),Colgate Optic White,Colgate Optic White Stain Fighter Sens Relief,"US FDA OTC drug listing. NDC 35000-998-71. Dosage form: PASTE, DENTIFRICE. Package: 1 TUBE in 1 CARTON (35000-998-71) / 119 g in 1 TUBE",n.a.,119 g,Paste / Gel,n.a.,n.a.,n.a. (FDA NDC product listing),https://api.fda.gov/drug/ndc.json?search=labeler_name:%22Colgate%22&limit=100&skip=0,UPC database,Medium,2026-08-31
CL-USA-COLGATE-1123,USA,Colgate,Toothpaste,Fluoride toothpaste (OTC anticavity),Colgate Optic White,Colgate Optic White Stain Fighter Sens Relief,"US FDA OTC drug listing. NDC 35000-998-60. Dosage form: PASTE, DENTIFRICE. Package: 1 TUBE in 1 CARTON (35000-998-60) / 85 g in 1 TUBE",n.a.,85 g,Paste / Gel,n.a.,n.a.,n.a. (FDA NDC product listing),https://api.fda.gov/drug/ndc.json?search=labeler_name:%22Colgate%22&limit=100&skip=0,UPC database,Medium,2026-08-31
CL-USA-COLGATE-1124,USA,Colgate,Toothpaste,Toothpaste,Colgate Optic White,Colgate Optic White Stain Fighter Sensitivity Relief Toothpaste 3.8 Oz,Target.com retailer listing.,n.a.,8 oz,Paste / Gel,n.a.,TCIN 94823749,Target,https://www.target.com/p/colgate-optic-white-stain-fighter-sensitivity-relief-toothpaste-3-8oz/-/A-94823749,Retailer listing,High,2026-08-31
CL-USA-COLGATE-1125,USA,Colgate,Toothpaste,Toothpaste,Colgate Optic White,Colgate Optic White Stain Fighter Sensitivity Relief Whitening Toothpaste Clean Mint Paste 4.2 Oz,Dollar General retailer listing.,Clean Mint,2 oz,Paste / Gel,n.a.,Dollar General item 827854006008,Dollar General,https://www.dollargeneral.com/p/colgate-optic-white-stain-fighter-sensitivity-relief-whitening-toothpaste-clean-mint-paste-4-2-oz/827854006008,Retailer listing,High,2026-08-31
CL-USA-COLGATE-1126,USA,Colgate,Toothpaste,Toothpaste,Colgate Optic White,Colgate Optic White Stain Fighter Teeth Whitening Gel Toothpaste Fresh Mint 4.2 Oz Tube,Dollar General retailer listing.,Fresh Mint,2 oz,Paste / Gel,n.a.,Dollar General item 35000458308,Dollar General,https://www.dollargeneral.com/p/colgate-optic-white-stain-fighter-teeth-whitening-gel-toothpaste-fresh-mint-4-2-oz-tube/35000458308,Retailer listing,High,2026-08-31
CL-USA-COLGATE-1127,USA,Colgate,Toothpaste,Toothpaste,Colgate Optic White,Colgate Optic White Stain Fighter Teeth Whitening Toothpaste Clean Mint 4.2 Oz Tube,Dollar General retailer listing.,Clean Mint,2 oz,Paste / Gel,n.a.,Dollar General item 35000458360,Dollar General,https://www.dollargeneral.com/p/colgate-optic-white-stain-fighter-teeth-whitening-toothpaste-clean-mint-4-2-oz-tube/35000458360,Retailer listing,High,2026-08-31
CL-USA-COLGATE-1128,USA,Colgate,Toothpaste,Toothpaste,Colgate Optic White,Colgate Optic White Stain Fighter Teeth Whitening Toothpaste Pack Clean Mint Paste 2 Pack 4.2 Oz,Dollar General retailer listing.,Clean Mint,"2 oz, 2 ct",Paste / Gel,n.a.,Dollar General item 35000459596,Dollar General,https://www.dollargeneral.com/p/colgate-optic-white-stain-fighter-teeth-whitening-toothpaste-pack-clean-mint-paste-2-pack-4-2-oz/35000459596,Retailer listing,High,2026-08-31
CL-USA-COLGATE-1129,USA,Colgate,Toothpaste,Toothpaste,Colgate Optic White,Colgate Optic White Stain Fighter Toothpaste Clean Mint 3.8 Oz 3Pk,Target.com retailer listing.,Clean Mint,"8 oz, 3 ct",Paste / Gel,n.a.,TCIN 94823719,Target,https://www.target.com/p/colgate-optic-white-stain-fighter-toothpaste-clean-mint-3-8oz-3pk/-/A-94823719,Retailer listing,High,2026-08-31
CL-USA-COLGATE-1130,USA,Colgate,Toothpaste,Toothpaste,Colgate Optic White,Colgate Optic White Stain Fighter Whitening Toothpaste Clean Mint 3.8 Oz,CVS.com retailer listing.,Clean Mint,8 oz,Paste / Gel,n.a.,prodid 1910048 / skuId 237544,CVS Pharmacy,https://www.cvs.com/shop/colgate-optic-white-stain-fighter-whitening-toothpaste-clean-mint-3-8-oz-prodid-1910048?skuId=237544,Retailer listing,High,2026-08-31
CL-USA-COLGATE-1131,USA,Colgate,Toothpaste,Toothpaste,Colgate Optic White,Colgate Optic White Stain Fighter Whitening Toothpaste Fresh Mint Gel 3.8 Oz,CVS.com retailer listing.,Fresh Mint,8 oz,Paste / Gel,n.a.,prodid 1910069 / skuId 237548,CVS Pharmacy,https://www.cvs.com/shop/colgate-optic-white-stain-fighter-whitening-toothpaste-fresh-mint-gel-3-8-oz-prodid-1910069?skuId=237548,Retailer listing,High,2026-08-31
CL-USA-COLGATE-1132,USA,Colgate,Toothpaste,Fluoride toothpaste (OTC anticavity),Colgate Optic White,Colgate Optic White Stain Fighter With Baking Soda,"US FDA OTC drug listing. NDC 35000-809-59. Dosage form: PASTE, DENTIFRICE. Package: 1 TUBE in 1 CARTON (35000-809-59) / 107 g in 1 TUBE",n.a.,107 g,Paste / Gel,n.a.,n.a.,n.a. (FDA NDC product listing),https://api.fda.gov/drug/ndc.json?search=labeler_name:%22Colgate%22&limit=100&skip=100,UPC database,Medium,2026-08-31
CL-USA-COLGATE-1133,USA,Colgate,Toothpaste,Fluoride toothpaste (OTC anticavity),Colgate Optic White,Colgate Optic White Stain Fighter With Baking Soda,"US FDA OTC drug listing. NDC 35000-809-42. Dosage form: PASTE, DENTIFRICE. Package: 1 TUBE in 1 CARTON (35000-809-42) / 119 g in 1 TUBE",n.a.,119 g,Paste / Gel,n.a.,n.a.,n.a. (FDA NDC product listing),https://api.fda.gov/drug/ndc.json?search=labeler_name:%22Colgate%22&limit=100&skip=100,UPC database,Medium,2026-08-31
CL-USA-COLGATE-1134,USA,Colgate,Toothpaste,Fluoride toothpaste (OTC anticavity),Colgate Optic White,Colgate Optic White Stain Fighter With Baking Soda,"US FDA OTC drug listing. NDC 35000-809-10. Dosage form: PASTE, DENTIFRICE. Package: 1 TUBE in 1 CARTON (35000-809-10) / 164 g in 1 TUBE",n.a.,164 g,Paste / Gel,n.a.,n.a.,n.a. (FDA NDC product listing),https://api.fda.gov/drug/ndc.json?search=labeler_name:%22Colgate%22&limit=100&skip=100,UPC database,Medium,2026-08-31
CL-USA-COLGATE-1135,USA,Colgate,Toothpaste,Fluoride toothpaste (OTC anticavity),Colgate Optic White,Colgate Optic White Stain Fighter With Baking Soda,"US FDA OTC drug listing. NDC 35000-809-60. Dosage form: PASTE, DENTIFRICE. Package: 1 TUBE in 1 CARTON (35000-809-60) / 170 g in 1 TUBE",n.a.,170 g,Paste / Gel,n.a.,n.a.,n.a. (FDA NDC product listing),https://api.fda.gov/drug/ndc.json?search=labeler_name:%22Colgate%22&limit=100&skip=100,UPC database,Medium,2026-08-31
CL-USA-COLGATE-1136,USA,Colgate,Toothpaste,Fluoride toothpaste (OTC anticavity),Colgate Optic White,Colgate Optic White Stain Fighter With Baking Soda,"US FDA OTC drug listing. NDC 35000-809-63. Dosage form: PASTE, DENTIFRICE. Package: 1 TUBE in 1 CARTON (35000-809-63) / 85 g in 1 TUBE",n.a.,85 g,Paste / Gel,n.a.,n.a.,n.a. (FDA NDC product listing),https://api.fda.gov/drug/ndc.json?search=labeler_name:%22Colgate%22&limit=100&skip=100,UPC database,Medium,2026-08-31
CL-USA-COLGATE-1137,USA,Colgate,Toothpaste,Toothpaste,Colgate Optic White,"Colgate Optic White Stain Fighter with Baking Soda Toothpaste, Stain Removal Toothpaste",<p>Colgate Optic White Stain Fighter with Baking Soda Toothpaste removes 1 year of stains* while freshening breath with its mint flavor.</p><br/><p>*when brushing twice daily for 3 weeks</p>,n.a.,n.a.,Paste / Gel,827854025610,n.a.,Colgate.com US (brand site),https://www.colgate.com/en-us/products/toothpaste/colgate-optic-white-stain-fighter-with-baking-soda-toothpaste,Brand site,Medium,2026-08-31
CL-USA-COLGATE-1138,USA,Colgate,Toothpaste,Fluoride toothpaste (OTC anticavity),Colgate Optic White,Colgate Optic White Stain Prevention,"US FDA OTC drug listing. NDC 35000-893-41. Dosage form: PASTE, DENTIFRICE. Package: 1 TUBE in 1 CARTON (35000-893-41) / 116 g in 1 TUBE",n.a.,116 g,Paste / Gel,n.a.,n.a.,n.a. (FDA NDC product listing),https://api.fda.gov/drug/ndc.json?search=labeler_name:%22Colgate%22&limit=100&skip=100,UPC database,Medium,2026-08-31
CL-USA-COLGATE-1139,USA,Colgate,Toothpaste,Toothpaste,Colgate Optic White,Colgate Optic White Teeth Whitening Charcoal Toothpaste Cool Mint 3.8 Oz,CVS.com retailer listing.,Cool Mint,8 oz,Paste / Gel,n.a.,prodid 3140031 / skuId 350961,CVS Pharmacy,https://www.cvs.com/shop/colgate-optic-white-teeth-whitening-charcoal-toothpaste-cool-mint-3-8-oz-prodid-3140031?skuId=350961,Retailer listing,High,2026-08-31
CL-USA-COLGATE-1140,USA,Colgate,Toothbrush,Manual toothbrush,Colgate Optic White,Colgate Optic White Toothbrush Soft 2 Ct,CVS.com retailer listing.,n.a.,2 ct,Brush,n.a.,prodid 382925,CVS Pharmacy,https://www.cvs.com/shop/colgate-optic-white-toothbrush-soft-2-ct-prodid-382925,Retailer listing,High,2026-08-31
CL-USA-COLGATE-1141,USA,Colgate,Mouthwash & Rinse,Mouthwash / rinse,Colgate Optic White,"Colgate Optic White Whitening Mouthwash, 2% Hydrogen Peroxide, Icy Fresh Mint",Listed on Colgate brand site product carousel with barcode 035000671110,Fresh Mint,n.a.,Liquid Rinse,035000671110,n.a.,Colgate.com US (brand site),https://www.colgate.com/en-us/products/mouthwash/ow-high-impact-white,Brand site,Medium,2026-08-31
CL-USA-COLGATE-1142,USA,Colgate,Toothpaste,Toothpaste,Colgate Optic White,Colgate Optic White Whitening Toothpaste With Charcoal Cool Mint 4.2 Oz,Dollar General retailer listing.,Cool Mint,2 oz,Paste / Gel,n.a.,Dollar General item 35000978721,Dollar General,https://www.dollargeneral.com/p/colgate-optic-white-whitening-toothpaste-with-charcoal-cool-mint-4-2-oz/35000978721,Retailer listing,High,2026-08-31
CL-USA-COLGATE-1143,USA,Colgate,Toothbrush,Manual toothbrush,Colgate Optic White,Colgate Optic White Wisp Disposable Mini Toothbrush Peppermint Trial Size 24Ct,Target.com retailer listing.,Peppermint,24 ct,Brush,n.a.,TCIN 14886128,Target,https://www.target.com/p/colgate-optic-white-wisp-disposable-mini-toothbrush-peppermint-trial-size-24ct/-/A-14886128,Retailer listing,High,2026-08-31
CL-USA-COLGATE-1144,USA,Colgate,Toothpaste,Toothpaste,Colgate Optic White,Colgate Optic White With Charcoal Teeth Whitening Toothpaste Anticavity Toothpaste With Fluoride Cool Mint Flavor 3.8 Oz,Dollar General retailer listing.,Cool Mint,8 oz,Paste / Gel,n.a.,Dollar General item 827854025382,Dollar General,https://www.dollargeneral.com/p/colgate-optic-white-with-charcoal-teeth-whitening-toothpaste-anticavity-toothpaste-with-fluoride-cool-mint-flavor-3-8-oz/827854025382,Retailer listing,High,2026-08-31
CL-USA-COLGATE-1145,USA,Colgate,Toothpaste,Toothpaste,Colgate Optic White,Colgate Optic White with Charcoal Teeth Whitening Toothpaste,<p>Colgate Optic White with Charcoal Toothpaste removes 1 year of stains* while freshening breath with its cool mint flavor.</p><br/><p> </p><br/><p>*when brushing twice daily for 3 weeks</p>,Charcoal,n.a.,Paste / Gel,827854025382,n.a.,Colgate.com US (brand site),https://www.colgate.com/en-us/products/toothpaste/colgate-optic-white-charcoal-toothpaste,Brand site,Medium,2026-08-31
CL-USA-COLGATE-1146,USA,Colgate,Toothpaste,Toothpaste,Colgate Optic White,"Colgate Optic White with Charcoal Toothpaste, Cool Mint","<p>Help remove every day surface stains with the Colgate Optic White with Charcoal Toothpaste. This whitening toothpaste with charcoal removes 95% of daily surface stains* for a brighter smile. Get ready to reveal a smile that’s ready to shine with Colgate Optic White Whitening Toothpaste with Charcoal Toothpaste</p><br/>*after 2 weeks of twice daily use<br/>**vs. ordinary, non whitening toothpast",Cool Mint,n.a.,Paste / Gel,035000978721,n.a.,Colgate.com US (brand site),https://www.colgate.com/en-us/products/toothpaste/optic-white-charcoal,Brand site,Medium,2026-08-31
CL-USA-COLGATE-1147,USA,Colgate,Toothbrush,Manual toothbrush,Colgate Optic White,"Colgate Replaceable Head Toothbrush Starter Kit, Optic White,","Colgate Optic White Replaceable Head Toothbrush Starter Kit, 2 Brush Heads",n.a.,n.a.,Brush,827854004875,n.a.,Colgate.com US (brand site),https://www.colgate.com/en-us/products/toothbrush/replheadow,Brand site,Medium,2026-08-31
CL-USA-COLGATE-1148,USA,Colgate,Toothpaste,Fluoride toothpaste (OTC anticavity),Colgate Optic White,OPTIC WHITE NON-HP STAIN FIGHTER CLEAN MINT,"US FDA OTC drug listing. NDC 35000-793-38. Dosage form: PASTE, DENTIFRICE. Package: 2 TUBE in 1 CARTON (35000-793-38) / 107 g in 1 TUBE",Clean Mint,107 g,Paste / Gel,n.a.,n.a.,n.a. (FDA NDC product listing),https://api.fda.gov/drug/ndc.json?search=labeler_name:%22Colgate%22&limit=100&skip=100,UPC database,Medium,2026-08-31
CL-USA-COLGATE-1149,USA,Colgate,Toothpaste,Fluoride toothpaste (OTC anticavity),Colgate Optic White,OPTIC WHITE PRO SERIES VIBRANT CLEAN,"US FDA OTC drug listing. NDC 35000-795-63. Dosage form: PASTE, DENTIFRICE. Package: 1 TUBE in 1 CARTON (35000-795-63) / 85 g in 1 TUBE",n.a.,85 g,Paste / Gel,n.a.,n.a.,n.a. (FDA NDC product listing),https://api.fda.gov/drug/ndc.json?search=labeler_name:%22Colgate%22&limit=100&skip=100,UPC database,Medium,2026-08-31
CL-USA-COLGATE-1150,USA,Colgate,Mouthwash & Rinse,Mouthwash / rinse,Colgate PerioGard,"Colgate PerioGard (Chlorhexidine Gluconate Oral Rinse USP, 0.12%)",Listed on Colgate brand site product carousel with barcode 038341271162,n.a.,n.a.,Liquid Rinse,038341271162,n.a.,Colgate.com US (brand site),https://www.colgate.com/en-us/products/mouthwash/colgate-periogard-rinse-prescription-strength,Brand site,Medium,2026-08-31
CL-USA-COLGATE-1151,USA,Colgate,Mouthwash & Rinse,Fluoride / therapeutic rinse,Colgate PerioGard,Periogard Alcohol Free,"US FDA OTC drug listing. NDC 0126-0272-16. Dosage form: RINSE. Package: 473 mL in 1 BOTTLE, PLASTIC (0126-0272-16)",n.a.,473 mL,Liquid Rinse,n.a.,n.a.,n.a. (FDA NDC product listing),https://api.fda.gov/drug/ndc.json?search=labeler_name:%22Colgate%22&limit=100&skip=100,UPC database,Medium,2026-08-31
CL-USA-COLGATE-1152,USA,Colgate,Mouthwash & Rinse,Mouthwash / rinse,Colgate Peroxyl,Colgate Peroxyl Alcohol Free Mouthwash And Mouth Sore Rinse Mild Mint 8 4 Fl Oz,Dollar General retailer listing.,Mint,4 fl oz,Liquid Rinse,n.a.,Dollar General item 38341106365,Dollar General,https://www.dollargeneral.com/p/colgate-peroxyl-alcohol-free-mouthwash-and-mouth-sore-rinse-mild-mint-8-4-fl-oz/38341106365,Retailer listing,High,2026-08-31
CL-USA-COLGATE-1153,USA,Colgate,Mouthwash & Rinse,Mouthwash / rinse,Colgate Peroxyl,Colgate Peroxyl Mouth Sore Rinse Alcohol Free Mild Mint 16.9 Oz,CVS.com retailer listing.,Mint,9 oz,Liquid Rinse,n.a.,prodid 1011460 / skuId 653576,CVS Pharmacy,https://www.cvs.com/shop/colgate-peroxyl-mouth-sore-rinse-alcohol-free-mild-mint-16-9-oz-prodid-1011460?skuId=653576,Retailer listing,High,2026-08-31
CL-USA-COLGATE-1154,USA,Colgate,Mouthwash & Rinse,Mouthwash / rinse,Colgate Peroxyl,Colgate Peroxyl Mouth Sore Rinse Alcohol Free Mild Mint 8 Oz,CVS.com retailer listing.,Mint,8 oz,Liquid Rinse,n.a.,prodid 766224,CVS Pharmacy,https://www.cvs.com/shop/colgate-peroxyl-mouth-sore-rinse-alcohol-free-mild-mint-8-oz-prodid-766224,Retailer listing,High,2026-08-31
CL-USA-COLGATE-1155,USA,Colgate,Mouthwash & Rinse,Mouthwash / rinse,Colgate Peroxyl,Colgate Peroxyl Mouth Sore Rinse Mild Mint 16 9 Fl Oz,Target.com retailer listing.,Mint,9 fl oz,Liquid Rinse,n.a.,TCIN 14246275,Target,https://www.target.com/p/colgate-peroxyl-mouth-sore-rinse-mild-mint-16-9-fl-oz/-/A-14246275,Retailer listing,High,2026-08-31
CL-USA-COLGATE-1156,USA,Colgate,Mouthwash & Rinse,Mouthwash / rinse,Colgate Peroxyl,"Colgate Peroxyl Mouthwash, Alcohol Free Mouth Sore Rinse, Mild Mint<br/>",Cleanse and help support the healing of minor oral wounds and gum inflammation with Colgate Peroxyl Antiseptic Mouthwash and Mouth Sore Rinse.,Mint,n.a.,Liquid Rinse,n.a.,n.a.,Colgate.com US (brand site),https://www.colgate.com/en-us/products/mouthwash/colgate-peroxyl-mouth-sore-rinse-mild-mint,Brand site,Medium,2026-08-31
CL-USA-COLGATE-1157,USA,Colgate,Mouthwash & Rinse,Fluoride / therapeutic rinse,Colgate Peroxyl,Peroxyl Mouth Sore Mild Mint,US FDA OTC drug listing. NDC 0126-0083-70. Dosage form: RINSE. Package: 50 POUCH in 1 CARTON (0126-0083-70) / 10 mL in 1 POUCH,Mint,10 mL,Liquid Rinse,n.a.,n.a.,n.a. (FDA NDC product listing),https://api.fda.gov/drug/ndc.json?search=labeler_name:%22Colgate%22&limit=100&skip=100,UPC database,Medium,2026-08-31
CL-USA-COLGATE-1158,USA,Colgate,Mouthwash & Rinse,Fluoride / therapeutic rinse,Colgate Peroxyl,Peroxyl Mouth Sore Mild Mint,US FDA OTC drug listing. NDC 0126-0083-22. Dosage form: RINSE. Package: 1000 mL in 1 BOTTLE (0126-0083-22),Mint,1000 mL,Liquid Rinse,n.a.,n.a.,n.a. (FDA NDC product listing),https://api.fda.gov/drug/ndc.json?search=labeler_name:%22Colgate%22&limit=100&skip=100,UPC database,Medium,2026-08-31
CL-USA-COLGATE-1159,USA,Colgate,Mouthwash & Rinse,Fluoride / therapeutic rinse,Colgate Peroxyl,Peroxyl Mouth Sore Mild Mint,"US FDA OTC drug listing. NDC 0126-0083-99. Dosage form: RINSE. Package: 250 mL in 1 BOTTLE, PLASTIC (0126-0083-99)",Mint,250 mL,Liquid Rinse,n.a.,n.a.,n.a. (FDA NDC product listing),https://api.fda.gov/drug/ndc.json?search=labeler_name:%22Colgate%22&limit=100&skip=100,UPC database,Medium,2026-08-31
CL-USA-COLGATE-1160,USA,Colgate,Mouthwash & Rinse,Fluoride / therapeutic rinse,Colgate Peroxyl,Peroxyl Mouth Sore Mild Mint,"US FDA OTC drug listing. NDC 0126-0083-16. Dosage form: RINSE. Package: 500 mL in 1 BOTTLE, PLASTIC (0126-0083-16)",Mint,500 mL,Liquid Rinse,n.a.,n.a.,n.a. (FDA NDC product listing),https://api.fda.gov/drug/ndc.json?search=labeler_name:%22Colgate%22&limit=100&skip=100,UPC database,Medium,2026-08-31
CL-USA-COLGATE-1161,USA,Colgate,Mouthwash & Rinse,Fluoride / therapeutic rinse,Colgate Phos-Flur,Colgate Phos-Flur Ortho Defense Alcohol Free Anticavity Gushing Grape Fluoride,US FDA OTC drug listing. NDC 0126-0034-46. Dosage form: RINSE. Package: 500 mL in 1 BOTTLE (0126-0034-46),n.a.,500 mL,Liquid Rinse,n.a.,n.a.,n.a. (FDA NDC product listing),https://api.fda.gov/drug/ndc.json?search=labeler_name:%22Colgate%22&limit=100&skip=0,UPC database,Medium,2026-08-31
CL-USA-COLGATE-1162,USA,Colgate,Mouthwash & Rinse,Fluoride / therapeutic rinse,Colgate Phos-Flur,Colgate Phos-Flur Ortho Defense Alcohol Free Anticavity Mint Fluoride,US FDA OTC drug listing. NDC 0126-0032-46. Dosage form: RINSE. Package: 500 mL in 1 BOTTLE (0126-0032-46),Mint,500 mL,Liquid Rinse,n.a.,n.a.,n.a. (FDA NDC product listing),https://api.fda.gov/drug/ndc.json?search=labeler_name:%22Colgate%22&limit=100&skip=0,UPC database,Medium,2026-08-31
CL-USA-COLGATE-1163,USA,Colgate,Mouthwash & Rinse,Mouthwash / rinse,Colgate Phos-Flur,Colgate Phos•Flur Ortho Defense Rinse,"Safe, great-tasting and easy to use, Phos-Flur Rinse is specially formulated for orthodontic patients and provides clinically proven fluoride protection.",n.a.,n.a.,Liquid Rinse,038341104491,n.a.,Colgate.com US (brand site),https://www.colgate.com/en-us/products/mouthwash/colgate-phos-flur-ortho-defense-mint,Brand site,Medium,2026-08-31
CL-USA-COLGATE-1164,USA,Colgate,Toothbrush,Manual toothbrush,Colgate Plus,Colgate Plus Full Head Adult Toothbrush Soft 2 Ct,Dollar General retailer listing.,n.a.,2 ct,Brush,n.a.,Dollar General item 35000553331,Dollar General,https://www.dollargeneral.com/p/colgate-plus-full-head-adult-toothbrush-soft-2-ct/35000553331,Retailer listing,High,2026-08-31
CL-USA-COLGATE-1165,USA,Colgate,Toothbrush,Manual toothbrush,Colgate Plus,Colgate Plus Full Head Toothbrush Medium 2 Ct,CVS.com retailer listing.,n.a.,2 ct,Brush,n.a.,prodid 935288,CVS Pharmacy,https://www.cvs.com/shop/colgate-plus-full-head-toothbrush-medium-2-ct-prodid-935288,Retailer listing,High,2026-08-31
CL-USA-COLGATE-1166,USA,Colgate,Toothbrush,Manual toothbrush,Colgate Plus,Colgate Plus Toothbrush Dual Cleaning Tip 2 Ct,CVS.com retailer listing.,n.a.,2 ct,Brush,n.a.,prodid 745165,CVS Pharmacy,https://www.cvs.com/shop/colgate-plus-toothbrush-dual-cleaning-tip-2-ct-prodid-745165,Retailer listing,High,2026-08-31
CL-USA-COLGATE-1167,USA,Colgate,Toothbrush,Manual toothbrush,Colgate Plus,Colgate Plus Toothbrushes Medium Bristles 2 Pk,Dollar General retailer listing.,n.a.,2 ct,Brush,n.a.,Dollar General item 35000558091,Dollar General,https://www.dollargeneral.com/p/colgate-plus-toothbrushes-medium-bristles-2-pk/35000558091,Retailer listing,High,2026-08-31
CL-USA-COLGATE-1168,USA,Colgate,Toothbrush,Manual toothbrush,Colgate Plus,"Colgate Plus, Medium Toothbrush","The Colgate Plus Toothbrush is designed to fit the shape of your mouth, with a dual cleaning tip to reach your whole mouth. Try it today!",n.a.,n.a.,Brush,035000470126,n.a.,Colgate.com US (brand site),https://www.colgate.com/en-us/products/toothbrush/colgate-plus,Brand site,High,2026-08-31
CL-USA-COLGATE-1169,USA,Colgate,Professional / Rx,Fluoride treatment,Colgate PreviDent,"Colgate PreviDent 5000 ppm Booster Plus (1.1% Sodium Fluoride), Spearmint",Colgate PreviDent 5000 Booster Plus is a high fluoride prescription strength toothpaste for unsurpassed remineralization. Contact your your dentist today!,Spearmint,n.a.,Serum / Treatment,n.a.,n.a.,Colgate.com US (brand site),https://www.colgate.com/en-us/products/prescription-only-products/colgate-prevident-5000-booster-plus-prescription-strength,Brand site,Medium,2026-08-31
CL-USA-COLGATE-1170,USA,Colgate,Professional / Rx,Fluoride treatment,Colgate PreviDent,"Colgate PreviDent 5000 ppm Enamel Protect (1.1% Sodium Fluoride, 5% Potassium Nitrate), Mint",Colgate PreviDent 5000 Enamel Protection is a high fluoride toothpaste formulated to strengthen teeth & enamel for a healthier smile. Contact your your dentist today!,Mint,n.a.,Serum / Treatment,n.a.,n.a.,Colgate.com US (brand site),https://www.colgate.com/en-us/products/prescription-only-products/colgate-prevident-5000-enamel-protect-prescription-strength,Brand site,Medium,2026-08-31
CL-USA-COLGATE-1171,USA,Colgate,Professional / Rx,Fluoride treatment,Colgate PreviDent,"Colgate PreviDent 5000 ppm Kids (1.1% Sodium Fluoride), Fruitilicious",<p>Help pepare children's smiles for the future. Colgate PreviDent 5000 Kids Prescription Toothpaste is a prescription strength fluoride toothpaste trusted by dental professionals. Contact your dentist today!</p>,n.a.,n.a.,Serum / Treatment,n.a.,n.a.,Colgate.com US (brand site),https://www.colgate.com/en-us/products/prescription-only-products/colgate-prevident-5000-kids-prescription-strength,Brand site,Medium,2026-08-31
CL-USA-COLGATE-1172,USA,Colgate,Professional / Rx,Fluoride treatment,Colgate PreviDent,"Colgate PreviDent 5000 ppm Sensitive (1.1% Sodium Fluoride, 5% Potassium Nitrate), Mild Mint","Colgate PreviDent 5000 Sensitive Protection is a low abrasion, prescription strength toothpaste for sensitive teeth and Prevents Cavities. Ask your dentist!",Mint,n.a.,Serum / Treatment,n.a.,n.a.,Colgate.com US (brand site),https://www.colgate.com/en-us/products/prescription-only-products/colgate-prevident-5000-sensitive-prescription-strength,Brand site,Medium,2026-08-31
CL-USA-COLGATE-1173,USA,Colgate,Mouthwash & Rinse,Mouthwash / rinse,Colgate PreviDent,"Colgate PreviDent Fluoride Rinse, Mint, 16 oz (Rx Only)",Colgate PreviDent Rinse (Rx Only) is an alcohol free fluoride rinse ideal for patients who have difficulty brushing.,Mint,n.a.,Liquid Rinse,n.a.,n.a.,Colgate.com US (brand site),https://www.colgate.com/en-us/products/prescription-only-products/colgate-prevident-dental-rinse-prescription-strength,Brand site,Medium,2026-08-31
CL-USA-COLGATE-1174,USA,Colgate,Professional / Rx,Fluoride treatment,Colgate PreviDent,"Colgate PreviDent Gel (1.1% Sodium Fluoride), Very Berry","Colgate PreviDent Gel is an at-home, Rx Only brush-on gel treatment for those that require extra-strength fluoride protection. Contact your your dentist today!",n.a.,n.a.,Paste / Gel,n.a.,n.a.,Colgate.com US (brand site),https://www.colgate.com/en-us/products/prescription-only-products/colgate-prevident-brush-on-gel-prescription-strength,Brand site,Medium,2026-08-31
CL-USA-COLGATE-1175,USA,Colgate,Professional / Rx,Fluoride treatment,Colgate PreviDent,"Colgate PreviDent Varnish (5% Sodium Fluoride), Raspberry",Colgate PreviDent Varnish is an in-office treatment for sensitive teeth. Contact your dentist today!,n.a.,n.a.,Serum / Treatment,n.a.,n.a.,Colgate.com US (brand site),https://www.colgate.com/en-us/products/prescription-only-products/colgate-prevident-varnish-prescription-strength,Brand site,Medium,2026-08-31
CL-USA-COLGATE-1176,USA,Colgate,Toothpaste,Fluoride toothpaste (OTC anticavity),Colgate PreviDent,PreviDent 5000 Booster Plus Fruitastic,"US FDA OTC drug listing. NDC 0126-0072-92. Dosage form: PASTE, DENTIFRICE. Package: 100 mL in 1 BOTTLE, PLASTIC (0126-0072-92)",n.a.,100 mL,Paste / Gel,n.a.,n.a.,n.a. (FDA NDC product listing),https://api.fda.gov/drug/ndc.json?search=labeler_name:%22Colgate%22&limit=100&skip=0,UPC database,Medium,2026-08-31
CL-USA-COLGATE-1177,USA,Colgate,Toothpaste,Fluoride toothpaste (OTC anticavity),Colgate PreviDent,PreviDent 5000 Booster Plus Spearmint,"US FDA OTC drug listing. NDC 0126-0074-92. Dosage form: PASTE, DENTIFRICE. Package: 100 mL in 1 BOTTLE, PLASTIC (0126-0074-92)",Spearmint,100 mL,Paste / Gel,n.a.,n.a.,n.a. (FDA NDC product listing),https://api.fda.gov/drug/ndc.json?search=labeler_name:%22Colgate%22&limit=100&skip=0,UPC database,Medium,2026-08-31
CL-USA-COLGATE-1178,USA,Colgate,Toothpaste,Fluoride toothpaste (OTC anticavity),Colgate PreviDent,PreviDent 5000 Dry Mouth,"US FDA OTC drug listing. NDC 0126-0016-61. Dosage form: GEL, DENTIFRICE. Package: 100 mL in 1 BOTTLE (0126-0016-61)",n.a.,100 mL,Paste / Gel,n.a.,n.a.,n.a. (FDA NDC product listing),https://api.fda.gov/drug/ndc.json?search=labeler_name:%22Colgate%22&limit=100&skip=0,UPC database,Medium,2026-08-31
CL-USA-COLGATE-1179,USA,Colgate,Toothpaste,Fluoride toothpaste (OTC anticavity),Colgate PreviDent,PreviDent 5000 Enamel Protect,"US FDA OTC drug listing. NDC 0126-0022-92. Dosage form: GEL, DENTIFRICE. Package: 100 mL in 1 BOTTLE (0126-0022-92)",n.a.,100 mL,Paste / Gel,n.a.,n.a.,n.a. (FDA NDC product listing),https://api.fda.gov/drug/ndc.json?search=labeler_name:%22Colgate%22&limit=100&skip=0,UPC database,Medium,2026-08-31
CL-USA-COLGATE-1180,USA,Colgate,Toothpaste,Fluoride toothpaste (OTC anticavity),Colgate PreviDent,PreviDent 5000 Kids,"US FDA OTC drug listing. NDC 0126-0311-92. Dosage form: PASTE, DENTIFRICE. Package: 100 mL in 1 BOTTLE, PLASTIC (0126-0311-92)",n.a.,100 mL,Paste / Gel,n.a.,n.a.,n.a. (FDA NDC product listing),https://api.fda.gov/drug/ndc.json?search=labeler_name:%22Colgate%22&limit=100&skip=0,UPC database,Medium,2026-08-31
CL-USA-COLGATE-1181,USA,Colgate,Toothpaste,Fluoride toothpaste (OTC anticavity),Colgate PreviDent,PreviDent 5000 Plus Fruitastic,"US FDA OTC drug listing. NDC 0126-0286-66. Dosage form: PASTE, DENTIFRICE. Package: 1 TUBE in 1 CARTON (0126-0286-66) / 51 g in 1 TUBE",n.a.,51 g,Paste / Gel,n.a.,n.a.,n.a. (FDA NDC product listing),https://api.fda.gov/drug/ndc.json?search=labeler_name:%22Colgate%22&limit=100&skip=100,UPC database,Medium,2026-08-31
CL-USA-COLGATE-1182,USA,Colgate,Toothpaste,Fluoride toothpaste (OTC anticavity),Colgate PreviDent,PreviDent 5000 Plus Spearmint,"US FDA OTC drug listing. NDC 0126-0287-66. Dosage form: PASTE, DENTIFRICE. Package: 1 TUBE in 1 CARTON (0126-0287-66) / 51 g in 1 TUBE",Spearmint,51 g,Paste / Gel,n.a.,n.a.,n.a. (FDA NDC product listing),https://api.fda.gov/drug/ndc.json?search=labeler_name:%22Colgate%22&limit=100&skip=100,UPC database,Medium,2026-08-31
CL-USA-COLGATE-1183,USA,Colgate,Toothpaste,Fluoride toothpaste (OTC anticavity),Colgate PreviDent,PreviDent 5000 Sensitive,"US FDA OTC drug listing. NDC 0126-0070-61. Dosage form: GEL, DENTIFRICE. Package: 100 mL in 1 BOTTLE (0126-0070-61)",n.a.,100 mL,Paste / Gel,n.a.,n.a.,n.a. (FDA NDC product listing),https://api.fda.gov/drug/ndc.json?search=labeler_name:%22Colgate%22&limit=100&skip=0,UPC database,Medium,2026-08-31
CL-USA-COLGATE-1184,USA,Colgate,Mouthwash & Rinse,Fluoride / therapeutic rinse,Colgate PreviDent,PreviDent Alcohol Free,"US FDA OTC drug listing. NDC 0126-0033-16. Dosage form: MOUTHWASH. Package: 473 mL in 1 BOTTLE, PLASTIC (0126-0033-16)",n.a.,473 mL,Liquid Rinse,n.a.,n.a.,n.a. (FDA NDC product listing),https://api.fda.gov/drug/ndc.json?search=labeler_name:%22Colgate%22&limit=100&skip=0,UPC database,Medium,2026-08-31
CL-USA-COLGATE-1185,USA,Colgate,Toothpaste,Fluoride toothpaste (OTC anticavity),Colgate PreviDent,PreviDent Fresh Mint,"US FDA OTC drug listing. NDC 0126-0088-02. Dosage form: GEL, DENTIFRICE. Package: 1 TUBE in 1 CARTON (0126-0088-02) / 56 g in 1 TUBE",Fresh Mint,56 g,Paste / Gel,n.a.,n.a.,n.a. (FDA NDC product listing),https://api.fda.gov/drug/ndc.json?search=labeler_name:%22Colgate%22&limit=100&skip=100,UPC database,Medium,2026-08-31
CL-USA-COLGATE-1186,USA,Colgate,Toothpaste,Fluoride toothpaste (OTC anticavity),Colgate PreviDent,PreviDent OrthoDefense,"US FDA OTC drug listing. NDC 0126-0289-92. Dosage form: PASTE, DENTIFRICE. Package: 100 mL in 1 BOTTLE (0126-0289-92)",n.a.,100 mL,Paste / Gel,n.a.,n.a.,n.a. (FDA NDC product listing),https://api.fda.gov/drug/ndc.json?search=labeler_name:%22Colgate%22&limit=100&skip=100,UPC database,Medium,2026-08-31
CL-USA-COLGATE-1187,USA,Colgate,Toothpaste,Fluoride toothpaste (OTC anticavity),Colgate PreviDent,PreviDent Very Berry,"US FDA OTC drug listing. NDC 0126-0288-02. Dosage form: GEL, DENTIFRICE. Package: 1 TUBE in 1 CARTON (0126-0288-02) / 56 g in 1 TUBE",n.a.,56 g,Paste / Gel,n.a.,n.a.,n.a. (FDA NDC product listing),https://api.fda.gov/drug/ndc.json?search=labeler_name:%22Colgate%22&limit=100&skip=100,UPC database,Medium,2026-08-31
CL-USA-COLGATE-1188,USA,Colgate,Toothpaste,Fluoride toothpaste (OTC anticavity),Colgate Renewal,COLGATE OPTIC WHITE PRO SERIES ENAMEL RENEWAL SOOTHING MINT,"US FDA OTC drug listing. NDC 35000-791-62. Dosage form: PASTE, DENTIFRICE. Package: 2 TUBE in 1 CARTON (35000-791-62) / 85 g in 1 TUBE",Mint,85 g,Paste / Gel,n.a.,n.a.,n.a. (FDA NDC product listing),https://api.fda.gov/drug/ndc.json?search=labeler_name:%22Colgate%22&limit=100&skip=100,UPC database,Medium,2026-08-31
CL-USA-COLGATE-1189,USA,Colgate,Toothpaste,Toothpaste,Colgate Renewal,Colgate Optic White Pro Series Enamel Renewal Toothpaste,"<p>Powered by HP Complex, our unique formulation of Hydrogen Peroxide, Optic White Pro Series gives you 5X whiter teeth than the leading whitening toothpaste after 1 day*.</p><br/><p> </p><br/><p>*vs. Crest 3D White Advanced silica-based toothpaste. Use as directed.</p>",n.a.,n.a.,Paste / Gel,827854027799,n.a.,Colgate.com US (brand site),https://www.colgate.com/en-us/products/toothpaste/colgate-optic-white-pro-series-enamel-renewal-toothpaste,Brand site,Medium,2026-08-31
CL-USA-COLGATE-1190,USA,Colgate,Toothpaste,Toothpaste,Colgate Renewal,Colgate Optic White Pro Series Enamel Renewal Toothpaste 3 Oz,CVS.com retailer listing.,n.a.,3 oz,Paste / Gel,n.a.,prodid 447131,CVS Pharmacy,https://www.cvs.com/shop/colgate-optic-white-pro-series-enamel-renewal-toothpaste-3-oz-prodid-447131,Retailer listing,High,2026-08-31
CL-USA-COLGATE-1191,USA,Colgate,Toothpaste,Toothpaste,Colgate Renewal,Colgate Optic White Pro Series Enamel Renewal Toothpaste 3Oz 2Pk,Target.com retailer listing.,n.a.,"3 oz, 2 ct",Paste / Gel,n.a.,TCIN 94823739,Target,https://www.target.com/p/colgate-optic-white-pro-series-enamel-renewal-toothpaste-3oz-2pk/-/A-94823739,Retailer listing,High,2026-08-31
CL-USA-COLGATE-1192,USA,Colgate,Toothpaste,Fluoride toothpaste (OTC anticavity),Colgate Renewal,Colgate Optic White Renewal Brilliant Shine,"US FDA OTC drug listing. NDC 35000-955-63. Dosage form: PASTE, DENTIFRICE. Package: 1 TUBE in 1 CARTON (35000-955-63) / 85 g in 1 TUBE",n.a.,85 g,Paste / Gel,n.a.,n.a.,n.a. (FDA NDC product listing),https://api.fda.gov/drug/ndc.json?search=labeler_name:%22Colgate%22&limit=100&skip=0,UPC database,Medium,2026-08-31
CL-USA-COLGATE-1193,USA,Colgate,Toothpaste,Fluoride toothpaste (OTC anticavity),Colgate Renewal,Colgate Optic White Renewal High Impact White,"US FDA OTC drug listing. NDC 35000-982-41. Dosage form: PASTE, DENTIFRICE. Package: 1 TUBE in 1 CARTON (35000-982-41) / 116 g in 1 TUBE",n.a.,116 g,Paste / Gel,n.a.,n.a.,n.a. (FDA NDC product listing),https://api.fda.gov/drug/ndc.json?search=labeler_name:%22Colgate%22&limit=100&skip=0,UPC database,Medium,2026-08-31
CL-USA-COLGATE-1194,USA,Colgate,Toothpaste,Toothpaste,Colgate Renewal,Colgate Optic White Renewal Teeth Whitening Toothpaste Brilliant Shine 3 Oz,Dollar General retailer listing.,n.a.,3 oz,Paste / Gel,n.a.,Dollar General item 827854006367,Dollar General,https://www.dollargeneral.com/p/colgate-optic-white-renewal-teeth-whitening-toothpaste-brilliant-shine-3-oz/827854006367,Retailer listing,High,2026-08-31
CL-USA-COLGATE-1195,USA,Colgate,Toothpaste,Toothpaste,Colgate Renewal,Colgate Optic White Renewal Teeth Whitening Toothpaste Brilliant Shine 3.0 Oz,Dollar General retailer listing.,n.a.,3.0 oz,Paste / Gel,n.a.,Dollar General item 827854011996,Dollar General,https://www.dollargeneral.com/p/colgate-optic-white-renewal-teeth-whitening-toothpaste-brilliant-shine-3-0-oz/827854011996,Retailer listing,High,2026-08-31
CL-USA-COLGATE-1196,USA,Colgate,Toothpaste,Toothpaste,Colgate Renewal,Colgate Optic White Renewal Teeth Whitening Toothpaste High Impact White,Target.com retailer listing.,n.a.,n.a.,Paste / Gel,n.a.,TCIN 94600724,Target,https://www.target.com/p/colgate-optic-white-renewal-teeth-whitening-toothpaste-high-impact-white/-/A-94600724,Retailer listing,High,2026-08-31
CL-USA-COLGATE-1197,USA,Colgate,Toothpaste,Toothpaste,Colgate Renewal,Colgate Optic White Renewal Teeth Whitening Toothpaste Mint 3 Oz Tube,Dollar General retailer listing.,Mint,3 oz,Paste / Gel,n.a.,Dollar General item 35000970084,Dollar General,https://www.dollargeneral.com/p/colgate-optic-white-renewal-teeth-whitening-toothpaste-mint-3-oz-tube/35000970084,Retailer listing,High,2026-08-31
CL-USA-COLGATE-1198,USA,Colgate,Toothpaste,Toothpaste,Colgate Renewal,Colgate Pro Series Enamel Renewal Toothpaste 3Oz,Target.com retailer listing.,n.a.,3 oz,Paste / Gel,n.a.,TCIN 94823740,Target,https://www.target.com/p/colgate-pro-series-enamel-renewal-toothpaste-3oz/-/A-94823740,Retailer listing,High,2026-08-31
CL-USA-COLGATE-1199,USA,Colgate,Toothbrush,Manual toothbrush,Colgate Sensitive,Colgate 360° Enamel Health Extra Soft Toothbrush for Sensitive Teeth,"The Colgate 360⁰ Enamel Health Sensitive manual toothbrush for sensitive teeth has extra soft bristles to help protect enamel surfaces and gums, a raised cleaning tip to help clean hard-to-reach areas and the unique cheek & tongue cleaner that helps remove odor-causing bacteria.",n.a.,n.a.,Brush,035000681768,n.a.,Colgate.com US (brand site),https://www.colgate.com/en-us/products/toothbrush/360-sensitive-extra-soft,Brand site,Medium,2026-08-31
CL-USA-COLGATE-1200,USA,Colgate,Toothpaste,Toothpaste,Colgate Sensitive,Colgate Sensitive Anticavity Whitening Toothpaste Fresh Mint,CVS.com retailer listing.,Fresh Mint,n.a.,Paste / Gel,n.a.,prodid 1011269 / skuId 259665,CVS Pharmacy,https://www.cvs.com/shop/colgate-sensitive-anticavity-whitening-toothpaste-fresh-mint-prodid-1011269?skuId=259665,Retailer listing,High,2026-08-31
CL-USA-COLGATE-1201,USA,Colgate,Toothpaste,Fluoride toothpaste (OTC anticavity),Colgate Sensitive,Colgate Sensitive Complete Protection,"US FDA OTC drug listing. NDC 35000-024-34. Dosage form: PASTE, DENTIFRICE. Package: 2 TUBE in 1 CARTON (35000-024-34) / 170 g in 1 TUBE",n.a.,170 g,Paste / Gel,n.a.,n.a.,n.a. (FDA NDC product listing),https://api.fda.gov/drug/ndc.json?search=labeler_name:%22Colgate%22&limit=100&skip=0,UPC database,Medium,2026-08-31
CL-USA-COLGATE-1202,USA,Colgate,Toothpaste,Fluoride toothpaste (OTC anticavity),Colgate Sensitive,Colgate Sensitive Complete Protection,"US FDA OTC drug listing. NDC 35000-024-78. Dosage form: PASTE, DENTIFRICE. Package: 1 TUBE in 1 CARTON (35000-024-78) / 22 g in 1 TUBE",n.a.,22 g,Paste / Gel,n.a.,n.a.,n.a. (FDA NDC product listing),https://api.fda.gov/drug/ndc.json?search=labeler_name:%22Colgate%22&limit=100&skip=0,UPC database,Medium,2026-08-31
CL-USA-COLGATE-1203,USA,Colgate,Toothpaste,Fluoride toothpaste (OTC anticavity),Colgate Sensitive,Colgate Sensitive Complete Protection,"US FDA OTC drug listing. NDC 35000-024-21. Dosage form: PASTE, DENTIFRICE. Package: 1 TUBE in 1 CARTON (35000-024-21) / 59 g in 1 TUBE",n.a.,59 g,Paste / Gel,n.a.,n.a.,n.a. (FDA NDC product listing),https://api.fda.gov/drug/ndc.json?search=labeler_name:%22Colgate%22&limit=100&skip=0,UPC database,Medium,2026-08-31
CL-USA-COLGATE-1204,USA,Colgate,Toothpaste,Toothpaste,Colgate Sensitive,Colgate Sensitive Complete Protection Toothpaste 4 Pk,Sam's Club retailer listing.,n.a.,4 ct,Paste / Gel,n.a.,Sam's Club item 13902857394,Sam's Club,https://www.samsclub.com/ip/colgate-sensitive-complete-protection-toothpaste-4-pk/13902857394,Retailer listing,High,2026-08-31
CL-USA-COLGATE-1205,USA,Colgate,Toothpaste,Toothpaste,Colgate Sensitive,Colgate Sensitive Complete Protection Toothpaste Mint Clean 6 Oz,CVS.com retailer listing.,Mint,6 oz,Paste / Gel,n.a.,prodid 1910045 / skuId 237416,CVS Pharmacy,https://www.cvs.com/shop/colgate-sensitive-complete-protection-toothpaste-mint-clean-6-oz-prodid-1910045?skuId=237416,Retailer listing,High,2026-08-31
CL-USA-COLGATE-1206,USA,Colgate,Toothpaste,Toothpaste,Colgate Sensitive,"Colgate Sensitive Complete Protection Toothpaste, Spearmint","Colgate Sensitive Complete Protection Toothpaste provides 24/7 sensitivity protection with twice daily brushing and was developed to help protect against cavities, fight tartar and remove plaque with regular brushing.",Spearmint,n.a.,Paste / Gel,035000521019,n.a.,Colgate.com US (brand site),https://www.colgate.com/en-us/products/toothpaste/sv-complete-protection,Brand site,High,2026-08-31
CL-USA-COLGATE-1207,USA,Colgate,Toothpaste,Fluoride toothpaste (OTC anticavity),Colgate Sensitive,Colgate Sensitive Enamel Health,"US FDA OTC drug listing. NDC 35000-130-60. Dosage form: PASTE, DENTIFRICE. Package: 1 TUBE in 1 CARTON (35000-130-60) / 170 g in 1 TUBE",n.a.,170 g,Paste / Gel,n.a.,n.a.,n.a. (FDA NDC product listing),https://api.fda.gov/drug/ndc.json?search=labeler_name:%22Colgate%22&limit=100&skip=0,UPC database,Medium,2026-08-31
CL-USA-COLGATE-1208,USA,Colgate,Toothpaste,Toothpaste,Colgate Sensitive,Colgate Sensitive Enamel Health Toothpaste Soothing Peppermint 6 Oz,CVS.com retailer listing.,Peppermint,6 oz,Paste / Gel,n.a.,prodid 2310036 / skuId 397303,CVS Pharmacy,https://www.cvs.com/shop/colgate-sensitive-enamel-health-toothpaste-soothing-peppermint-6-oz-prodid-2310036?skuId=397303,Retailer listing,High,2026-08-31
CL-USA-COLGATE-1209,USA,Colgate,Toothpaste,Toothpaste,Colgate Sensitive,"Colgate Sensitive Enamel Health Toothpaste for Sensitive Teeth, Peppermint",Sensitivity relief never tasted so good with Colgate Sensitive Enamel Health Enamel Repair Toothpaste.,Peppermint,6.0 oz,Paste / Gel,035000521231,n.a.,Colgate.com US (brand site),https://www.colgate.com/en-us/products/toothpaste/sv-prevent-repair,Brand site,High,2026-08-31
CL-USA-COLGATE-1210,USA,Colgate,Toothbrush,Manual toothbrush,Colgate Sensitive,Colgate Sensitive Expert Toothbrush Ultra Soft Bristle 2 Ct,CVS.com retailer listing.,n.a.,2 ct,Brush,n.a.,prodid 108304,CVS Pharmacy,https://www.cvs.com/shop/colgate-sensitive-expert-toothbrush-ultra-soft-bristle-2-ct-prodid-108304,Retailer listing,High,2026-08-31
CL-USA-COLGATE-1211,USA,Colgate,Toothbrush,Manual toothbrush,Colgate Sensitive,Colgate Sensitive Expert Ultra Soft Toothbrush,"Experience ultra soft, dense cloud-like bristles gently cleaning your teeth and along the gumline with Colgate Sensitive Expert Ultra Soft Toothbrush.",n.a.,n.a.,Brush,827854010852,n.a.,Colgate.com US (brand site),https://www.colgate.com/en-us/products/toothbrush/sensitive-expert-manual-toothbrush,Brand site,Medium,2026-08-31
CL-USA-COLGATE-1212,USA,Colgate,Toothpaste,Fluoride toothpaste (OTC anticavity),Colgate Sensitive,Colgate Sensitive Prevent and Repair,"US FDA OTC drug listing. NDC 35000-128-60. Dosage form: PASTE, DENTIFRICE. Package: 1 TUBE in 1 CARTON (35000-128-60) / 170 g in 1 TUBE",n.a.,170 g,Paste / Gel,n.a.,n.a.,n.a. (FDA NDC product listing),https://api.fda.gov/drug/ndc.json?search=labeler_name:%22Colgate%22&limit=100&skip=0,UPC database,Medium,2026-08-31
CL-USA-COLGATE-1213,USA,Colgate,Toothpaste,Toothpaste,Colgate Sensitive,Colgate Sensitive Toothpaste Complete Protection 6Oz 2Pk,Target.com retailer listing.,n.a.,"6 oz, 2 ct",Paste / Gel,n.a.,TCIN 75563177,Target,https://www.target.com/p/colgate-sensitive-toothpaste-complete-protection-6oz-2pk/-/A-75563177,Retailer listing,High,2026-08-31
CL-USA-COLGATE-1214,USA,Colgate,Toothpaste,Toothpaste,Colgate Sensitive,Colgate Sensitive Toothpaste Maximum Strength With Whitening Fresh Mint Gel 6Oz,Target.com retailer listing.,Fresh Mint,6 oz,Paste / Gel,n.a.,TCIN 79146929,Target,https://www.target.com/p/colgate-sensitive-toothpaste-maximum-strength-with-whitening-fresh-mint-gel-6oz/-/A-79146929,Retailer listing,High,2026-08-31
CL-USA-COLGATE-1215,USA,Colgate,Toothpaste,Toothpaste,Colgate Sensitive,Colgate Sensitive Toothpaste Maximum Strength With Whitening Fresh Mint Gel 6Oz 3Pk,Target.com retailer listing.,Fresh Mint,"6 oz, 3 ct",Paste / Gel,n.a.,TCIN 79833015,Target,https://www.target.com/p/colgate-sensitive-toothpaste-maximum-strength-with-whitening-fresh-mint-gel-6oz-3pk/-/A-79833015,Retailer listing,High,2026-08-31
CL-USA-COLGATE-1216,USA,Colgate,Toothpaste,Toothpaste,Colgate Sensitive,Colgate Sensitive Toothpaste Whitening Fresh Mint Gel 6Oz 2Pk,Target.com retailer listing.,Fresh Mint,"6 oz, 2 ct",Paste / Gel,n.a.,TCIN 14414381,Target,https://www.target.com/p/colgate-sensitive-toothpaste-whitening-fresh-mint-gel-6oz-2pk/-/A-14414381,Retailer listing,High,2026-08-31
CL-USA-COLGATE-1217,USA,Colgate,Toothpaste,Fluoride toothpaste (OTC anticavity),Colgate Sensitive,Colgate Sensitive Whitening,"US FDA OTC drug listing. NDC 35000-131-46. Dosage form: GEL, DENTIFRICE. Package: 1 TUBE in 1 CARTON (35000-131-46) / 130 g in 1 TUBE",n.a.,130 g,Paste / Gel,n.a.,n.a.,n.a. (FDA NDC product listing),https://api.fda.gov/drug/ndc.json?search=labeler_name:%22Colgate%22&limit=100&skip=0,UPC database,Medium,2026-08-31
CL-USA-COLGATE-1218,USA,Colgate,Toothpaste,Fluoride toothpaste (OTC anticavity),Colgate Sensitive,Colgate Sensitive Whitening,"US FDA OTC drug listing. NDC 35000-131-34. Dosage form: GEL, DENTIFRICE. Package: 2 TUBE in 1 CARTON (35000-131-34) / 170 g in 1 TUBE",n.a.,170 g,Paste / Gel,n.a.,n.a.,n.a. (FDA NDC product listing),https://api.fda.gov/drug/ndc.json?search=labeler_name:%22Colgate%22&limit=100&skip=0,UPC database,Medium,2026-08-31
CL-USA-COLGATE-1219,USA,Colgate,Toothpaste,Toothpaste,Colgate Sensitive,Colgate Sensitive Whitening Toothpaste Cavity Protection Mint Toothpaste Gel 4 Pk6 Oz,BJ's Wholesale Club retailer listing.,Mint,6 oz,Paste / Gel,n.a.,BJ's article 3000000000004983751,BJ's Wholesale Club,https://www.bjs.com/product/colgate-sensitive-whitening-toothpaste-cavity-protection-mint-toothpaste-gel-4-pk6-oz/3000000000004983751/,Retailer listing,High,2026-08-31
CL-USA-COLGATE-1220,USA,Colgate,Toothpaste,Toothpaste,Colgate Sensitive,Colgate Sensitive Whitening Toothpaste Gel For Sensitive Teeth Spearmint 1 Pack 4.6 Oz,Dollar General retailer listing.,Spearmint,"6 oz, 1 ct",Paste / Gel,n.a.,Dollar General item 35000472359,Dollar General,https://www.dollargeneral.com/p/colgate-sensitive-whitening-toothpaste-gel-for-sensitive-teeth-spearmint-1-pack-4-6-oz/35000472359,Retailer listing,High,2026-08-31
CL-USA-COLGATE-1221,USA,Colgate,Toothpaste,Toothpaste,Colgate Sensitive,"Colgate Sensitive Whitening Toothpaste Gel, Spearmint",Sensitivity relief never tasted so good with Colgate Sensitive Whitening Toothpaste Gel.,Spearmint,n.a.,Paste / Gel,035000525413,n.a.,Colgate.com US (brand site),https://www.colgate.com/en-us/products/toothpaste/sv-whitening,Brand site,Medium,2026-08-31
CL-USA-COLGATE-1222,USA,Colgate,Toothpaste,Fluoride toothpaste (OTC anticavity),Colgate Sensitive,Colgate Sensitive plus Whitening,"US FDA OTC drug listing. NDC 35000-023-46. Dosage form: PASTE, DENTIFRICE. Package: 1 TUBE in 1 CARTON (35000-023-46) / 130 g in 1 TUBE",n.a.,130 g,Paste / Gel,n.a.,n.a.,n.a. (FDA NDC product listing),https://api.fda.gov/drug/ndc.json?search=labeler_name:%22Colgate%22&limit=100&skip=0,UPC database,Medium,2026-08-31
CL-USA-COLGATE-1223,USA,Colgate,Toothpaste,Fluoride toothpaste (OTC anticavity),Colgate Sensitive,Colgate Sensitive plus Whitening,"US FDA OTC drug listing. NDC 35000-023-34. Dosage form: PASTE, DENTIFRICE. Package: 2 TUBE in 1 CARTON (35000-023-34) / 170 g in 1 TUBE",n.a.,170 g,Paste / Gel,n.a.,n.a.,n.a. (FDA NDC product listing),https://api.fda.gov/drug/ndc.json?search=labeler_name:%22Colgate%22&limit=100&skip=0,UPC database,Medium,2026-08-31
CL-USA-COLGATE-1224,USA,Colgate,Toothbrush,Manual toothbrush,Colgate SlimSoft,Colgate Slim Soft Charcoal Compact Head Toothbrush Soft,Dollar General retailer listing.,Charcoal,n.a.,Brush,n.a.,Dollar General item 58000311459,Dollar General,https://www.dollargeneral.com/p/colgate-slim-soft-charcoal-compact-head-toothbrush-soft/58000311459,Retailer listing,High,2026-08-31
CL-USA-COLGATE-1225,USA,Colgate,Toothpaste,Fluoride toothpaste (OTC anticavity),Colgate Sparkling White,COLGATE SPARKLING WHITE CINNAMINT,"US FDA OTC drug listing. NDC 35000-900-69. Dosage form: GEL, DENTIFRICE. Package: 1 TUBE in 1 CARTON (35000-900-69) / 113 g in 1 TUBE",n.a.,113 g,Paste / Gel,n.a.,n.a.,n.a. (FDA NDC product listing),https://api.fda.gov/drug/ndc.json?search=labeler_name:%22Colgate%22&limit=100&skip=200,UPC database,Medium,2026-08-31
CL-USA-COLGATE-1226,USA,Colgate,Toothpaste,Toothpaste,Colgate Sparkling White,Colgate Anticavity Sparkling White Fluoride Toothpaste Mint Zing 8 2 O Oz,CVS.com retailer listing.,Mint,n.a.,Paste / Gel,n.a.,prodid 564703,CVS Pharmacy,https://www.cvs.com/shop/colgate-anticavity-sparkling-white-fluoride-toothpaste-mint-zing-8-2-o-oz-prodid-564703,Retailer listing,High,2026-08-31
CL-USA-COLGATE-1227,USA,Colgate,Toothpaste,Toothpaste,Colgate Sparkling White,Colgate Sparkling White Flouride Toothpaste Mint Zing 6 Oz,CVS.com retailer listing.,Mint,6 oz,Paste / Gel,n.a.,prodid 744438,CVS Pharmacy,https://www.cvs.com/shop/colgate-sparkling-white-flouride-toothpaste-mint-zing-6-oz-prodid-744438,Retailer listing,High,2026-08-31
CL-USA-COLGATE-1228,USA,Colgate,Toothpaste,Fluoride toothpaste (OTC anticavity),Colgate Sparkling White,Colgate Sparkling White Mint Zing,"US FDA OTC drug listing. NDC 35000-919-69. Dosage form: GEL, DENTIFRICE. Package: 1 TUBE in 1 CARTON (35000-919-69) / 113 g in 1 TUBE",Mint,113 g,Paste / Gel,n.a.,n.a.,n.a. (FDA NDC product listing),https://api.fda.gov/drug/ndc.json?search=labeler_name:%22Colgate%22&limit=100&skip=0,UPC database,Medium,2026-08-31
CL-USA-COLGATE-1229,USA,Colgate,Toothpaste,Fluoride toothpaste (OTC anticavity),Colgate Sparkling White,Colgate Sparkling White Mint Zing,"US FDA OTC drug listing. NDC 35000-919-60. Dosage form: GEL, DENTIFRICE. Package: 1 TUBE in 1 CARTON (35000-919-60) / 170 g in 1 TUBE",Mint,170 g,Paste / Gel,n.a.,n.a.,n.a. (FDA NDC product listing),https://api.fda.gov/drug/ndc.json?search=labeler_name:%22Colgate%22&limit=100&skip=0,UPC database,Medium,2026-08-31
CL-USA-COLGATE-1230,USA,Colgate,Toothpaste,Fluoride toothpaste (OTC anticavity),Colgate Sparkling White,Colgate Sparkling White Mint Zing,"US FDA OTC drug listing. NDC 35000-919-48. Dosage form: GEL, DENTIFRICE. Package: 1 TUBE in 1 CARTON (35000-919-48) / 226 g in 1 TUBE",Mint,226 g,Paste / Gel,n.a.,n.a.,n.a. (FDA NDC product listing),https://api.fda.gov/drug/ndc.json?search=labeler_name:%22Colgate%22&limit=100&skip=0,UPC database,Medium,2026-08-31
CL-USA-COLGATE-1231,USA,Colgate,Toothpaste,Fluoride toothpaste (OTC anticavity),Colgate Sparkling White,Colgate Sparkling White Mint Zing,"US FDA OTC drug listing. NDC 35000-919-58. Dosage form: GEL, DENTIFRICE. Package: 1 TUBE in 1 CARTON (35000-919-58) / 70 g in 1 TUBE",Mint,70 g,Paste / Gel,n.a.,n.a.,n.a. (FDA NDC product listing),https://api.fda.gov/drug/ndc.json?search=labeler_name:%22Colgate%22&limit=100&skip=0,UPC database,Medium,2026-08-31
CL-USA-COLGATE-1232,USA,Colgate,Toothpaste,Toothpaste,Colgate Sparkling White,Colgate Sparkling White Whitening Toothpaste Cinnamon 2.5 Oz,Dollar General retailer listing.,Cinnamon,5 oz,Paste / Gel,n.a.,Dollar General item 35000744906,Dollar General,https://www.dollargeneral.com/p/colgate-sparkling-white-whitening-toothpaste-cinnamon-2-5-oz/35000744906,Retailer listing,High,2026-08-31
CL-USA-COLGATE-1233,USA,Colgate,Toothpaste,Toothpaste,Colgate Sparkling White,Colgate Sparkling White Whitening Toothpaste Mint Zing 2.5 Oz,Dollar General retailer listing.,Mint,5 oz,Paste / Gel,n.a.,Dollar General item 35000744289,Dollar General,https://www.dollargeneral.com/p/colgate-sparkling-white-whitening-toothpaste-mint-zing-2-5-oz/35000744289,Retailer listing,High,2026-08-31
CL-USA-COLGATE-1234,USA,Colgate,Toothpaste,Toothpaste,Colgate Sparkling White,"Colgate Sparkling White Whitening Toothpaste, Mint Zing",Listed on Colgate brand site product carousel with barcode 035000510938. Barcode-database title: Colgate Baking Soda Sparkling White Fluoride Toothpaste Mint Zing,Mint,n.a.,Paste / Gel,035000510938,n.a.,Colgate.com US (brand site),https://www.colgate.com/en-us/products/toothpaste/sw-mint-zing,Brand site,Medium,2026-08-31
CL-USA-COLGATE-1235,USA,Colgate,Toothbrush,Manual toothbrush,Colgate Total,Colgate 360 Total Advanced Floss Tip Bristles Toothbrush Medium,Target.com retailer listing.,n.a.,n.a.,Brush,n.a.,TCIN 79226423,Target,https://www.target.com/p/colgate-360-total-advanced-floss-tip-bristles-toothbrush-medium/-/A-79226423,Retailer listing,High,2026-08-31
CL-USA-COLGATE-1236,USA,Colgate,Toothbrush,Manual toothbrush,Colgate Total,Colgate 360 Total Advanced Floss Tip Bristles Toothbrush Soft,Target.com retailer listing.,n.a.,n.a.,Brush,n.a.,TCIN 79226430,Target,https://www.target.com/p/colgate-360-total-advanced-floss-tip-bristles-toothbrush-soft/-/A-79226430,Retailer listing,High,2026-08-31
CL-USA-COLGATE-1237,USA,Colgate,Toothbrush,Electric / battery toothbrush,Colgate Total,Colgate 360 Total Advanced Floss Tip Sonic Powered Toothbrush Soft 2Ct,Target.com retailer listing.,n.a.,2 ct,Brush,n.a.,TCIN 75563183,Target,https://www.target.com/p/colgate-360-total-advanced-floss-tip-sonic-powered-toothbrush-soft-2ct/-/A-75563183,Retailer listing,High,2026-08-31
CL-USA-COLGATE-1238,USA,Colgate,Toothbrush,Electric / battery toothbrush,Colgate Total,Colgate 360 Total Advanced Floss Tip Sonic Powered Vibrating Toothbrush Soft,Target.com retailer listing.,n.a.,n.a.,Brush,n.a.,TCIN 85567518,Target,https://www.target.com/p/colgate-360-total-advanced-floss-tip-sonic-powered-vibrating-toothbrush-soft/-/A-85567518,Retailer listing,High,2026-08-31
CL-USA-COLGATE-1239,USA,Colgate,Toothbrush,Manual toothbrush,Colgate Total,Colgate 360 Total Advanced Floss Tip Toothbrush,CVS.com retailer listing.,n.a.,n.a.,Brush,n.a.,prodid 1011263 / skuId 919723,CVS Pharmacy,https://www.cvs.com/shop/colgate-360-total-advanced-floss-tip-toothbrush-prodid-1011263?skuId=919723,Retailer listing,High,2026-08-31
CL-USA-COLGATE-1240,USA,Colgate,Mouthwash & Rinse,Fluoride / therapeutic rinse,Colgate Total,Colgate Total 12 Hr Pro-Shield Spearmint Surge,US FDA OTC drug listing. NDC 35000-731-33. Dosage form: RINSE. Package: 1000 mL in 1 BOTTLE (35000-731-33),Spearmint,1000 mL,Liquid Rinse,n.a.,n.a.,n.a. (FDA NDC product listing),https://api.fda.gov/drug/ndc.json?search=labeler_name:%22Colgate%22&limit=100&skip=100,UPC database,Medium,2026-08-31
CL-USA-COLGATE-1241,USA,Colgate,Mouthwash & Rinse,Fluoride / therapeutic rinse,Colgate Total,Colgate Total 12 Hr Pro-Shield Spearmint Surge,US FDA OTC drug listing. NDC 35000-731-84. Dosage form: RINSE. Package: 250 mL in 1 BOTTLE (35000-731-84),Spearmint,250 mL,Liquid Rinse,n.a.,n.a.,n.a. (FDA NDC product listing),https://api.fda.gov/drug/ndc.json?search=labeler_name:%22Colgate%22&limit=100&skip=100,UPC database,Medium,2026-08-31
CL-USA-COLGATE-1242,USA,Colgate,Mouthwash & Rinse,Fluoride / therapeutic rinse,Colgate Total,Colgate Total 12 Hr Pro-Shield Spearmint Surge,US FDA OTC drug listing. NDC 35000-731-16. Dosage form: RINSE. Package: 500 mL in 1 BOTTLE (35000-731-16),Spearmint,500 mL,Liquid Rinse,n.a.,n.a.,n.a. (FDA NDC product listing),https://api.fda.gov/drug/ndc.json?search=labeler_name:%22Colgate%22&limit=100&skip=100,UPC database,Medium,2026-08-31
CL-USA-COLGATE-1243,USA,Colgate,Mouthwash & Rinse,Fluoride / therapeutic rinse,Colgate Total,Colgate Total 12 Hr Pro-Shield Spearmint Surge,US FDA OTC drug listing. NDC 35000-731-02. Dosage form: RINSE. Package: 60 mL in 1 BOTTLE (35000-731-02),Spearmint,60 mL,Liquid Rinse,n.a.,n.a.,n.a. (FDA NDC product listing),https://api.fda.gov/drug/ndc.json?search=labeler_name:%22Colgate%22&limit=100&skip=100,UPC database,Medium,2026-08-31
CL-USA-COLGATE-1244,USA,Colgate,Toothpaste,Toothpaste,Colgate Total,Colgate Total Active Prevention Clean Mint Toothpaste,Listed on Colgate brand site product carousel with barcode 827854001836,Clean Mint,n.a.,Paste / Gel,827854001836,n.a.,Colgate.com US (brand site),https://www.colgate.com/en-us/products/toothpaste/colgate-total-active-prevention-clean-mint-toothpaste,Brand site,Medium,2026-08-31
CL-USA-COLGATE-1245,USA,Colgate,Toothpaste,Toothpaste,Colgate Total,Colgate Total Active Prevention Clean Mint Toothpaste 2 Pack 5.1 Oz,Dollar General retailer listing.,Clean Mint,"1 oz, 2 ct",Paste / Gel,n.a.,Dollar General item 827854002031,Dollar General,https://www.dollargeneral.com/p/colgate-total-active-prevention-clean-mint-toothpaste-2-pack-5-1-oz/827854002031,Retailer listing,High,2026-08-31
CL-USA-COLGATE-1246,USA,Colgate,Toothpaste,Toothpaste,Colgate Total,Colgate Total Active Prevention Deep Clean Toothpaste Mint 3 Oz,Dollar General retailer listing.,Mint,3 oz,Paste / Gel,n.a.,Dollar General item 35000985088,Dollar General,https://www.dollargeneral.com/p/colgate-total-active-prevention-deep-clean-toothpaste-mint-3-3-oz/35000985088,Retailer listing,High,2026-08-31
CL-USA-COLGATE-1247,USA,Colgate,Toothpaste,Toothpaste,Colgate Total,Colgate Total Active Prevention Deep Clean Toothpaste Mint 5.1 Oz,Dollar General retailer listing.,Mint,1 oz,Paste / Gel,n.a.,Dollar General item 827854001850,Dollar General,https://www.dollargeneral.com/p/colgate-total-active-prevention-deep-clean-toothpaste-mint-5-1-oz/827854001850,Retailer listing,High,2026-08-31
CL-USA-COLGATE-1248,USA,Colgate,Toothbrush,Manual toothbrush,Colgate Total,Colgate Total Active Prevention Foaming Clean Medium Toothbrush,"Colgate Total Active Prevention Foaming Clean Medium Bristle Toothbrush is specially designed to tackle the root cause* cavities, plaque, gingivitis, bad breath, tartar buildup**, and stains***.",n.a.,n.a.,Brush,827854016922,n.a.,Colgate.com US (brand site),https://www.colgate.com/en-us/products/toothbrush/col-tot-act-prevent-foaming-cln-mantb-medium,Brand site,Medium,2026-08-31
CL-USA-COLGATE-1249,USA,Colgate,Toothbrush,Manual toothbrush,Colgate Total,Colgate Total Active Prevention Foaming Clean Medium Toothbrush 1 Pack,Dollar General retailer listing.,n.a.,1 ct,Brush,n.a.,Dollar General item 827854016922,Dollar General,https://www.dollargeneral.com/p/colgate-total-active-prevention-foaming-clean-medium-toothbrush-1-pack/827854016922,Retailer listing,High,2026-08-31
CL-USA-COLGATE-1250,USA,Colgate,Toothbrush,Manual toothbrush,Colgate Total,"Colgate Total Active Prevention Foaming Clean Medium Toothbrush, 1 Pack","Colgate Total Active Prevention Foaming Clean Medium Toothbrush is designed to fight bacteria, the root cause of cavities, plaque, gingivitis, bad breath, and stains* while offering rapid foaming action for deeper (2) toothpaste delivery.",n.a.,1 ct,Brush,827854016922,n.a.,Colgate.com US (brand site),https://www.colgate.com/en-us/products/toothbrush/total-active-prevention-foaming-clean-medium-toothbrush,Brand site,Medium,2026-08-31
CL-USA-COLGATE-1251,USA,Colgate,Toothbrush,Manual toothbrush,Colgate Total,Colgate Total Active Prevention Foaming Clean Soft Toothbrush,Listed on Colgate brand site product carousel with barcode 827854016809,n.a.,n.a.,Brush,827854016809,n.a.,Colgate.com US (brand site),https://www.colgate.com/en-us/products/toothbrush/total-active-prevention-foaming-clean-soft-toothbrush,Brand site,Medium,2026-08-31
CL-USA-COLGATE-1252,USA,Colgate,Toothpaste,Toothpaste,Colgate Total,Colgate Total Active Prevention Fresh Mint Toothpaste,"Colgate Total Fresh Mint Toothpaste fights bacteria, the root cause of many oral health issues such as gingivitis, tartar, sensitivity, weak enamel, bad breath, and cavities.",Fresh Mint,n.a.,Paste / Gel,827854001898,n.a.,Colgate.com US (brand site),https://www.colgate.com/en-us/products/toothpaste/colgate-total-fresh-mint,Brand site,Medium,2026-08-31
CL-USA-COLGATE-1253,USA,Colgate,Toothpaste,Toothpaste,Colgate Total,Colgate Total Active Prevention Fresh Mint Toothpaste 3 Oz,Dollar General retailer listing.,Fresh Mint,3 oz,Paste / Gel,n.a.,Dollar General item 35000987051,Dollar General,https://www.dollargeneral.com/p/colgate-total-active-prevention-fresh-mint-toothpaste-3-3-oz/35000987051,Retailer listing,High,2026-08-31
CL-USA-COLGATE-1254,USA,Colgate,Toothpaste,Toothpaste,Colgate Total,Colgate Total Active Prevention Fresh Mint Toothpaste 5.1 Oz,Dollar General retailer listing.,Fresh Mint,1 oz,Paste / Gel,n.a.,Dollar General item 827854001898,Dollar General,https://www.dollargeneral.com/p/colgate-total-active-prevention-fresh-mint-toothpaste-5-1-oz/827854001898,Retailer listing,High,2026-08-31
CL-USA-COLGATE-1255,USA,Colgate,Toothbrush,Manual toothbrush,Colgate Total,"Colgate Total Active Prevention Gum Care Extra Soft Toothbrush, 2 Pack<br/>",The Colgate Total Active Prevention Gum Care Extra Soft Toothbrush is designed for a gentle clean and helps support healthy gums.,n.a.,n.a.,Brush,n.a.,n.a.,Colgate.com US (brand site),https://www.colgate.com/en-us/products/toothbrush/colgate-total-gum-care-extra-soft-2-pack,Brand site,Medium,2026-08-31
CL-USA-COLGATE-1256,USA,Colgate,Mouthwash & Rinse,Fluoride / therapeutic rinse,Colgate Total,Colgate Total Active Prevention Gum Health,US FDA OTC drug listing. NDC 35000-281-31. Dosage form: RINSE. Package: 1000 mL in 1 BOTTLE (35000-281-31),n.a.,1000 mL,Liquid Rinse,n.a.,n.a.,n.a. (FDA NDC product listing),https://api.fda.gov/drug/ndc.json?search=labeler_name:%22Colgate%22&limit=100&skip=100,UPC database,Medium,2026-08-31
CL-USA-COLGATE-1257,USA,Colgate,Mouthwash & Rinse,Fluoride / therapeutic rinse,Colgate Total,Colgate Total Active Prevention Gum Health,US FDA OTC drug listing. NDC 35000-281-16. Dosage form: RINSE. Package: 500 mL in 1 BOTTLE (35000-281-16),n.a.,500 mL,Liquid Rinse,n.a.,n.a.,n.a. (FDA NDC product listing),https://api.fda.gov/drug/ndc.json?search=labeler_name:%22Colgate%22&limit=100&skip=100,UPC database,Medium,2026-08-31
CL-USA-COLGATE-1258,USA,Colgate,Toothpaste,Toothpaste,Colgate Total,Colgate Total Active Prevention Gum Protect Whitening Toothpaste 3 Oz,CVS.com retailer listing.,n.a.,3 oz,Paste / Gel,n.a.,prodid 609256,CVS Pharmacy,https://www.cvs.com/shop/colgate-total-active-prevention-gum-protect-whitening-toothpaste-3-oz-prodid-609256,Retailer listing,High,2026-08-31
CL-USA-COLGATE-1259,USA,Colgate,Toothpaste,Toothpaste,Colgate Total,Colgate Total Active Prevention Gum Protect Whitening Toothpaste Fresh Mint Paste 3.8 Oz 3 Pack,Dollar General retailer listing.,Fresh Mint,"8 oz, 3 ct",Paste / Gel,n.a.,Dollar General item 827854018001,Dollar General,https://www.dollargeneral.com/p/colgate-total-active-prevention-gum-protect-whitening-toothpaste-fresh-mint-paste-3-8-oz-3-pack/827854018001,Retailer listing,High,2026-08-31
CL-USA-COLGATE-1260,USA,Colgate,Mouthwash & Rinse,Mouthwash / rinse,Colgate Total,"Colgate Total Active Prevention Mouthwash, Peppermint",<p>Colgate Total Alcohol Free* Peppermint Mouthwash delivers 24-hour protection** against bacteria.</p>,Peppermint,n.a.,Liquid Rinse,035000671233,n.a.,Colgate.com US (brand site),https://www.colgate.com/en-us/products/mouthwash/colgate-total-active-prevention-mouthwash-peppermint,Brand site,Medium,2026-08-31
CL-USA-COLGATE-1261,USA,Colgate,Mouthwash & Rinse,Fluoride / therapeutic rinse,Colgate Total,Colgate Total Active Prevention Peppermint,US FDA OTC drug listing. NDC 35000-279-31. Dosage form: RINSE. Package: 1000 mL in 1 BOTTLE (35000-279-31),Peppermint,1000 mL,Liquid Rinse,n.a.,n.a.,n.a. (FDA NDC product listing),https://api.fda.gov/drug/ndc.json?search=labeler_name:%22Colgate%22&limit=100&skip=100,UPC database,Medium,2026-08-31
CL-USA-COLGATE-1262,USA,Colgate,Mouthwash & Rinse,Fluoride / therapeutic rinse,Colgate Total,Colgate Total Active Prevention Peppermint,US FDA OTC drug listing. NDC 35000-279-84. Dosage form: RINSE. Package: 250 mL in 1 BOTTLE (35000-279-84),Peppermint,250 mL,Liquid Rinse,n.a.,n.a.,n.a. (FDA NDC product listing),https://api.fda.gov/drug/ndc.json?search=labeler_name:%22Colgate%22&limit=100&skip=100,UPC database,Medium,2026-08-31
CL-USA-COLGATE-1263,USA,Colgate,Mouthwash & Rinse,Fluoride / therapeutic rinse,Colgate Total,Colgate Total Active Prevention Peppermint,US FDA OTC drug listing. NDC 35000-279-16. Dosage form: RINSE. Package: 500 mL in 1 BOTTLE (35000-279-16),Peppermint,500 mL,Liquid Rinse,n.a.,n.a.,n.a. (FDA NDC product listing),https://api.fda.gov/drug/ndc.json?search=labeler_name:%22Colgate%22&limit=100&skip=100,UPC database,Medium,2026-08-31
CL-USA-COLGATE-1264,USA,Colgate,Mouthwash & Rinse,Fluoride / therapeutic rinse,Colgate Total,Colgate Total Active Prevention Peppermint,US FDA OTC drug listing. NDC 35000-279-81. Dosage form: RINSE. Package: 58 mL in 1 BOTTLE (35000-279-81),Peppermint,58 mL,Liquid Rinse,n.a.,n.a.,n.a. (FDA NDC product listing),https://api.fda.gov/drug/ndc.json?search=labeler_name:%22Colgate%22&limit=100&skip=100,UPC database,Medium,2026-08-31
CL-USA-COLGATE-1265,USA,Colgate,Mouthwash & Rinse,Fluoride / therapeutic rinse,Colgate Total,Colgate Total Active Prevention Peppermint,US FDA OTC drug listing. NDC 35000-279-80. Dosage form: RINSE. Package: 60 mL in 1 BOTTLE (35000-279-80),Peppermint,60 mL,Liquid Rinse,n.a.,n.a.,n.a. (FDA NDC product listing),https://api.fda.gov/drug/ndc.json?search=labeler_name:%22Colgate%22&limit=100&skip=100,UPC database,Medium,2026-08-31
CL-USA-COLGATE-1266,USA,Colgate,Toothpaste,Toothpaste,Colgate Total,"Colgate Total Active Prevention Plaque Cleanse Whitening Toothpaste Gel, Cool Peppermint","Help promote healthy gums using Colgate Total Active Prevention Plaque Cleanse Whitening Toothpaste Gel. This patented tartar prevention toothpaste fights the root cause* of gingivitis, plaque, tartar, cavities, sensitivity, bad breath, weak enamel, and stains and is 2x more effective*** at fighting bacteria, the root cause of oral health problems like cavities and gingivitis.<br/><br/>*via protec",Peppermint,n.a.,Paste / Gel,827854026662,n.a.,Colgate.com US (brand site),https://www.colgate.com/en-us/products/toothpaste/colgate-total-plaque-cleanse,Brand site,Medium,2026-08-31
CL-USA-COLGATE-1267,USA,Colgate,Toothpaste,Toothpaste,Colgate Total,Colgate Total Active Prevention Sensitive Mineral Shield Toothpaste Gentle Mint 3 Oz,CVS.com retailer listing.,Mint,3 oz,Paste / Gel,n.a.,prodid 455401,CVS Pharmacy,https://www.cvs.com/shop/colgate-total-active-prevention-sensitive-mineral-shield-toothpaste-gentle-mint-3-oz-prodid-455401,Retailer listing,High,2026-08-31
CL-USA-COLGATE-1268,USA,Colgate,Toothpaste,Toothpaste,Colgate Total,Colgate Total Active Prevention Sensitivity Mineral Shield Mint Toothpaste Gentle Mint 3 Oz,Dollar General retailer listing.,Mint,3 oz,Paste / Gel,n.a.,Dollar General item 827854026860,Dollar General,https://www.dollargeneral.com/p/colgate-total-active-prevention-sensitivity-mineral-shield-mint-toothpaste-gentle-mint-3-oz/827854026860,Retailer listing,High,2026-08-31
CL-USA-COLGATE-1269,USA,Colgate,Toothpaste,Toothpaste,Colgate Total,"Colgate Total Active Prevention Sensitivity Mineral Shield Mint Toothpaste, Gentle Mint",<p>Help prevent sensitivity from day 1* with Colgate Total Active Prevention Sensitivity Mineral Shield Mint Toothpaste.<br>*with twice daily use</p>,Mint,n.a.,Paste / Gel,827854026860,n.a.,Colgate.com US (brand site),https://www.colgate.com/en-us/products/toothpaste/colgate-total-sensitivity-mineral-shield,Brand site,Medium,2026-08-31
CL-USA-COLGATE-1270,USA,Colgate,Toothbrush,Manual toothbrush,Colgate Total,Colgate Total Active Prevention Soft Whitening Toothbrush Black 1 Pack,Dollar General retailer listing.,n.a.,1 ct,Brush,n.a.,Dollar General item 827854016946,Dollar General,https://www.dollargeneral.com/p/colgate-total-active-prevention-soft-whitening-toothbrush-black-1-pack/827854016946,Retailer listing,High,2026-08-31
CL-USA-COLGATE-1271,USA,Colgate,Mouthwash & Rinse,Fluoride / therapeutic rinse,Colgate Total,Colgate Total Active Prevention Spearmint,US FDA OTC drug listing. NDC 35000-280-31. Dosage form: RINSE. Package: 1000 mL in 1 BOTTLE (35000-280-31),Spearmint,1000 mL,Liquid Rinse,n.a.,n.a.,n.a. (FDA NDC product listing),https://api.fda.gov/drug/ndc.json?search=labeler_name:%22Colgate%22&limit=100&skip=100,UPC database,Medium,2026-08-31
CL-USA-COLGATE-1272,USA,Colgate,Mouthwash & Rinse,Fluoride / therapeutic rinse,Colgate Total,Colgate Total Active Prevention Spearmint,US FDA OTC drug listing. NDC 35000-280-16. Dosage form: RINSE. Package: 500 mL in 1 BOTTLE (35000-280-16),Spearmint,500 mL,Liquid Rinse,n.a.,n.a.,n.a. (FDA NDC product listing),https://api.fda.gov/drug/ndc.json?search=labeler_name:%22Colgate%22&limit=100&skip=100,UPC database,Medium,2026-08-31
CL-USA-COLGATE-1273,USA,Colgate,Toothpaste,Toothpaste,Colgate Total,Colgate Total Active Prevention Toothpaste Clean Mint 3 Oz,CVS.com retailer listing.,Clean Mint,3 oz,Paste / Gel,n.a.,prodid 585539,CVS Pharmacy,https://www.cvs.com/shop/colgate-total-active-prevention-toothpaste-clean-mint-3-3-oz-prodid-585539,Retailer listing,High,2026-08-31
CL-USA-COLGATE-1274,USA,Colgate,Toothpaste,Toothpaste,Colgate Total,Colgate Total Active Prevention Toothpaste Clean Mint 5.1 Oz,CVS.com retailer listing.,Clean Mint,1 oz,Paste / Gel,n.a.,prodid 7200479 / skuId 745164,CVS Pharmacy,https://www.cvs.com/shop/colgate-total-active-prevention-toothpaste-clean-mint-5-1-oz-prodid-7200479?skuId=745164,Retailer listing,High,2026-08-31
CL-USA-COLGATE-1275,USA,Colgate,Toothpaste,Toothpaste,Colgate Total,Colgate Total Active Prevention Toothpaste Fresh Mint 3 Oz,CVS.com retailer listing.,Fresh Mint,3 oz,Paste / Gel,n.a.,prodid 3140040 / skuId 597714,CVS Pharmacy,https://www.cvs.com/shop/colgate-total-active-prevention-toothpaste-fresh-mint-3-3-oz-prodid-3140040?skuId=597714,Retailer listing,High,2026-08-31
CL-USA-COLGATE-1276,USA,Colgate,Toothpaste,Toothpaste,Colgate Total,Colgate Total Active Prevention Toothpaste Fresh Mint 5.1 Oz,CVS.com retailer listing.,Fresh Mint,1 oz,Paste / Gel,n.a.,prodid 968333,CVS Pharmacy,https://www.cvs.com/shop/colgate-total-active-prevention-toothpaste-fresh-mint-5-1-oz-prodid-968333,Retailer listing,High,2026-08-31
CL-USA-COLGATE-1277,USA,Colgate,Toothpaste,Toothpaste,Colgate Total,Colgate Total Active Prevention Toothpaste Whitening Gel,CVS.com retailer listing.,n.a.,n.a.,Paste / Gel,n.a.,prodid 1180312 / skuId 108064,CVS Pharmacy,https://www.cvs.com/shop/colgate-total-active-prevention-toothpaste-whitening-gel-prodid-1180312?skuId=108064,Retailer listing,High,2026-08-31
CL-USA-COLGATE-1278,USA,Colgate,Toothpaste,Toothpaste,Colgate Total,Colgate Total Active Prevention Toothpaste Whitening Paste 5.1 Oz,CVS.com retailer listing.,n.a.,1 oz,Paste / Gel,n.a.,prodid 1011362 / skuId 194429,CVS Pharmacy,https://www.cvs.com/shop/colgate-total-active-prevention-toothpaste-whitening-paste-5-1-oz-prodid-1011362?skuId=194429,Retailer listing,High,2026-08-31
CL-USA-COLGATE-1279,USA,Colgate,Toothpaste,Toothpaste,Colgate Total,Colgate Total Active Prevention Whitening Gel Toothpaste Mint 2 Pack 5.1 Oz,Dollar General retailer listing.,Mint,"1 oz, 2 ct",Paste / Gel,n.a.,Dollar General item 827854001911,Dollar General,https://www.dollargeneral.com/p/colgate-total-active-prevention-whitening-gel-toothpaste-mint-2-pack-5-1-oz/827854001911,Retailer listing,High,2026-08-31
CL-USA-COLGATE-1280,USA,Colgate,Toothpaste,Toothpaste,Colgate Total,Colgate Total Active Prevention Whitening Gel Toothpaste Mint 3 Oz,Dollar General retailer listing.,Mint,3 oz,Paste / Gel,n.a.,Dollar General item 35000460455,Dollar General,https://www.dollargeneral.com/p/colgate-total-active-prevention-whitening-gel-toothpaste-mint-3-3-oz/35000460455,Retailer listing,High,2026-08-31
CL-USA-COLGATE-1281,USA,Colgate,Toothbrush,Manual toothbrush,Colgate Total,"Colgate Total Active Prevention Whitening Toothbrush, Soft Toothbrush","Colgate Total Active Prevention Whitening Toothbrush is a soft toothbrush with charcoal infused spiral and Floss-Tip bristles (1). This soft bristle toothbrush fights the root cause* of cavities, plaque, gingivitis, bad breath, tartar buildup**, and stains*** and also helps remove surface stains to prevent stain buildup.",n.a.,n.a.,Brush,827854016946,n.a.,Colgate.com US (brand site),https://www.colgate.com/en-us/products/toothbrush/total-active-prevention-whitening-soft-toothbrush,Brand site,Medium,2026-08-31
CL-USA-COLGATE-1282,USA,Colgate,Toothpaste,Toothpaste,Colgate Total,Colgate Total Active Prevention Whitening Toothpaste Mint 3 Oz,Dollar General retailer listing.,Mint,3 oz,Paste / Gel,n.a.,Dollar General item 35000460462,Dollar General,https://www.dollargeneral.com/p/colgate-total-active-prevention-whitening-toothpaste-mint-3-3-oz/35000460462,Retailer listing,High,2026-08-31
CL-USA-COLGATE-1283,USA,Colgate,Toothpaste,Toothpaste,Colgate Total,Colgate Total Active Prevention Whitening Toothpaste Mint 5 Pk 60 Oz,BJ's Wholesale Club retailer listing.,Mint,"60 oz, 5 ct",Paste / Gel,n.a.,BJ's article 3000000000003040249,BJ's Wholesale Club,https://www.bjs.com/product/colgate-total-active-prevention-whitening-toothpaste---mint-5-pk-60-oz/3000000000003040249/,Retailer listing,High,2026-08-31
CL-USA-COLGATE-1284,USA,Colgate,Toothpaste,Toothpaste,Colgate Total,Colgate Total Active Prevention Whitening Toothpaste Mint 5.1 Oz,Target.com retailer listing.,Mint,1 oz,Paste / Gel,n.a.,TCIN 1012287965,Target,https://www.target.com/p/colgate-total-active-prevention-whitening-toothpaste-mint-5-1oz/-/A-1012287965,Retailer listing,High,2026-08-31
CL-USA-COLGATE-1285,USA,Colgate,Toothpaste,Toothpaste,Colgate Total,"Colgate Total Active Prevention Whitening Toothpaste, Mint",Listed on Colgate brand site product carousel with barcode 827854001881,Mint,n.a.,Paste / Gel,827854001881,n.a.,Colgate.com US (brand site),https://www.colgate.com/en-us/products/toothpaste/ct-whitening-sensitive-teeth-relief,Brand site,Medium,2026-08-31
CL-USA-COLGATE-1286,USA,Colgate,Toothpaste,Toothpaste,Colgate Total,Colgate Total Advanced Deep Clean Toothpaste 4.8 Oz,Target.com retailer listing.,n.a.,8 oz,Paste / Gel,n.a.,TCIN 76198337,Target,https://www.target.com/p/colgate-total-advanced-deep-clean-toothpaste-4-8oz/-/A-76198337,Retailer listing,High,2026-08-31
CL-USA-COLGATE-1287,USA,Colgate,Mouthwash & Rinse,Fluoride / therapeutic rinse,Colgate Total,Colgate Total Advanced Gum Health Mouthwash,US FDA OTC drug listing. NDC 35000-723-33. Dosage form: RINSE. Package: 1000 mL in 1 BOTTLE (35000-723-33),n.a.,1000 mL,Liquid Rinse,n.a.,n.a.,n.a. (FDA NDC product listing),https://api.fda.gov/drug/ndc.json?search=labeler_name:%22Colgate%22&limit=100&skip=100,UPC database,Medium,2026-08-31
CL-USA-COLGATE-1288,USA,Colgate,Mouthwash & Rinse,Fluoride / therapeutic rinse,Colgate Total,Colgate Total Advanced Gum Health Mouthwash,US FDA OTC drug listing. NDC 35000-723-16. Dosage form: RINSE. Package: 500 mL in 1 BOTTLE (35000-723-16),n.a.,500 mL,Liquid Rinse,n.a.,n.a.,n.a. (FDA NDC product listing),https://api.fda.gov/drug/ndc.json?search=labeler_name:%22Colgate%22&limit=100&skip=100,UPC database,Medium,2026-08-31
CL-USA-COLGATE-1289,USA,Colgate,Mouthwash & Rinse,Mouthwash / rinse,Colgate Total,Colgate Total Advanced Pro Shield Mouthwash Peppermint 8.4 Oz,CVS.com retailer listing.,Peppermint,4 oz,Liquid Rinse,n.a.,prodid 747986,CVS Pharmacy,https://www.cvs.com/shop/colgate-total-advanced-pro-shield-mouthwash-peppermint-8-4-oz-prodid-747986,Retailer listing,High,2026-08-31
CL-USA-COLGATE-1290,USA,Colgate,Mouthwash & Rinse,Mouthwash / rinse,Colgate Total,Colgate Total Advanced Pro Shield Mouthwash Spearmint 16.9 Oz,CVS.com retailer listing.,Spearmint,9 oz,Liquid Rinse,n.a.,prodid 926302,CVS Pharmacy,https://www.cvs.com/shop/colgate-total-advanced-pro-shield-mouthwash-spearmint-16-9-oz-prodid-926302,Retailer listing,High,2026-08-31
CL-USA-COLGATE-1291,USA,Colgate,Mouthwash & Rinse,Mouthwash / rinse,Colgate Total,"Colgate Total Advanced Pro-Shield Mouthwash, Spearmint",Colgate Total Alcohol Free* Spearmint Mouthwash delivers 24-hour protection** against bacteria.,Spearmint,n.a.,Liquid Rinse,035000671264,n.a.,Colgate.com US (brand site),https://www.colgate.com/en-us/products/mouthwash/colgate-total-active-prevention-mouthwash-spearmint,Brand site,Medium,2026-08-31
CL-USA-COLGATE-1292,USA,Colgate,Mouthwash & Rinse,Fluoride / therapeutic rinse,Colgate Total,Colgate Total Advanced Pro-Shield Peppermint Blast,US FDA OTC drug listing. NDC 35000-720-33. Dosage form: RINSE. Package: 1000 mL in 1 BOTTLE (35000-720-33),Peppermint,1000 mL,Liquid Rinse,n.a.,n.a.,n.a. (FDA NDC product listing),https://api.fda.gov/drug/ndc.json?search=labeler_name:%22Colgate%22&limit=100&skip=100,UPC database,Medium,2026-08-31
CL-USA-COLGATE-1293,USA,Colgate,Mouthwash & Rinse,Fluoride / therapeutic rinse,Colgate Total,Colgate Total Advanced Pro-Shield Peppermint Blast,US FDA OTC drug listing. NDC 35000-720-84. Dosage form: RINSE. Package: 250 mL in 1 BOTTLE (35000-720-84),Peppermint,250 mL,Liquid Rinse,n.a.,n.a.,n.a. (FDA NDC product listing),https://api.fda.gov/drug/ndc.json?search=labeler_name:%22Colgate%22&limit=100&skip=100,UPC database,Medium,2026-08-31
CL-USA-COLGATE-1294,USA,Colgate,Mouthwash & Rinse,Fluoride / therapeutic rinse,Colgate Total,Colgate Total Advanced Pro-Shield Peppermint Blast,US FDA OTC drug listing. NDC 35000-720-16. Dosage form: RINSE. Package: 500 mL in 1 BOTTLE (35000-720-16),Peppermint,500 mL,Liquid Rinse,n.a.,n.a.,n.a. (FDA NDC product listing),https://api.fda.gov/drug/ndc.json?search=labeler_name:%22Colgate%22&limit=100&skip=100,UPC database,Medium,2026-08-31
CL-USA-COLGATE-1295,USA,Colgate,Mouthwash & Rinse,Fluoride / therapeutic rinse,Colgate Total,Colgate Total Advanced Pro-Shield Peppermint Blast,US FDA OTC drug listing. NDC 35000-720-02. Dosage form: RINSE. Package: 60 mL in 1 BOTTLE (35000-720-02),Peppermint,60 mL,Liquid Rinse,n.a.,n.a.,n.a. (FDA NDC product listing),https://api.fda.gov/drug/ndc.json?search=labeler_name:%22Colgate%22&limit=100&skip=100,UPC database,Medium,2026-08-31
CL-USA-COLGATE-1296,USA,Colgate,Mouthwash & Rinse,Mouthwash / rinse,Colgate Total,Colgate Total Alcohol Free Mouthwash Peppermint 1 0 L,Dollar General retailer listing.,Peppermint,n.a.,Liquid Rinse,n.a.,Dollar General item 35000671233,Dollar General,https://www.dollargeneral.com/p/colgate-total-alcohol-free-mouthwash-peppermint-1-0-l/35000671233,Retailer listing,High,2026-08-31
CL-USA-COLGATE-1297,USA,Colgate,Toothpaste,Toothpaste,Colgate Total,Colgate Total Anticavity Antigingivitis And Antisensitivity Deep Clean Toothpaste With Stannous Fluoride 3.4 Oz,CVS.com retailer listing.,n.a.,4 oz,Paste / Gel,n.a.,prodid 396475,CVS Pharmacy,https://www.cvs.com/shop/colgate-total-anticavity-antigingivitis-and-antisensitivity-deep-clean-toothpaste-with-stannous-fluoride-3-4-oz-prodid-396475,Retailer listing,High,2026-08-31
CL-USA-COLGATE-1298,USA,Colgate,Mouthwash & Rinse,Mouthwash / rinse,Colgate Total,Colgate Total Antigingivitis Antiplaque Mouthwash Alcohol Free Peppermint 16.9 Oz,CVS.com retailer listing.,Peppermint,9 oz,Liquid Rinse,n.a.,prodid 926305,CVS Pharmacy,https://www.cvs.com/shop/colgate-total-antigingivitis-antiplaque-mouthwash-alcohol-free-peppermint-16-9-oz-prodid-926305,Retailer listing,High,2026-08-31
CL-USA-COLGATE-1299,USA,Colgate,Toothpaste,Toothpaste,Colgate Total,Colgate Total Ap Plaque Toothpaste 3Oz,Target.com retailer listing.,n.a.,3 oz,Paste / Gel,n.a.,TCIN 94823730,Target,https://www.target.com/p/colgate-total-ap-plaque-toothpaste-3oz/-/A-94823730,Retailer listing,High,2026-08-31
CL-USA-COLGATE-1300,USA,Colgate,Toothpaste,Toothpaste,Colgate Total,Colgate Total Ap Sensitivity Relief Toothpaste 3Oz,Target.com retailer listing.,n.a.,3 oz,Paste / Gel,n.a.,TCIN 94823746,Target,https://www.target.com/p/colgate-total-ap-sensitivity-relief-toothpaste-3oz/-/A-94823746,Retailer listing,High,2026-08-31
CL-USA-COLGATE-1301,USA,Colgate,Toothbrush,Electric / battery toothbrush,Colgate Total,Colgate Total Battery Electric Toothbrush Medium White,Target.com retailer listing.,n.a.,n.a.,Brush,n.a.,TCIN 92283169,Target,https://www.target.com/p/colgate-total-battery-electric-toothbrush-medium-white/-/A-92283169,Retailer listing,High,2026-08-31
CL-USA-COLGATE-1302,USA,Colgate,Toothbrush,Electric / battery toothbrush,Colgate Total,"Colgate Total Battery Powered Toothbrush, White","Power away plaque with Colgate Total Battery Powered Toothbrush. This battery operated toothbrush for adults fights the root cause* of cavities, plaque, gingivitis, bad breath, tartar buildup**, and stains***. Plus, this battery toothbrush has a built in 2 minute timer and features two cleaning modes, Sensitive and Regular, to cater to your unique oral care needs.",n.a.,n.a.,Brush,827854017417,n.a.,Colgate.com US (brand site),https://www.colgate.com/en-us/products/toothbrush/total-battery-powered-white-toothbrush,Brand site,Medium,2026-08-31
CL-USA-COLGATE-1303,USA,Colgate,Toothpaste,Toothpaste,Colgate Total,Colgate Total Clean Mint Paste Toothpaste 4.8 Oz Pack Of 2,Dollar General retailer listing.,Clean Mint,8 oz,Paste / Gel,n.a.,Dollar General item 35000463869,Dollar General,https://www.dollargeneral.com/p/colgate-total-clean-mint-paste-toothpaste-4-8-oz-pack-of-2/35000463869,Retailer listing,High,2026-08-31
CL-USA-COLGATE-1304,USA,Colgate,Toothpaste,Toothpaste,Colgate Total,Colgate Total Clean Mint Paste Toothpaste 5.1 Oz 2Pk,Target.com retailer listing.,Clean Mint,"1 oz, 2 ct",Paste / Gel,n.a.,TCIN 52514623,Target,https://www.target.com/p/colgate-total-clean-mint-paste-toothpaste-5-1oz-2pk/-/A-52514623,Retailer listing,High,2026-08-31
CL-USA-COLGATE-1305,USA,Colgate,Toothpaste,Toothpaste,Colgate Total,Colgate Total Deep Clean Toothpaste,Listed on Colgate brand site product carousel with barcode 827854001850,n.a.,n.a.,Paste / Gel,827854001850,n.a.,Colgate.com US (brand site),https://www.colgate.com/en-us/products/toothpaste/ct-advanced-deep-clean,Brand site,Medium,2026-08-31
CL-USA-COLGATE-1306,USA,Colgate,Toothpaste,Toothpaste,Colgate Total,Colgate Total Deep Clean Toothpaste 4.8 Oz,Dollar General retailer listing.,n.a.,8 oz,Paste / Gel,n.a.,Dollar General item 35000984920,Dollar General,https://www.dollargeneral.com/p/colgate-total-deep-clean-toothpaste-4-8-oz/35000984920,Retailer listing,High,2026-08-31
CL-USA-COLGATE-1307,USA,Colgate,Toothpaste,Fluoride toothpaste (OTC anticavity),Colgate Total,Colgate Total Enamel Strength,"US FDA OTC drug listing. NDC 35000-284-63. Dosage form: PASTE, DENTIFRICE. Package: 1 TUBE in 1 CARTON (35000-284-63) / 85 g in 1 TUBE",n.a.,85 g,Paste / Gel,n.a.,n.a.,n.a. (FDA NDC product listing),https://api.fda.gov/drug/ndc.json?search=labeler_name:%22Colgate%22&limit=100&skip=100,UPC database,Medium,2026-08-31
CL-USA-COLGATE-1308,USA,Colgate,Toothbrush,Manual toothbrush,Colgate Total,Colgate Total Foaming Clean Manual Toothbrush Soft 2Ct,Target.com retailer listing.,n.a.,2 ct,Brush,n.a.,TCIN 92283171,Target,https://www.target.com/p/colgate-total-foaming-clean-manual-toothbrush-soft-2ct/-/A-92283171,Retailer listing,High,2026-08-31
CL-USA-COLGATE-1309,USA,Colgate,Mouthwash & Rinse,Mouthwash / rinse,Colgate Total,Colgate Total Gum Health Mouthwash Clean Mint 16.9 Oz,CVS.com retailer listing.,Clean Mint,9 oz,Liquid Rinse,n.a.,prodid 999671,CVS Pharmacy,https://www.cvs.com/shop/colgate-total-gum-health-mouthwash-clean-mint-16-9-oz-prodid-999671,Retailer listing,High,2026-08-31
CL-USA-COLGATE-1310,USA,Colgate,Mouthwash & Rinse,Mouthwash / rinse,Colgate Total,"Colgate Total Gum Health Mouthwash, Clean Mint",Listed on Colgate brand site product carousel with barcode 035000671547,Clean Mint,n.a.,Liquid Rinse,035000671547,n.a.,Colgate.com US (brand site),https://www.colgate.com/en-us/products/mouthwash/colgate-total-gum-health-mouthwash-clean-mint,Brand site,Medium,2026-08-31
CL-USA-COLGATE-1311,USA,Colgate,Toothpaste,Fluoride toothpaste (OTC anticavity),Colgate Total,Colgate Total Gum Protect Fresh Mint,"US FDA OTC drug listing. NDC 35000-278-63. Dosage form: PASTE, DENTIFRICE. Package: 1 TUBE in 1 CARTON (35000-278-63) / 85 g in 1 TUBE",Fresh Mint,85 g,Paste / Gel,n.a.,n.a.,n.a. (FDA NDC product listing),https://api.fda.gov/drug/ndc.json?search=labeler_name:%22Colgate%22&limit=100&skip=100,UPC database,Medium,2026-08-31
CL-USA-COLGATE-1312,USA,Colgate,Toothpaste,Toothpaste,Colgate Total,Colgate Total Gum Protect Toothpaste Whitening 4 Pk3 Oz,BJ's Wholesale Club retailer listing.,n.a.,3 oz,Paste / Gel,n.a.,BJ's article 3000000000005615247,BJ's Wholesale Club,https://www.bjs.com/product/colgate-total-gum-protect-toothpaste-whitening-4-pk3-oz/3000000000005615247/,Retailer listing,High,2026-08-31
CL-USA-COLGATE-1313,USA,Colgate,Toothpaste,Toothpaste,Colgate Total,"Colgate Total Gum Protect Toothpaste, Whitening",Help protect your gum health with Colgate Total Active Prevention Plus Gum Protect Whitening Toothpaste.,n.a.,n.a.,Paste / Gel,827854018001,n.a.,Colgate.com US (brand site),https://www.colgate.com/en-us/products/toothpaste/colgate-total-gum-protect-toothpaste,Brand site,Medium,2026-08-31
CL-USA-COLGATE-1314,USA,Colgate,Toothpaste,Fluoride toothpaste (OTC anticavity),Colgate Total,Colgate Total Gum Protect Whitening,"US FDA OTC drug listing. NDC 35000-277-63. Dosage form: PASTE, DENTIFRICE. Package: 1 TUBE in 1 CARTON (35000-277-63) / 85 g in 1 TUBE",n.a.,85 g,Paste / Gel,n.a.,n.a.,n.a. (FDA NDC product listing),https://api.fda.gov/drug/ndc.json?search=labeler_name:%22Colgate%22&limit=100&skip=100,UPC database,Medium,2026-08-31
CL-USA-COLGATE-1315,USA,Colgate,Toothpaste,Fluoride toothpaste (OTC anticavity),Colgate Total,Colgate Total Plaque Cleanse,"US FDA OTC drug listing. NDC 35000-282-63. Dosage form: PASTE, DENTIFRICE. Package: 1 TUBE in 1 CARTON (35000-282-63) / 85 g in 1 TUBE",n.a.,85 g,Paste / Gel,n.a.,n.a.,n.a. (FDA NDC product listing),https://api.fda.gov/drug/ndc.json?search=labeler_name:%22Colgate%22&limit=100&skip=100,UPC database,Medium,2026-08-31
CL-USA-COLGATE-1316,USA,Colgate,Toothpaste,Toothpaste,Colgate Total,Colgate Total Plaque Pro Release Anticavity Antigingivitis And Antisensitivity Whitening Toothpaste 3.0 Oz,CVS.com retailer listing.,n.a.,3.0 oz,Paste / Gel,n.a.,prodid 408668,CVS Pharmacy,https://www.cvs.com/shop/colgate-total-plaque-pro-release-anticavity-antigingivitis-and-antisensitivity-whitening-toothpaste-3-0-oz-prodid-408668,Retailer listing,High,2026-08-31
CL-USA-COLGATE-1317,USA,Colgate,Toothpaste,Fluoride toothpaste (OTC anticavity),Colgate Total,Colgate Total Plaque Pro Release Fresh Mint,"US FDA OTC drug listing. NDC 35000-180-63. Dosage form: PASTE, DENTIFRICE. Package: 1 TUBE in 1 CARTON (35000-180-63) / 85 g in 1 TUBE",Fresh Mint,85 g,Paste / Gel,n.a.,n.a.,n.a. (FDA NDC product listing),https://api.fda.gov/drug/ndc.json?search=labeler_name:%22Colgate%22&limit=100&skip=0,UPC database,Medium,2026-08-31
CL-USA-COLGATE-1318,USA,Colgate,Toothpaste,Fluoride toothpaste (OTC anticavity),Colgate Total,Colgate Total Plaque Pro Release Whitening,"US FDA OTC drug listing. NDC 35000-181-63. Dosage form: PASTE, DENTIFRICE. Package: 1 TUBE in 1 CARTON (35000-181-63) / 85 g in 1 TUBE",n.a.,85 g,Paste / Gel,n.a.,n.a.,n.a. (FDA NDC product listing),https://api.fda.gov/drug/ndc.json?search=labeler_name:%22Colgate%22&limit=100&skip=0,UPC database,Medium,2026-08-31
CL-USA-COLGATE-1319,USA,Colgate,Toothbrush,Manual toothbrush,Colgate Total,Colgate Total Plaque Removal Manual Toothbrush Ultra Soft,Sam's Club retailer listing.,n.a.,n.a.,Brush,n.a.,Sam's Club item 13882458992,Sam's Club,https://www.samsclub.com/ip/colgate-total-plaque-removal-manual-toothbrush-ultra-soft/13882458992,Retailer listing,High,2026-08-31
CL-USA-COLGATE-1320,USA,Colgate,Toothbrush,Replacement brush heads,Colgate Total,"Colgate Total Replacement Toothbrush Heads Pack, 2 Count",The Colgate Total Replacement Toothbrush Heads Pack includes two replacement brush heads for your Colgate Battery Powered Electric Toothbrush and are compatible with any adult Colgate battery toothbrush.,n.a.,2 ct,Brush,827854029397,n.a.,Colgate.com US (brand site),https://www.colgate.com/en-us/products/toothbrush/colgate-total-replacement-toothbrush-head,Brand site,Medium,2026-08-31
CL-USA-COLGATE-1321,USA,Colgate,Toothpaste,Fluoride toothpaste (OTC anticavity),Colgate Total,Colgate Total SF Advanced Deep Clean,"US FDA OTC drug listing. NDC 35000-169-47. Dosage form: PASTE, DENTIFRICE. Package: 1 TUBE in 1 CARTON (35000-169-47) / 144 g in 1 TUBE",n.a.,144 g,Paste / Gel,n.a.,n.a.,n.a. (FDA NDC product listing),https://api.fda.gov/drug/ndc.json?search=labeler_name:%22Colgate%22&limit=100&skip=0,UPC database,Medium,2026-08-31
CL-USA-COLGATE-1322,USA,Colgate,Toothpaste,Fluoride toothpaste (OTC anticavity),Colgate Total,Colgate Total SF Advanced Deep Clean,"US FDA OTC drug listing. NDC 35000-169-32. Dosage form: PASTE, DENTIFRICE. Package: 1 TUBE in 1 CARTON (35000-169-32) / 93 g in 1 TUBE",n.a.,93 g,Paste / Gel,n.a.,n.a.,n.a. (FDA NDC product listing),https://api.fda.gov/drug/ndc.json?search=labeler_name:%22Colgate%22&limit=100&skip=0,UPC database,Medium,2026-08-31
CL-USA-COLGATE-1323,USA,Colgate,Toothpaste,Fluoride toothpaste (OTC anticavity),Colgate Total,Colgate Total SF Advanced Whitening,"US FDA OTC drug listing. NDC 35000-178-18. Dosage form: PASTE, DENTIFRICE. Package: 5 CARTON in 1 CELLO PACK (35000-178-18) / 1 TUBE in 1 CARTON / 181 g in 1 TUBE",n.a.,181 g,Paste / Gel,n.a.,n.a.,n.a. (FDA NDC product listing),https://api.fda.gov/drug/ndc.json?search=labeler_name:%22Colgate%22&limit=100&skip=0,UPC database,Medium,2026-08-31
CL-USA-COLGATE-1324,USA,Colgate,Toothpaste,Fluoride toothpaste (OTC anticavity),Colgate Total,Colgate Total SF Clean Mint,"US FDA OTC drug listing. NDC 35000-172-66. Dosage form: PASTE, DENTIFRICE. Package: 1 TUBE in 1 CARTON (35000-172-66) / 144 g in 1 TUBE",Clean Mint,144 g,Paste / Gel,n.a.,n.a.,n.a. (FDA NDC product listing),https://api.fda.gov/drug/ndc.json?search=labeler_name:%22Colgate%22&limit=100&skip=0,UPC database,Medium,2026-08-31
CL-USA-COLGATE-1325,USA,Colgate,Toothpaste,Fluoride toothpaste (OTC anticavity),Colgate Total,Colgate Total SF Clean Mint,"US FDA OTC drug listing. NDC 35000-272-60. Dosage form: PASTE, DENTIFRICE. Package: 1 TUBE in 1 CARTON (35000-272-60) / 170 g in 1 TUBE",Clean Mint,170 g,Paste / Gel,n.a.,n.a.,n.a. (FDA NDC product listing),https://api.fda.gov/drug/ndc.json?search=labeler_name:%22Colgate%22&limit=100&skip=100,UPC database,Medium,2026-08-31
CL-USA-COLGATE-1326,USA,Colgate,Toothpaste,Fluoride toothpaste (OTC anticavity),Colgate Total,Colgate Total SF Clean Mint,"US FDA OTC drug listing. NDC 35000-172-25. Dosage form: PASTE, DENTIFRICE. Package: 1 TUBE in 1 CARTON (35000-172-25) / 24.9 g in 1 TUBE",Clean Mint,24.9 g,Paste / Gel,n.a.,n.a.,n.a. (FDA NDC product listing),https://api.fda.gov/drug/ndc.json?search=labeler_name:%22Colgate%22&limit=100&skip=0,UPC database,Medium,2026-08-31
CL-USA-COLGATE-1327,USA,Colgate,Toothpaste,Fluoride toothpaste (OTC anticavity),Colgate Total,Colgate Total SF Clean Mint,"US FDA OTC drug listing. NDC 35000-172-21. Dosage form: PASTE, DENTIFRICE. Package: 1 TUBE in 1 CARTON (35000-172-21) / 59 g in 1 TUBE",Clean Mint,59 g,Paste / Gel,n.a.,n.a.,n.a. (FDA NDC product listing),https://api.fda.gov/drug/ndc.json?search=labeler_name:%22Colgate%22&limit=100&skip=0,UPC database,Medium,2026-08-31
CL-USA-COLGATE-1328,USA,Colgate,Toothpaste,Fluoride toothpaste (OTC anticavity),Colgate Total,Colgate Total SF Clean Mint,"US FDA OTC drug listing. NDC 35000-172-32. Dosage form: PASTE, DENTIFRICE. Package: 1 TUBE in 1 CARTON (35000-172-32) / 93 g in 1 TUBE",Clean Mint,93 g,Paste / Gel,n.a.,n.a.,n.a. (FDA NDC product listing),https://api.fda.gov/drug/ndc.json?search=labeler_name:%22Colgate%22&limit=100&skip=0,UPC database,Medium,2026-08-31
CL-USA-COLGATE-1329,USA,Colgate,Toothpaste,Fluoride toothpaste (OTC anticavity),Colgate Total,Colgate Total SF Deep Clean,"US FDA OTC drug listing. NDC 35000-270-65. Dosage form: PASTE, DENTIFRICE. Package: 2 TUBE in 1 CARTON (35000-270-65) / 144 g in 1 TUBE",n.a.,144 g,Paste / Gel,n.a.,n.a.,n.a. (FDA NDC product listing),https://api.fda.gov/drug/ndc.json?search=labeler_name:%22Colgate%22&limit=100&skip=0,UPC database,Medium,2026-08-31
CL-USA-COLGATE-1330,USA,Colgate,Toothpaste,Fluoride toothpaste (OTC anticavity),Colgate Total,Colgate Total SF Deep Clean,"US FDA OTC drug listing. NDC 35000-270-32. Dosage form: PASTE, DENTIFRICE. Package: 1 TUBE in 1 CARTON (35000-270-32) / 93 g in 1 TUBE",n.a.,93 g,Paste / Gel,n.a.,n.a.,n.a. (FDA NDC product listing),https://api.fda.gov/drug/ndc.json?search=labeler_name:%22Colgate%22&limit=100&skip=0,UPC database,Medium,2026-08-31
CL-USA-COLGATE-1331,USA,Colgate,Toothpaste,Fluoride toothpaste (OTC anticavity),Colgate Total,Colgate Total SF Fresh Mint Stripe,"US FDA OTC drug listing. NDC 35000-273-47. Dosage form: PASTE, DENTIFRICE. Package: 1 TUBE in 1 CARTON (35000-273-47) / 144 g in 1 TUBE",Fresh Mint,144 g,Paste / Gel,n.a.,n.a.,n.a. (FDA NDC product listing),https://api.fda.gov/drug/ndc.json?search=labeler_name:%22Colgate%22&limit=100&skip=100,UPC database,Medium,2026-08-31
CL-USA-COLGATE-1332,USA,Colgate,Toothpaste,Fluoride toothpaste (OTC anticavity),Colgate Total,Colgate Total SF Fresh Mint Stripe,"US FDA OTC drug listing. NDC 35000-273-32. Dosage form: PASTE, DENTIFRICE. Package: 1 TUBE in 1 CARTON (35000-273-32) / 93 g in 1 TUBE",Fresh Mint,93 g,Paste / Gel,n.a.,n.a.,n.a. (FDA NDC product listing),https://api.fda.gov/drug/ndc.json?search=labeler_name:%22Colgate%22&limit=100&skip=100,UPC database,Medium,2026-08-31
CL-USA-COLGATE-1333,USA,Colgate,Toothpaste,Fluoride toothpaste (OTC anticavity),Colgate Total,Colgate Total SF Mint Stripe Gel,"US FDA OTC drug listing. NDC 35000-174-65. Dosage form: PASTE, DENTIFRICE. Package: 2 TUBE in 1 CARTON (35000-174-65) / 144 g in 1 TUBE",Mint,144 g,Paste / Gel,n.a.,n.a.,n.a. (FDA NDC product listing),https://api.fda.gov/drug/ndc.json?search=labeler_name:%22Colgate%22&limit=100&skip=0,UPC database,Medium,2026-08-31
CL-USA-COLGATE-1334,USA,Colgate,Toothpaste,Fluoride toothpaste (OTC anticavity),Colgate Total,Colgate Total SF Mint Stripe Gel,"US FDA OTC drug listing. NDC 35000-174-60. Dosage form: PASTE, DENTIFRICE. Package: 1 TUBE in 1 CARTON (35000-174-60) / 170 g in 1 TUBE",Mint,170 g,Paste / Gel,n.a.,n.a.,n.a. (FDA NDC product listing),https://api.fda.gov/drug/ndc.json?search=labeler_name:%22Colgate%22&limit=100&skip=0,UPC database,Medium,2026-08-31
CL-USA-COLGATE-1335,USA,Colgate,Toothpaste,Fluoride toothpaste (OTC anticavity),Colgate Total,Colgate Total SF Mint Stripe Gel,"US FDA OTC drug listing. NDC 35000-174-32. Dosage form: PASTE, DENTIFRICE. Package: 1 TUBE in 1 CARTON (35000-174-32) / 93 g in 1 TUBE",Mint,93 g,Paste / Gel,n.a.,n.a.,n.a. (FDA NDC product listing),https://api.fda.gov/drug/ndc.json?search=labeler_name:%22Colgate%22&limit=100&skip=0,UPC database,Medium,2026-08-31
CL-USA-COLGATE-1336,USA,Colgate,Toothpaste,Fluoride toothpaste (OTC anticavity),Colgate Total,Colgate Total SF Whitening,"US FDA OTC drug listing. NDC 35000-176-65. Dosage form: PASTE, DENTIFRICE. Package: 2 TUBE in 1 CARTON (35000-176-65) / 144 g in 1 TUBE",n.a.,144 g,Paste / Gel,n.a.,n.a.,n.a. (FDA NDC product listing),https://api.fda.gov/drug/ndc.json?search=labeler_name:%22Colgate%22&limit=100&skip=0,UPC database,Medium,2026-08-31
CL-USA-COLGATE-1337,USA,Colgate,Toothpaste,Fluoride toothpaste (OTC anticavity),Colgate Total,Colgate Total SF Whitening,"US FDA OTC drug listing. NDC 35000-176-60. Dosage form: PASTE, DENTIFRICE. Package: 1 TUBE in 1 CARTON (35000-176-60) / 170 g in 1 TUBE",n.a.,170 g,Paste / Gel,n.a.,n.a.,n.a. (FDA NDC product listing),https://api.fda.gov/drug/ndc.json?search=labeler_name:%22Colgate%22&limit=100&skip=0,UPC database,Medium,2026-08-31
CL-USA-COLGATE-1338,USA,Colgate,Toothpaste,Fluoride toothpaste (OTC anticavity),Colgate Total,Colgate Total SF Whitening,"US FDA OTC drug listing. NDC 35000-176-25. Dosage form: PASTE, DENTIFRICE. Package: 1 TUBE in 1 CARTON (35000-176-25) / 24.9 g in 1 TUBE",n.a.,24.9 g,Paste / Gel,n.a.,n.a.,n.a. (FDA NDC product listing),https://api.fda.gov/drug/ndc.json?search=labeler_name:%22Colgate%22&limit=100&skip=0,UPC database,Medium,2026-08-31
CL-USA-COLGATE-1339,USA,Colgate,Toothpaste,Fluoride toothpaste (OTC anticavity),Colgate Total,Colgate Total SF Whitening,"US FDA OTC drug listing. NDC 35000-176-33. Dosage form: PASTE, DENTIFRICE. Package: 1 TUBE in 1 CARTON (35000-176-33) / 36.8 g in 1 TUBE",n.a.,36.8 g,Paste / Gel,n.a.,n.a.,n.a. (FDA NDC product listing),https://api.fda.gov/drug/ndc.json?search=labeler_name:%22Colgate%22&limit=100&skip=0,UPC database,Medium,2026-08-31
CL-USA-COLGATE-1340,USA,Colgate,Toothpaste,Fluoride toothpaste (OTC anticavity),Colgate Total,Colgate Total SF Whitening,"US FDA OTC drug listing. NDC 35000-176-14. Dosage form: PASTE, DENTIFRICE. Package: 1 TUBE in 1 CARTON (35000-176-14) / 39 g in 1 TUBE",n.a.,39 g,Paste / Gel,n.a.,n.a.,n.a. (FDA NDC product listing),https://api.fda.gov/drug/ndc.json?search=labeler_name:%22Colgate%22&limit=100&skip=0,UPC database,Medium,2026-08-31
CL-USA-COLGATE-1341,USA,Colgate,Toothpaste,Fluoride toothpaste (OTC anticavity),Colgate Total,Colgate Total SF Whitening,"US FDA OTC drug listing. NDC 35000-274-14. Dosage form: PASTE, DENTIFRICE. Package: 1 TUBE in 1 CARTON (35000-274-14) / 39.6 g in 1 TUBE",n.a.,39.6 g,Paste / Gel,n.a.,n.a.,n.a. (FDA NDC product listing),https://api.fda.gov/drug/ndc.json?search=labeler_name:%22Colgate%22&limit=100&skip=100,UPC database,Medium,2026-08-31
CL-USA-COLGATE-1342,USA,Colgate,Toothpaste,Fluoride toothpaste (OTC anticavity),Colgate Total,Colgate Total SF Whitening,"US FDA OTC drug listing. NDC 35000-176-21. Dosage form: PASTE, DENTIFRICE. Package: 1 TUBE in 1 CARTON (35000-176-21) / 59 g in 1 TUBE",n.a.,59 g,Paste / Gel,n.a.,n.a.,n.a. (FDA NDC product listing),https://api.fda.gov/drug/ndc.json?search=labeler_name:%22Colgate%22&limit=100&skip=0,UPC database,Medium,2026-08-31
CL-USA-COLGATE-1343,USA,Colgate,Toothpaste,Fluoride toothpaste (OTC anticavity),Colgate Total,Colgate Total SF Whitening,"US FDA OTC drug listing. NDC 35000-274-32. Dosage form: PASTE, DENTIFRICE. Package: 1 TUBE in 1 CARTON (35000-274-32) / 93 g in 1 TUBE",n.a.,93 g,Paste / Gel,n.a.,n.a.,n.a. (FDA NDC product listing),https://api.fda.gov/drug/ndc.json?search=labeler_name:%22Colgate%22&limit=100&skip=100,UPC database,Medium,2026-08-31
CL-USA-COLGATE-1344,USA,Colgate,Toothpaste,Fluoride toothpaste (OTC anticavity),Colgate Total,Colgate Total SF Whitening Charcoal,"US FDA OTC drug listing. NDC 35000-276-47. Dosage form: PASTE, DENTIFRICE. Package: 1 TUBE in 1 CARTON (35000-276-47) / 144 g in 1 TUBE",Charcoal,144 g,Paste / Gel,n.a.,n.a.,n.a. (FDA NDC product listing),https://api.fda.gov/drug/ndc.json?search=labeler_name:%22Colgate%22&limit=100&skip=100,UPC database,Medium,2026-08-31
CL-USA-COLGATE-1345,USA,Colgate,Toothpaste,Fluoride toothpaste (OTC anticavity),Colgate Total,Colgate Total SF Whitening Gel,"US FDA OTC drug listing. NDC 35000-175-65. Dosage form: PASTE, DENTIFRICE. Package: 2 TUBE in 1 CARTON (35000-175-65) / 144 g in 1 TUBE",n.a.,144 g,Paste / Gel,n.a.,n.a.,n.a. (FDA NDC product listing),https://api.fda.gov/drug/ndc.json?search=labeler_name:%22Colgate%22&limit=100&skip=0,UPC database,Medium,2026-08-31
CL-USA-COLGATE-1346,USA,Colgate,Toothpaste,Fluoride toothpaste (OTC anticavity),Colgate Total,Colgate Total SF Whitening Gel,"US FDA OTC drug listing. NDC 35000-175-60. Dosage form: PASTE, DENTIFRICE. Package: 1 TUBE in 1 CARTON (35000-175-60) / 170 g in 1 TUBE",n.a.,170 g,Paste / Gel,n.a.,n.a.,n.a. (FDA NDC product listing),https://api.fda.gov/drug/ndc.json?search=labeler_name:%22Colgate%22&limit=100&skip=0,UPC database,Medium,2026-08-31
CL-USA-COLGATE-1347,USA,Colgate,Toothpaste,Fluoride toothpaste (OTC anticavity),Colgate Total,Colgate Total SF Whitening Gel,"US FDA OTC drug listing. NDC 35000-175-32. Dosage form: PASTE, DENTIFRICE. Package: 1 TUBE in 1 CARTON (35000-175-32) / 93 g in 1 TUBE",n.a.,93 g,Paste / Gel,n.a.,n.a.,n.a. (FDA NDC product listing),https://api.fda.gov/drug/ndc.json?search=labeler_name:%22Colgate%22&limit=100&skip=0,UPC database,Medium,2026-08-31
CL-USA-COLGATE-1348,USA,Colgate,Toothpaste,Fluoride toothpaste (OTC anticavity),Colgate Total,Colgate Total Sensitivity Mineral Shield,"US FDA OTC drug listing. NDC 35000-283-63. Dosage form: PASTE, DENTIFRICE. Package: 1 TUBE in 1 CARTON (35000-283-63) / 85 g in 1 TUBE",n.a.,85 g,Paste / Gel,n.a.,n.a.,n.a. (FDA NDC product listing),https://api.fda.gov/drug/ndc.json?search=labeler_name:%22Colgate%22&limit=100&skip=100,UPC database,Medium,2026-08-31
CL-USA-COLGATE-1349,USA,Colgate,Toothpaste,Toothpaste,Colgate Total,Colgate Total Toothpaste Clean Mint 5.1 Oz,Target.com retailer listing.,Clean Mint,1 oz,Paste / Gel,n.a.,TCIN 88919777,Target,https://www.target.com/p/colgate-total-toothpaste-clean-mint-5-1oz/-/A-88919777,Retailer listing,High,2026-08-31
CL-USA-COLGATE-1350,USA,Colgate,Toothpaste,Toothpaste,Colgate Total,Colgate Total Toothpaste Fresh Mint Stripe 4.8 Oz,Dollar General retailer listing.,Fresh Mint,8 oz,Paste / Gel,n.a.,Dollar General item 35000463838,Dollar General,https://www.dollargeneral.com/p/colgate-total-toothpaste-fresh-mint-stripe-4-8-oz/35000463838,Retailer listing,High,2026-08-31
CL-USA-COLGATE-1351,USA,Colgate,Toothpaste,Toothpaste,Colgate Total,Colgate Total Travel Size Whitening Paste Toothpaste Trial Size 1.4 Oz,Target.com retailer listing.,n.a.,4 oz,Paste / Gel,n.a.,TCIN 14695784,Target,https://www.target.com/p/colgate-total-travel-size-whitening-paste-toothpaste-trial-size-1-4oz/-/A-14695784,Retailer listing,High,2026-08-31
CL-USA-COLGATE-1352,USA,Colgate,Toothpaste,Toothpaste,Colgate Total,Colgate Total Whitening + Charcoal Toothpaste,Listed on Colgate brand site product carousel with barcode 827854001812,Charcoal,n.a.,Paste / Gel,827854001812,n.a.,Colgate.com US (brand site),https://www.colgate.com/en-us/products/toothpaste/colgate-total-whitening-charcoal-paste,Brand site,Medium,2026-08-31
CL-USA-COLGATE-1353,USA,Colgate,Toothpaste,Fluoride toothpaste (OTC anticavity),Colgate Total,Colgate Total Whitening Charcoal,"US FDA OTC drug listing. NDC 35000-571-65. Dosage form: PASTE, DENTIFRICE. Package: 2 TUBE in 1 CARTON (35000-571-65) / 144 g in 1 TUBE",Charcoal,144 g,Paste / Gel,n.a.,n.a.,n.a. (FDA NDC product listing),https://api.fda.gov/drug/ndc.json?search=labeler_name:%22Colgate%22&limit=100&skip=100,UPC database,Medium,2026-08-31
CL-USA-COLGATE-1354,USA,Colgate,Toothpaste,Fluoride toothpaste (OTC anticavity),Colgate Total,Colgate Total Whitening Charcoal,"US FDA OTC drug listing. NDC 35000-571-32. Dosage form: PASTE, DENTIFRICE. Package: 1 TUBE in 1 CARTON (35000-571-32) / 93 g in 1 TUBE",Charcoal,93 g,Paste / Gel,n.a.,n.a.,n.a. (FDA NDC product listing),https://api.fda.gov/drug/ndc.json?search=labeler_name:%22Colgate%22&limit=100&skip=100,UPC database,Medium,2026-08-31
CL-USA-COLGATE-1355,USA,Colgate,Toothpaste,Fluoride toothpaste (OTC anticavity),Colgate Total,Colgate Total Whitening Fresh Boost,"US FDA OTC drug listing. NDC 35000-179-65. Dosage form: GEL, DENTIFRICE. Package: 2 TUBE in 1 CARTON (35000-179-65) / 144 g in 1 TUBE",n.a.,144 g,Paste / Gel,n.a.,n.a.,n.a. (FDA NDC product listing),https://api.fda.gov/drug/ndc.json?search=labeler_name:%22Colgate%22&limit=100&skip=0,UPC database,Medium,2026-08-31
CL-USA-COLGATE-1356,USA,Colgate,Toothpaste,Toothpaste,Colgate Total,Colgate Total Whitening Gel Toothpaste,Listed on Colgate brand site product carousel with barcode 827854001867,n.a.,n.a.,Paste / Gel,827854001867,n.a.,Colgate.com US (brand site),https://www.colgate.com/en-us/products/toothpaste/colgate-total-active-prevention-whitening-gel-toothpaste,Brand site,Medium,2026-08-31
CL-USA-COLGATE-1357,USA,Colgate,Toothpaste,Toothpaste,Colgate Total,Colgate Total Whitening Gel Toothpaste 4.8 Oz,Dollar General retailer listing.,n.a.,8 oz,Paste / Gel,n.a.,Dollar General item 35000463845,Dollar General,https://www.dollargeneral.com/p/colgate-total-whitening-gel-toothpaste-4-8-oz/35000463845,Retailer listing,High,2026-08-31
CL-USA-COLGATE-1358,USA,Colgate,Toothpaste,Toothpaste,Colgate Total,Colgate Total Whitening Gel Toothpaste 5 Pk6 Oz,BJ's Wholesale Club retailer listing.,n.a.,6 oz,Paste / Gel,n.a.,BJ's article 3000000000003040247,BJ's Wholesale Club,https://www.bjs.com/product/colgate-total-whitening-gel-toothpaste-5-pk6-oz/3000000000003040247/,Retailer listing,High,2026-08-31
CL-USA-COLGATE-1359,USA,Colgate,Toothpaste,Toothpaste,Colgate Total,Colgate Total Whitening Gel Toothpaste 5.1 Oz 2Pk,Target.com retailer listing.,n.a.,"1 oz, 2 ct",Paste / Gel,n.a.,TCIN 13773799,Target,https://www.target.com/p/colgate-total-whitening-gel-toothpaste-5-1oz-2pk/-/A-13773799,Retailer listing,High,2026-08-31
CL-USA-COLGATE-1360,USA,Colgate,Toothpaste,Toothpaste,Colgate Total,Colgate Total Whitening Toothpaste 0 88 Oz,CVS.com retailer listing.,n.a.,88 oz,Paste / Gel,n.a.,prodid 250301,CVS Pharmacy,https://www.cvs.com/shop/colgate-total-whitening-toothpaste-0-88-oz-prodid-250301,Retailer listing,High,2026-08-31
CL-USA-COLGATE-1361,USA,Colgate,Toothpaste,Toothpaste,Colgate Total,Colgate Total Whitening Toothpaste 1.4 Oz,CVS.com retailer listing.,n.a.,4 oz,Paste / Gel,n.a.,prodid 2270031 / skuId 168947,CVS Pharmacy,https://www.cvs.com/shop/colgate-total-whitening-toothpaste-1-4-oz-prodid-2270031?skuId=168947,Retailer listing,High,2026-08-31
CL-USA-COLGATE-1362,USA,Colgate,Toothpaste,Toothpaste,Colgate Total,Colgate Total Whitening Toothpaste 3 Oz,CVS.com retailer listing.,n.a.,3 oz,Paste / Gel,n.a.,prodid 744701,CVS Pharmacy,https://www.cvs.com/shop/colgate-total-whitening-toothpaste-3-3-oz-prodid-744701,Retailer listing,High,2026-08-31
CL-USA-COLGATE-1363,USA,Colgate,Toothpaste,Toothpaste,Colgate Total,Colgate Total Whitening Toothpaste 5 Pk,Sam's Club retailer listing.,n.a.,5 ct,Paste / Gel,n.a.,Sam's Club item 13882213188,Sam's Club,https://www.samsclub.com/ip/colgate-total-whitening-toothpaste-5-pk/13882213188,Retailer listing,High,2026-08-31
CL-USA-COLGATE-1364,USA,Colgate,Toothpaste,Toothpaste,Colgate Total,Colgate Total Whitening Toothpaste 5.1 Oz,Dollar General retailer listing.,n.a.,1 oz,Paste / Gel,n.a.,Dollar General item 827854001881,Dollar General,https://www.dollargeneral.com/p/colgate-total-whitening-toothpaste-5-1-oz/827854001881,Retailer listing,High,2026-08-31
CL-USA-COLGATE-1365,USA,Colgate,Toothpaste,Toothpaste,Colgate Total,Colgate Total Whitening Toothpaste 5.1 Oz 3Pk,Target.com retailer listing.,n.a.,"1 oz, 3 ct",Paste / Gel,n.a.,TCIN 94873009,Target,https://www.target.com/p/colgate-total-whitening-toothpaste-5-1oz-3pk/-/A-94873009,Retailer listing,High,2026-08-31
CL-USA-COLGATE-1366,USA,Colgate,Toothpaste,Toothpaste,Colgate Total,Colgate Total Whitening Toothpaste Gel Mint 5.1 Oz,Dollar General retailer listing.,Mint,1 oz,Paste / Gel,n.a.,Dollar General item 827854001867,Dollar General,https://www.dollargeneral.com/p/colgate-total-whitening-toothpaste-gel-mint-5-1-oz/827854001867,Retailer listing,High,2026-08-31
CL-USA-COLGATE-1367,USA,Colgate,Toothpaste,Toothpaste,Colgate Total,Colgate Total Whitening Toothpaste Whole Mouth Health 4.8 Oz,Dollar General retailer listing.,n.a.,8 oz,Paste / Gel,n.a.,Dollar General item 35000463852,Dollar General,https://www.dollargeneral.com/p/colgate-total-whitening-toothpaste-whole-mouth-health-4-8-oz/35000463852,Retailer listing,High,2026-08-31
CL-USA-COLGATE-1368,USA,Colgate,Toothpaste,Fluoride toothpaste (OTC anticavity),Colgate Total,TOTAL TP CLEAN MINT PST,"US FDA OTC drug listing. NDC 35000-431-25. Dosage form: PASTE, DENTIFRICE. Package: 1 TUBE in 1 CARTON (35000-431-25) / 24.9 g in 1 TUBE",Clean Mint,24.9 g,Paste / Gel,n.a.,n.a.,n.a. (FDA NDC product listing),https://api.fda.gov/drug/ndc.json?search=labeler_name:%22Colgate%22&limit=100&skip=100,UPC database,Medium,2026-08-31
CL-USA-COLGATE-1369,USA,Colgate,Toothpaste,Fluoride toothpaste (OTC anticavity),Colgate Triple Action,Colgate Triple Action,"US FDA OTC drug listing. NDC 35000-941-69. Dosage form: PASTE, DENTIFRICE. Package: 1 TUBE in 1 CARTON (35000-941-69) / 113 g in 1 TUBE",n.a.,113 g,Paste / Gel,n.a.,n.a.,n.a. (FDA NDC product listing),https://api.fda.gov/drug/ndc.json?search=labeler_name:%22Colgate%22&limit=100&skip=0,UPC database,Medium,2026-08-31
CL-USA-COLGATE-1370,USA,Colgate,Toothpaste,Fluoride toothpaste (OTC anticavity),Colgate Triple Action,Colgate Triple Action,"US FDA OTC drug listing. NDC 35000-941-30. Dosage form: PASTE, DENTIFRICE. Package: 3 TUBE in 1 CARTON (35000-941-30) / 170 g in 1 TUBE",n.a.,170 g,Paste / Gel,n.a.,n.a.,n.a. (FDA NDC product listing),https://api.fda.gov/drug/ndc.json?search=labeler_name:%22Colgate%22&limit=100&skip=0,UPC database,Medium,2026-08-31
CL-USA-COLGATE-1371,USA,Colgate,Toothpaste,Fluoride toothpaste (OTC anticavity),Colgate Triple Action,Colgate Triple Action,"US FDA OTC drug listing. NDC 35000-941-48. Dosage form: PASTE, DENTIFRICE. Package: 1 TUBE in 1 CARTON (35000-941-48) / 226 g in 1 TUBE",n.a.,226 g,Paste / Gel,n.a.,n.a.,n.a. (FDA NDC product listing),https://api.fda.gov/drug/ndc.json?search=labeler_name:%22Colgate%22&limit=100&skip=0,UPC database,Medium,2026-08-31
CL-USA-COLGATE-1372,USA,Colgate,Toothpaste,Fluoride toothpaste (OTC anticavity),Colgate Triple Action,Colgate Triple Action,"US FDA OTC drug listing. NDC 35000-941-58. Dosage form: PASTE, DENTIFRICE. Package: 1 TUBE in 1 CARTON (35000-941-58) / 70 g in 1 TUBE",n.a.,70 g,Paste / Gel,n.a.,n.a.,n.a. (FDA NDC product listing),https://api.fda.gov/drug/ndc.json?search=labeler_name:%22Colgate%22&limit=100&skip=0,UPC database,Medium,2026-08-31
CL-USA-COLGATE-1373,USA,Colgate,Toothpaste,Toothpaste,Colgate Triple Action,Colgate Triple Action Toothpaste 4 Oz,CVS.com retailer listing.,n.a.,4 oz,Paste / Gel,n.a.,prodid 823794,CVS Pharmacy,https://www.cvs.com/shop/colgate-triple-action-toothpaste-4-oz-prodid-823794,Retailer listing,High,2026-08-31
CL-USA-COLGATE-1374,USA,Colgate,Toothpaste,Toothpaste,Colgate Triple Action,Colgate Triple Action Toothpaste Bonus V 1,Dollar General retailer listing.,n.a.,n.a.,Paste / Gel,n.a.,Dollar General item 35000512123,Dollar General,https://www.dollargeneral.com/p/colgate-triple-action-toothpaste-bonus-v-v-1/35000512123,Retailer listing,High,2026-08-31
CL-USA-COLGATE-1375,USA,Colgate,Toothpaste,Toothpaste,Colgate Triple Action,Colgate Triple Action Toothpaste Mint Flavor 5 Pk,Sam's Club retailer listing.,Mint,5 ct,Paste / Gel,n.a.,Sam's Club item 13766606524,Sam's Club,https://www.samsclub.com/ip/colgate-triple-action-toothpaste-mint-flavor-5-pk/13766606524,Retailer listing,High,2026-08-31
CL-USA-COLGATE-1376,USA,Colgate,Toothpaste,Toothpaste,Colgate Triple Action,Colgate Triple Action Toothpaste Original Mint 2.5 Oz,CVS.com retailer listing.,Original,5 oz,Paste / Gel,n.a.,prodid 1910075 / skuId 240818,CVS Pharmacy,https://www.cvs.com/shop/colgate-triple-action-toothpaste-original-mint-2-5-oz-prodid-1910075?skuId=240818,Retailer listing,High,2026-08-31
CL-USA-COLGATE-1377,USA,Colgate,Toothpaste,Toothpaste,Colgate Triple Action,Colgate Triple Action Toothpaste Original Mint 3 Pack 6 Oz Tubes,Dollar General retailer listing.,Original,"6 oz, 3 ct",Paste / Gel,n.a.,Dollar General item 35000469472,Dollar General,https://www.dollargeneral.com/p/colgate-triple-action-toothpaste-original-mint-3-pack-6-oz-tubes/35000469472,Retailer listing,High,2026-08-31
CL-USA-COLGATE-1378,USA,Colgate,Toothpaste,Toothpaste,Colgate Triple Action,Colgate Triple Action Toothpaste Original Mint 6 Oz 3 Pack,CVS.com retailer listing.,Original,"6 oz, 3 ct",Paste / Gel,n.a.,prodid 2310034 / skuId 381617,CVS Pharmacy,https://www.cvs.com/shop/colgate-triple-action-toothpaste-original-mint-6-oz-3-pack-prodid-2310034?skuId=381617,Retailer listing,High,2026-08-31
CL-USA-COLGATE-1379,USA,Colgate,Toothpaste,Toothpaste,Colgate Triple Action,Colgate Triple Action Toothpaste Original Mint 6 Oz Tube,Dollar General retailer listing.,Original,6 oz,Paste / Gel,n.a.,Dollar General item 35000511126,Dollar General,https://www.dollargeneral.com/p/colgate-triple-action-toothpaste-original-mint-6-oz-tube/35000511126,Retailer listing,High,2026-08-31
CL-USA-COLGATE-1380,USA,Colgate,Toothbrush,Manual toothbrush,Colgate ZigZag,Colgate Zig Zag Deep Clean Toothbrush Medium,CVS.com retailer listing.,n.a.,n.a.,Brush,n.a.,prodid 1910080 / skuId 270341,CVS Pharmacy,https://www.cvs.com/shop/colgate-zig-zag-deep-clean-toothbrush-medium-prodid-1910080?skuId=270341,Retailer listing,High,2026-08-31
CL-USA-COLGATE-1381,USA,Colgate,Toothbrush,Manual toothbrush,Colgate ZigZag,Colgate Zig Zag Deep Clean Toothbrush Soft 1 Ct,CVS.com retailer listing.,n.a.,1 ct,Brush,n.a.,prodid 1910085 / skuId 304231,CVS Pharmacy,https://www.cvs.com/shop/colgate-zig-zag-deep-clean-toothbrush-soft-1-ct-prodid-1910085?skuId=304231,Retailer listing,High,2026-08-31
CL-USA-COLGATE-1382,USA,Colgate,Toothbrush,Manual toothbrush,Colgate ZigZag,"Colgate ZigZag Adult Soft Charcoal Toothbrushes, Soft Bristled Manual Toothbrushes, 4 Pack<br/>",Colgate ZigZag Toothbrush 4 Pack is a soft charcoal toothbrush designed with charcoal-infused angled bristles that reach deep between teeth for an effective clean that reaches the right places.,Charcoal,n.a.,Brush,n.a.,n.a.,Colgate.com US (brand site),https://www.colgate.com/en-us/products/toothbrush/colgate-zigzag-soft-charcoal-4-pack,Brand site,Medium,2026-08-31
CL-USA-COLGATE-1383,USA,Colgate,Toothbrush,Manual toothbrush,Colgate ZigZag,"Colgate ZigZag Deep Clean Adult Soft Toothbrush, Soft Bristled Manual Toothbrush",Listed on Colgate brand site product carousel with barcode 058000003415,n.a.,n.a.,Brush,058000003415,n.a.,Colgate.com US (brand site),https://www.colgate.com/en-us/products/toothbrush/colgate-zigzag-toothbrush,Brand site,Medium,2026-08-31
CL-USA-COLGATE-1384,USA,Colgate,Toothbrush,Manual toothbrush,Colgate ZigZag,Colgate Zigzag Medium Toothbrushes With V Shaped Cross Bristles Tongue Cleaner Deep Clean Manual Toothbrush Pack Of 6,Target.com retailer listing.,n.a.,n.a.,Brush,n.a.,TCIN 1012987162,Target,https://www.target.com/p/colgate-zigzag-medium-toothbrushes-with-v-shaped-cross-bristles-tongue-cleaner-deep-clean-manual-toothbrush-pack-of-6/-/A-1012987162,Retailer listing,High,2026-08-31
CL-USA-COLGATE-1385,USA,Colgate,Toothpaste,Toothpaste,Ultra Brite,"Ultra Brite Advanced Whitening Toothpaste, Clean Mint",Ultrabrite Advanced Whitening toothpaste safely and effectively whitens and cleans teeth for a great look and feel.,Clean Mint,n.a.,Paste / Gel,035000566850,n.a.,Colgate.com US (brand site),https://www.colgate.com/en-us/products/toothpaste/ub-baking-soda-peroxide-whitening,Brand site,Medium,2026-08-31
CL-USA-ELTAMD-1386,USA,EltaMD,Skin Care,Moisturizer,EltaMD Skin Care,AM Restore Moisturizer,"EltaMD AM Restore Moisturizer helps protect and replenish skin’s moisture barrier. Willow bark extract helps improve natural skin exfoliation and Niacinamide (vitamin B3) helps diminish the look of dark spots from UV damage without clogging pores. The result is visibly brighter, smoother skin. It moisturizes, while it smoothes skin texture and evens skin color and tone, without oil or heavy emolli",n.a.,1.7 oz,Cream / Lotion,n.a.,02533A,eltamd.com,https://eltamd.com/products/eltamd-am-restore-moisturizer,Brand site,High,2026-08-31
CL-USA-ELTAMD-1387,USA,EltaMD,Skin Care,Other Skin Care,EltaMD Skin Care,Anti-Aging Kit,"Add to cart & enjoy 10% Off EltaMD Anti-Aging Bundled Kit Includes: AM Restore Moisturizer helps protect and replenish skin’s moisture barrier. Willow bark extract helps improve natural skin exfoliation and Niacinamide (vitamin B3) helps diminish the look of dark spots from UV damage without clogging pores. The result is visibly brighter, smoother skin. It moisturizes, while it smoothes skin textu",n.a.,n.a.,n.a.,n.a.,VB-AA,eltamd.com,https://eltamd.com/products/eltamd-anti-aging-kit,Brand site,High,2026-08-31
CL-USA-ELTAMD-1388,USA,EltaMD,Skin Care,Other Skin Care,EltaMD Skin Care,Barrier Renewal Complex,"EltaMD Barrier Renewal Complex is an advanced formula that works to visibly minimize the appearance of fine lines and improve elasticity while significantly improving skin texture, tone and pore size. A selected blend of ceramides and other essential lipids help strengthen the barrier and restore its natural hydration system, peptides help smooth fine lines, while enzymes and vitamins help promote",n.a.,1.7 oz,n.a.,n.a.,02562A,eltamd.com,https://eltamd.com/products/eltamd-barrier-renewal-complex,Brand site,High,2026-08-31
CL-USA-ELTAMD-1389,USA,EltaMD,Skin Care,Other Skin Care,EltaMD Skin Care,Clear Skin Daily Duo Kit,"Add to cart & enjoy 10% Off EltaMD Clear Skin Daily Duo kit calms and protects skin prone to acne and rosacea. This kit combines the benefits of AM Restore Moisturizer and UV Clear, leading to a smoother, visibly brighter, and healthier-looking appearance. (AM Restore Moisturizer wt 1.7 oz/48 g) (UV Clear wt 1.7 oz/48 g) Step 1 ) After cleansing, apply AM Restore Moisturizer to smooth, hydrate, an",n.a.,3.4 oz,n.a.,n.a.,09208A,eltamd.com,https://eltamd.com/products/eltamd-clear-skin-professional-daily-duo,Brand site,High,2026-08-31
CL-USA-ELTAMD-1390,USA,EltaMD,Skin Care,Cleanser,EltaMD Skin Care,Deluxe Mini Skin Recovery Amino Acid Foaming Cleanser,"EltaMD Deluxe Mini Skin Recovery Amino Acid Foaming Cleanser elevates your skin's defense with this gentle-yet-effective foaming cleanser clinically proven to strengthen the skin barrier in 7 days*. Skin Recovery Amino Acid Foaming Cleanser is formulated with a patented complex of 3 Amino Acids (AAComplex) to gently cleanse, leaving skin calm and soothed. (1.0 fl oz/30 mL) Features and benefits: C",n.a.,1 fl oz Mini,Liquid,n.a.,04940,eltamd.com,https://eltamd.com/products/eltamd-skin-recovery-amino-acid-foaming-cleanser-trial-size,Brand site,High,2026-08-31
CL-USA-ELTAMD-1391,USA,EltaMD,Skin Care,Moisturizer,EltaMD Skin Care,EltaMD AM Therapy Facial Moisturizer,A lightweight daytime moisturizer formulated to hydrate and support the skin barrier. It absorbs quickly without leaving a greasy feel and layers well under sunscreen or makeup.,n.a.,48 g / 1.7 oz,Cream / Lotion,902050253354,1008813439,Target,https://www.target.com/p/eltamd-am-therapy-facial-moisturizer-1-7-oz/-/A-1008813439,Retailer listing,High,2026-08-31
CL-USA-ELTAMD-1392,USA,EltaMD,Skin Care,Cleanser,EltaMD Skin Care,EltaMD Foaming Facial Cleanser,"The EltaMD Foaming Facial Cleanser cleanses the skin by getting deep into the pores. It is pH-balanced, oil-free, suitable for sensitive skin, and helps remove excess facial oils, makeup, and other impurities while leaving skin hydrated and soft.",n.a.,3.38 oz,Liquid,840229810611,89297830,Target,https://www.target.com/p/eltamd-foaming-facial-cleanser-3-38-oz/-/A-89297830,Retailer listing,High,2026-08-31
CL-USA-ELTAMD-1393,USA,EltaMD,Skin Care,Cleanser,EltaMD Skin Care,EltaMD Foaming Facial Cleanser 3.38 oz 2 Pack,"The EltaMD Foaming Facial Cleanser cleanses the skin by getting deep into the pores without irritating it. It is pH-balanced and oil-free, and contains apple amino acids and bromelain to gently remove excess facial oils, makeup, and other impurities while leaving the skin hydrated and soft.",n.a.,3.38 oz 2 Pack,Liquid,840229810628,89246888,Target,https://www.target.com/p/eltamd-foaming-facial-cleanser-3-38-oz-2-pack/-/A-89246888,Retailer listing,High,2026-08-31
CL-USA-ELTAMD-1394,USA,EltaMD,Skin Care,Moisturizer,EltaMD Skin Care,EltaMD Moisture Seal 2.8 oz,"Soothes and moisturizes inflamed, irritated skin and retains 90% of skin’s moisture for 12 hours or more. This fragrance- and preservative-free moisturizer can be used following chemical peels, laser treatment, and microdermabrasion, and by those with eczema, atopic dermatititis, and retin-a users.",n.a.,2.8 fl oz (us),Cream / Lotion,840229810512,89240268,Target,https://www.target.com/p/elta-md-intense-long-lasting-moisturizer-2-8-oz/-/A-89240268,Retailer listing,High,2026-08-31
CL-USA-ELTAMD-1395,USA,EltaMD,Skin Care,Moisturizer,EltaMD Skin Care,EltaMD PM Restore Moisturizer 1.7 oz,"The EltaMD PM Therapy Facial Moisturizer, 1.7 Fluid Ounce is ideal for both mature and normal skin. Rice protein peptides work to enhance collagen, promote cell growth, and improve skin elasticity, while antioxidants and niacinamide help the skin repair itself faster while enhancing its tone.",n.a.,1.7 fl oz (US),Cream / Lotion,090205025403,87181532,Target,https://www.target.com/p/eltamd-pm-restore-moisturizer-1-7-oz/-/A-87181532,Retailer listing,High,2026-08-31
CL-USA-ELTAMD-1396,USA,EltaMD,Skin Care,Moisturizer,EltaMD Skin Care,EltaMD PM Restore Moisturizer 1.7 oz 2 Pack,"The EltaMD PM Therapy Facial Moisturizer is ideal for mature and normal skin. Rice protein peptides enhance collagen, promote cell growth and improve skin elasticity, while antioxidants and niacinamide help the skin repair itself faster and enhance its tone.",n.a.,1.7 oz 2 Pack,Cream / Lotion,689043825087,89187608,Target,https://www.target.com/p/elta-md-pm-therapy-facial-moisturizer-1-7-oz-2-pack/-/A-89187608,Retailer listing,High,2026-08-31
CL-USA-ELTAMD-1397,USA,EltaMD,Skin Care,Cleanser,EltaMD Skin Care,EltaMD Skin Recovery Amino Acid Foaming Cleanser 5 oz,"This gentle facial cleanser is designed to elevate the skin's defense and improve its overall health, leaving a radiant, clear complexion. Its foaming action removes impurities and excess oil, and the amino acid formula is clinically proven to strengthen the skin barrier and reduce skin water loss in 7 days.",n.a.,5 oz,Liquid,827854010548,93722922,Target,https://www.target.com/p/eltamd-skin-recovery-amino-acid-foaming-cleanser-5-1-oz/-/A-93722922,Retailer listing,High,2026-08-31
CL-USA-ELTAMD-1398,USA,EltaMD,Skin Care,Moisturizer,EltaMD Skin Care,"EltaMD Skin Recovery Light Moisturizer, Lightweight Cream to Hydrate & Repair Sensitive Skin, 1.7 oz","EltaMD Skin Recovery Light Moisturizer is a gentle daily moisturizer formulated to provide hydration without heaviness. Its lightweight texture absorbs smoothly, supports sensitive or compromised skin, and layers easily under sunscreen or makeup without pilling.",n.a.,1.7 oz,Cream / Lotion,902050776242,1008813376,Target,https://www.target.com/p/eltamd-skin-recovery-light-moisturizer-1-7-oz/-/A-1008813376,Retailer listing,High,2026-08-31
CL-USA-ELTAMD-1399,USA,EltaMD,Skin Care,Moisturizer,EltaMD Skin Care,"EltaMD intense Moisturizer, 2.8 oz","A rich moisturizing treatment designed to deliver deep hydration for dry or compromised skin. It helps lock in moisture, improve skin comfort, and support a softer, smoother skin appearance with consistent application.",n.a.,2.8 oz,Cream / Lotion,902050254344,1008814714,Target,https://www.target.com/p/eltamd-intense-moisturizer-2-8-oz/-/A-1008814714,Retailer listing,High,2026-08-31
CL-USA-ELTAMD-1400,USA,EltaMD,Skin Care,Other Skin Care,EltaMD Skin Care,Enzyme HydroGel,"EltaMD Enzyme HydroGel is an enzyme-enhanced formula that promotes skin comfort, recovery and hydration when used after non-ablative and mildly ablative procedures. Uses: EltaMD Enzyme HydroGel helps ease the itch and irritation from non-ablative and mildly ablative procedures. (net wt 3 oz/85 g)",n.a.,3 oz,Paste / Gel,n.a.,04000,eltamd.com,https://eltamd.com/products/eltamd-enzyme-hydrogel,Brand site,High,2026-08-31
CL-USA-ELTAMD-1401,USA,EltaMD,Skin Care,Moisturizer,EltaMD Skin Care,Hydration Skincare Kit,"Add to cart & enjoy 10% Off EltaMD Hydration Skincare Kit delivers hydrated supple skin . Oil-In-Gel Cleanser powerfully washes pores without leaving skin tight and dry. PM Restore Moisturizer visibly restores skin’s vitality and texture. UV Daily Untinted Broad Spectrum SPF protects skin from harsh UVA/UVB rays, while preventing water loss. EltaMD Hydration Bundled Kit: Oil-in-Gel Cleanser (3.4 f",n.a.,n.a.,Cream / Lotion,n.a.,VB-HYB,eltamd.com,https://eltamd.com/products/eltamd-hydration-bundle,Brand site,High,2026-08-31
CL-USA-ELTAMD-1402,USA,EltaMD,Skin Care,Moisturizer,EltaMD Skin Care,Laser Balm,"EltaMD Laser Balm Healing Ointment protects compromised skin by keeping it moist and preventing crusting. Laser Balm melts upon skin contact and occludes to help dry and damaged skin retain its natural moisture. EltaMD Laser Balm Healing Ointment is fragrance-free, paraben-free, and preservative-free. (net wt 3.8 oz/107 g)",n.a.,3.8 oz Jar,Cream / Lotion,n.a.,02277A,eltamd.com,https://eltamd.com/products/eltamd-laser-balm-post-procedure-healing-ointment,Brand site,High,2026-08-31
CL-USA-ELTAMD-1403,USA,EltaMD,Skin Care,Other Skin Care,EltaMD Skin Care,Moisture Seal,"EltaMD Moisture Seal melts on contact and locks in moisture for up to 24 hours. It spreads easily, forming a protective layer over the skin. This intense occlusive moisturizer helps soothe dry, flaky, intact skin after procedures. This waterless, preservative-free formulation is designed for delicate skin resulting from cosmetic or medical treatments. (net wt 2.8 oz/79 g)",n.a.,2.8 oz,n.a.,n.a.,02543A,eltamd.com,https://eltamd.com/products/eltamd-moisture-seal,Brand site,High,2026-08-31
CL-USA-ELTAMD-1404,USA,EltaMD,Skin Care,Cleanser,EltaMD Skin Care,Oil-in-Gel Cleanser,EltaMD Oil-in-Gel Cleanser combines the effectiveness of a traditional cleanser with the benefits of an oil cleanser. This transformative formula preserves the skin barrier while gently cleansing without stripping skin's moisture or clogging pores. Enriched with antioxidants to help defend against free radical damage. The rich gel texture melts into a silky oil that gently and effortlessly lifts a,n.a.,3.4 fl oz,Paste / Gel,n.a.,07778,eltamd.com,https://eltamd.com/products/eltamd-oil-in-gel-cleanser,Brand site,High,2026-08-31
CL-USA-ELTAMD-1405,USA,EltaMD,Skin Care,Moisturizer,EltaMD Skin Care,PM Restore Moisturizer,"EltaMD PM Restore Moisturizer helps restore skin vitality and texture. Niacinamide and antioxidants help improve skin tone and texture, while hyaluronic acid and a ceramide hydrate and strengthen skin’s moisture barrier. The result is skin that looks smoother, brighter and healthy looking. Non-comedogenic, fragrance-free. (net wt 1.7 oz/48 g)",n.a.,1.7 oz,Cream / Lotion,n.a.,02540A,eltamd.com,https://eltamd.com/products/eltamd-pm-restore-moisturizer,Brand site,High,2026-08-31
CL-USA-ELTAMD-1406,USA,EltaMD,Skin Care,Eye / Lip,EltaMD Skin Care,Renew Eye Gel,"EltaMD Renew Eye Gel helps minimize the appearance of under-eye puffiness, dark circles, fine lines and wrinkles while revealing brighter, healthier looking skin. Formulated with peptides and natural extracts to help visibly reduce the appearance of skin aging around the delicate eye area. Significant results within 30 days. (0.5 fl oz/15 mL)",n.a.,0.5 oz,Paste / Gel,n.a.,02298A,eltamd.com,https://eltamd.com/products/eltamd-renew-eye-gel,Brand site,High,2026-08-31
CL-USA-ELTAMD-1407,USA,EltaMD,Skin Care,Other Skin Care,EltaMD Skin Care,Sensitive Skin Kit,Add to cart & enjoy 10% Off EltaMD Sensitive Skin Kit calms irritation in a swipe. This 3-step regimen is assembled with rosacea-prone skin in mind. Skin Recovery Amino Acid Foaming Cleanser gently-yet powerfully cleanses skin. Skin Recovery Light Moisturizer soothes and prevents irritation. UV Skin Recovery Broad Spectrum SPF 50 protects skin from harsh UVA/UVB rays. EltaMD Sensitive Skin Kit: UV,n.a.,n.a.,n.a.,n.a.,VB-SSB,eltamd.com,https://eltamd.com/products/sensitive-skin-bundle,Brand site,High,2026-08-31
CL-USA-ELTAMD-1408,USA,EltaMD,Skin Care,Other Skin Care,EltaMD Skin Care,SilverGel,"EltaMD SilverGel™ Wound Gel is a medical device for OTC (Over The Counter) use on abrasions, superficial cuts, lacerations, and minor irritations of the skin. Under supervision of a medical professional, it is indicated for use on sites where infection exists or threatens including surgical wounds, 1st and 2nd degree burns, grafted wounds, skin tears, donor sites and various skin ulcers. (net 1.5",n.a.,1.5 fl oz,Paste / Gel,n.a.,03900,eltamd.com,https://eltamd.com/products/eltamd-silvergel,Brand site,High,2026-08-31
CL-USA-ELTAMD-1409,USA,EltaMD,Skin Care,Cleanser,EltaMD Skin Care,Skin Recovery Amino Acid Foaming Cleanser,"EltaMD Skin Recovery Amino Acid Foaming Cleanser elevates your skin's defense with this gentle-yet-effective foaming cleanser clinically proven to strengthen the skin barrier in 7 days*. Skin Recovery Amino Acid Foaming Cleanser is formulated with a patented complex of 3 Amino Acids (AAComplex) to gently cleanse, leaving skin calm and soothed. (5.0 fl oz/150 mL) Features and benefits: Clinically p",n.a.,5 fl oz,Liquid,n.a.,04900,eltamd.com,https://eltamd.com/products/skin-recovery-amino-acid-foaming-cleanser,Brand site,High,2026-08-31
CL-USA-ELTAMD-1410,USA,EltaMD,Skin Care,Cleanser,EltaMD Skin Care,Skin Recovery Essence Toner,"EltaMD Skin Recovery Essence Toner ia a gentle essence toner that soothes, hydrates and detoxifies skin while maintaining a healthy pH balance, and the second step in our breakthrough Skin Recovery System. It’s powered by our patented blend of amino acids called AAComplex and formulated without alcohol so it won’t dry skin. It also contains a mineral-rich copper complex called malachite extract, w",n.a.,7.3 fl oz,Liquid,n.a.,07751A,eltamd.com,https://eltamd.com/products/eltamd-skin-recovery-toner,Brand site,High,2026-08-31
CL-USA-ELTAMD-1411,USA,EltaMD,Skin Care,Other Skin Care,EltaMD Skin Care,Skin Recovery Kit,"Add to cart & enjoy 10% Off EltaMD Skin Recovery Kit Includes: UV Skin Recovery Broad Spectrum SPF 50 Face Sunscreen, a 100% mineral sunscreen powered by 2% AA Complex Barrier Repair Technology. Designed to protect, recover and strengthen even the most sensitive skin – like skin prone to rosacea, this SPF features a unique blend of gentle yet efficacious ingredients. Zinc Oxide provides broad-spec",n.a.,n.a.,n.a.,n.a.,SRBK-VB,eltamd.com,https://eltamd.com/products/eltamd-skin-recovery-bundled-kit,Brand site,High,2026-08-31
CL-USA-ELTAMD-1412,USA,EltaMD,Skin Care,Moisturizer,EltaMD Skin Care,Skin Recovery Light Moisturizer,"EltaMD Skin Recovery Light Moisturizer is like a cool drink of water for your skin. This non-greasy formula feels weightless on skin, allowing for effortless blending and wearability. As the final step in our Skin Recovery System, it helps moisturize and restore the skin’s natural barrier, thanks to our patented AAComplex. With ingredients like Squalane, Coconut Fruit Extract, and Sodium Hyalurona",n.a.,1.7 fl oz,Cream / Lotion,n.a.,07762A,eltamd.com,https://eltamd.com/products/eltamd-skin-recovery-light-moisturizer,Brand site,High,2026-08-31
CL-USA-ELTAMD-1413,USA,EltaMD,Skin Care,Mask,EltaMD Skin Care,Skin Recovery Night Mask,"EltaMD Skin Recovery Night Mask is powered by our patented AAComplex Technology, a special blend of amino acids to help repair a damaged skin barrier from environmental aggressors by calming skin and minimizing the risk of irritation. This mask visibly reduces the appearance of redness, improves hydration and revitalizes the look of tired skin. Chronobiology technology helps encourage skin's night",n.a.,1.7 oz jar,n.a.,n.a.,07763A,eltamd.com,https://eltamd.com/products/eltamd-skin-recovery-night-mask,Brand site,High,2026-08-31
CL-USA-ELTAMD-1414,USA,EltaMD,Skin Care,Serum / Treatment,EltaMD Skin Care,Skin Recovery Serum,"EltaMD Skin Recovery Serum is powered by twice the concentration* of our patented AAComplex Technology, a special blend of amino acids that help repair a damaged skin barrier from environmental aggressors by calming skin and minimizing the risk of irritation. Antioxidants vitamin E and centella asiatica to help defend against free radical damage, while glycerin, hyaluronic acid and vitamin B5 prov",n.a.,1 fl oz,Serum / Treatment,n.a.,07756A,eltamd.com,https://eltamd.com/products/eltamd-skin-recovery-serum,Brand site,High,2026-08-31
CL-USA-ELTAMD-1415,USA,EltaMD,Skin Care,Other Skin Care,EltaMD Skin Care,Skin Recovery System Kit,"Add to cart & enjoy 20% Off EltaMD Skin Recovery System Kit goes beyond the surface to help repair and renew the skin’s natural barrier. Breakouts and sensitivities aren’t just irritating, they’re your skin’s way of asking for help. Powered by our patented AAComplex technology, this system is shown to visibly reduce redness and increase hydration in 24 hours after just one use, and help repair and",n.a.,n.a.,n.a.,n.a.,SRS-VB2,eltamd.com,https://eltamd.com/products/eltamd-skin-recovery-system-regimen-kit-2,Brand site,High,2026-08-31
CL-USA-ELTAMD-1416,USA,EltaMD,Skin Care,Moisturizer,EltaMD Skin Care,Skin Restore Body Cream,"EltaMD Skin Restore Body Cream is a non-greasy, yet luxuriously rich and creamy moisturizer that visibly improves dry skin, evens skin tone and strengthens and maintains the natural protective barrier. Formulated with moisture-binding hyaluronic acid, replenishing mango butter and a ceramide, plus niacinamide and enzymes for visibly brighter, smoother skin. Used daily, this formula helps skin achi",n.a.,8 oz,Cream / Lotion,n.a.,02560A,eltamd.com,https://eltamd.com/products/eltamd-skin-restore-body-cream,Brand site,High,2026-08-31
CL-USA-ELTAMD-1417,USA,EltaMD,Skin Care,Moisturizer,EltaMD Skin Care,Skin Restore Hand Cream 3oz,"EltaMD Skin Restore Hand Cream is clinically proven to moisturize dry, flaky skin up to 12 hours while enhancing skin luminosity against urban pollution. It helps maintain moisture, even after handwashing. Enriched with 5 powerful ceramides, gentle emollients, and antioxidant Vitamin E to nourish and revive dry, rough hands. Plant-derived sclareolide helps reduce the appearance of skin discolorati",n.a.,3 oz,Cream / Lotion,n.a.,02570B,eltamd.com,https://eltamd.com/products/eltamd-skin-restore-hand-cream-3oz,Brand site,High,2026-08-31
CL-USA-ELTAMD-1418,USA,EltaMD,Skin Care,Sun Care / SPF,EltaMD UV (Sun Care),"EltaMD Broad-Spectrum SPF 46 Sunscreen, Daily Facial Sun Protection, UV Clear","A lightweight facial sunscreen formulated to protect skin while supporting a clear, balanced complexion. The oil-free formula absorbs quickly without residue and is suitable for sensitive, acne-prone, and post-procedure skin types.",n.a.,"48 g / 1.7 oz, 1 count",Sunscreen,390205125005,1008812660,Target,https://www.target.com/p/eltamd-uv-clear-broad-spectrum-spf-46-facial-sunscreen-1-7-oz/-/A-1008812660,Retailer listing,High,2026-08-31
CL-USA-ELTAMD-1419,USA,EltaMD,Skin Care,Sun Care / SPF,EltaMD UV (Sun Care),EltaMD UV AOX Elements Broad Spectrum SPF 50 Tinted Face Sunscreen 1.7 oz,"A tinted, oil-free face sunscreen with SPF 50 and 100% mineral active ingredients, including Zinc Oxide and Titanium Dioxide, for protection against UVA and UVB rays. It also contains antioxidants to combat environmental stressors such as ultraviolet radiation, particulate matter, and blue light.",n.a.,1.7 oz,Sunscreen,827854010111,1000041268,Target,https://www.target.com/p/eltamd-uv-aox-elements-tinted-mineral-face-sunscreen-spf-50-1-7-oz/-/A-1000041268,Retailer listing,High,2026-08-31
CL-USA-ELTAMD-1420,USA,EltaMD,Skin Care,Sun Care / SPF,EltaMD UV (Sun Care),EltaMD UV AOX Elements Broad Spectrum SPF 50 Tinted Face Sunscreen 1.7 oz 2 Pack,"Tinted face sunscreen with SPF 50 and 100% mineral active ingredients, including Zinc Oxide and Titanium Dioxide, to protect against harmful UVA and UVB rays. The oil-free formula includes antioxidants to combat environmental stressors and is designed for everyday use under makeup or alone.",n.a.,"2 pack, 1.7 oz each; 3.4 oz net weight",Sunscreen,840229814909,94173970,Target,https://www.target.com/p/eltamd-uv-aox-elements-tinted-mineral-face-sunscreen-spf-50-1-7-oz-2-pack/-/A-94173970,Retailer listing,High,2026-08-31
CL-USA-ELTAMD-1421,USA,EltaMD,Skin Care,Sun Care / SPF,EltaMD UV (Sun Care),"EltaMD UV AOX Elements Broad-Spectrum SPF 50, 1.7 oz","A tinted mineral sunscreen designed to help protect skin while enhancing its natural appearance. Formulated with antioxidants and gentle mineral filters, it provides broad-spectrum UVA and UVB protection while supporting skin against environmental damage.",n.a.,1.7 oz,Sunscreen,827854110118,1008812605,Target,https://www.target.com/p/eltamd-uv-aox-elements-broad-spectrum-spf-50-1-7-oz/-/A-1008812605,Retailer listing,High,2026-08-31
CL-USA-ELTAMD-1422,USA,EltaMD,Skin Care,Sun Care / SPF,EltaMD UV (Sun Care),"EltaMD UV AOX Eye Broad-Spectrum SPF 30, Protective Eye Cream to Shield and Hydrate Delicate Skin",A targeted eye-area sunscreen designed to protect delicate skin from sun-related damage and environmental stressors. The lightweight formula provides broad-spectrum SPF 30 protection against UVA and UVB rays and wears well under makeup.,n.a.,0.4 oz,Cream / Lotion,827854110217,1008812633,Target,https://www.target.com/p/eltamd-uv-aox-eye-broad-spectrum-spf-30-0-4-oz/-/A-1008812633,Retailer listing,High,2026-08-31
CL-USA-ELTAMD-1423,USA,EltaMD,Skin Care,Sun Care / SPF,EltaMD UV (Sun Care),EltaMD UV AOX Mist Broad Spectrum SPF 40 Face and Body Sunscreen,"This all-mineral body and face mist sunscreen provides broad-spectrum SPF 40 protection against UVA and UVB rays. It includes Vitamin C, Vitamin E, Aloe Vera, and Coconut Fruit Extract and is described as a lightweight formula that applies easily and evenly without greasy residue.",n.a.,5 oz 2 Pack,Spray,840229814916,1000054384,Target,https://www.target.com/p/eltamd-uv-aox-mist-broad-spectrum-spf-40-5-oz-2-pack/-/A-1000054384,Retailer listing,High,2026-08-31
CL-USA-ELTAMD-1424,USA,EltaMD,Skin Care,Sun Care / SPF,EltaMD UV (Sun Care),EltaMD UV AOX Mist Broad Spectrum SPF 40 Face and Body Sunscreen 5 oz,"This all-mineral body and face mist sunscreen provides broad-spectrum SPF 40 protection against harmful UVA/UVB rays while nourishing and hydrating skin with Vitamin C, Vitamin E, Aloe Vera, and Coconut Fruit Extract. Its lightweight mineral spray formula applies easily and evenly for full head-to-toe coverage without greasy residue.",n.a.,5 oz,Spray,827854008002,1000054383,Target,https://www.target.com/p/eltamd-uv-aox-mist-broad-spectrum-spf-40-5-oz/-/A-1000054383,Retailer listing,High,2026-08-31
CL-USA-ELTAMD-1425,USA,EltaMD,Skin Care,Sun Care / SPF,EltaMD UV (Sun Care),"EltaMD UV AOX Mist Broad-Spectrum SPF 40, 5 oz","EltaMD UV AOX Mist Broad-Spectrum SPF 40 is a convenient antioxidant-enhanced spray sunscreen for the face and body that provides broad-spectrum SPF 40 protection. The fast-drying, lightweight mist offers easy, even application without a heavy or sticky finish and is suitable for daily use and reapplication.",n.a.,5 oz,Spray,827854108009,1008812595,Target,https://www.target.com/p/eltamd-uv-aox-mist-broad-spectrum-spf-40-5-oz/-/A-1008812595,Retailer listing,High,2026-08-31
CL-USA-ELTAMD-1426,USA,EltaMD,Skin Care,Sun Care / SPF,EltaMD UV (Sun Care),"EltaMD UV Active Broad-Spectrum SPF 50, Sport-Ready Sunscreen for Maximum Protection & Water Resistance","Dermatologist-recommended broad-spectrum SPF 50 sunscreen designed for active lifestyles and extended outdoor exposure. Its lightweight, non-greasy formula is water-resistant and suitable for sports, swimming, daily use, and most skin types.",n.a.,3 oz 1pk,Sunscreen,390205026005,1008812593,Target,https://www.target.com/p/eltamd-uv-active-broad-spectrum-spf-50-3-oz/-/A-1008812593,Retailer listing,High,2026-08-31
CL-USA-ELTAMD-1427,USA,EltaMD,Skin Care,Sun Care / SPF,EltaMD UV (Sun Care),EltaMD UV Broad Spectrum Sport SPF 50+ Body Sunscreen 3 oz & 8 oz Combo Pack,"This sunscreen provides SPF 50 protection and is water-resistant for up to 80 minutes. The formula can be applied to both dry and wet skin and is suitable for activities such as running, swimming, or hiking.",n.a.,"3 oz & 8 oz combo pack, 2 count, 11 oz net weight",Sunscreen,810030481591,1002533253,Target,https://www.target.com/p/eltamd-uv-sport-spf-50-broad-spectrum-water-resistant-sunscreen-3-oz-sunscreen-8-oz-combo-pack/-/A-1002533253,Retailer listing,High,2026-08-31
CL-USA-ELTAMD-1428,USA,EltaMD,Skin Care,Sun Care / SPF,EltaMD UV (Sun Care),EltaMD UV Clear Broad Spectrum SPF 46 Face Sunscreen,"This EltaMD UV Clear SPF 46 sunscreen contains niacinamide, hyaluronic acid, and lactic acid, and is designed to calm and protect sensitive skin while promoting the appearance of healthy-looking skin. It is noncomedogenic, fragrance-free, and provides broad-spectrum protection against UVA and UVB rays.",n.a.,1.7 oz 2pk (3.4 oz total),Sunscreen,689043825100,89187630,Target,https://www.target.com/p/elta-md-uv-clear-spf-46-1-7-oz-2-pack/-/A-89187630,Retailer listing,High,2026-08-31
CL-USA-ELTAMD-1429,USA,EltaMD,Skin Care,Sun Care / SPF,EltaMD UV (Sun Care),EltaMD UV Clear Broad Spectrum SPF 46 Tinted Face Sunscreen,"The EltaMD UV Clear Tinted Broad-Spectrum SPF 46 Sunscreen protects against the sun while providing a flattering tint to minimize the look of imperfections. It contains hyaluronic acid to promote hydration and soothe the skin and does not contain oil or fragrance, making it suitable for sensitive skin.",n.a.,1.7 oz 2pk,Sunscreen,689043825117,89187609,Target,https://www.target.com/p/elta-md-uv-clear-tinted-spf-46-broad-spectrum-facial-sunscreen-1-7-oz-2-pack/-/A-89187609,Retailer listing,High,2026-08-31
CL-USA-ELTAMD-1430,USA,EltaMD,Skin Care,Sun Care / SPF,EltaMD UV (Sun Care),EltaMD UV Clear Deep Tinted Broad-Spectrum SPF 46,"Daily facial sunscreen providing broad-spectrum SPF 46 protection with a deeper tint to complement a wider range of skin tones. The lightweight, oil-free, non-comedogenic formula is designed for sensitive and acne-prone skin types and blends smoothly into the skin.",n.a.,1.7 oz,Sunscreen,827854015277,1008812786,Target,https://www.target.com/p/eltamd-uv-clear-deep-tinted-broad-spectrum-spf-46-1-7-oz/-/A-1008812786,Retailer listing,High,2026-08-31
CL-USA-ELTAMD-1431,USA,EltaMD,Skin Care,Sun Care / SPF,EltaMD UV (Sun Care),EltaMD UV Clear Deep Tinted Broad-Spectrum SPF 46,"A daily facial sunscreen with broad-spectrum SPF 46 protection and a deeper tint to complement a wider range of skin tones. The lightweight, oil-free, non-comedogenic formula is designed for sensitive and acne-prone skin and absorbs easily without leaving residue.",n.a.,1.7 oz 1pk,Sunscreen,827854015277,1008812786,Target,https://www.target.com/p/eltamd-uv-clear-spf-46/-/A-1008854079,Retailer listing,High,2026-08-31
CL-USA-ELTAMD-1432,USA,EltaMD,Skin Care,Sun Care / SPF,EltaMD UV (Sun Care),EltaMD UV Clear SPF 46 Facial Sunscreen 1.7 Ounces,"EltaMD UV Clear SPF 46 Facial Sunscreen is a lightweight, 1.7-ounce formula designed for sensitive and acne-prone skin. It offers broad-spectrum protection against UVA and UVB rays while calming and protecting the skin with ingredients like niacinamide and hyaluronic acid.",n.a.,"1.7 ounces, 1",Sunscreen,390205025008,1002253152,Target,https://www.target.com/p/eltamd-uv-clear-spf-46-facial-sunscreen-1-7-ounces/-/A-1002253152,Retailer listing,High,2026-08-31
CL-USA-ELTAMD-1433,USA,EltaMD,Skin Care,Sun Care / SPF,EltaMD UV (Sun Care),EltaMD UV Daily Broad Spectrum SPF 40 Deep Tinted Sunscreen,"Elta MD UV Daily Deep Tinted Broad Spectrum Facial Sunscreen SPF 40 provides protection and nourishment with a natural, dewy glow. The lightweight formula acts as a moisturizer, sunscreen, and skin-evening tint in one bottle and is suitable for normal, dry, or combination skin.",n.a.,1.7 fl oz,Sunscreen,827854015291,92948209,Target,https://www.target.com/p/elta-md-uv-daily-deep-tinted-broad-spectrum-facial-sunscreen-spf-40-1-7-oz/-/A-92948209,Retailer listing,High,2026-08-31
CL-USA-ELTAMD-1434,USA,EltaMD,Skin Care,Sun Care / SPF,EltaMD UV (Sun Care),EltaMD UV Daily Broad Spectrum SPF 40 Face Sunscreen 1.7 oz 2 Pack,"An SPF 40 non-greasy cream for normal or combination skin that offers broad-spectrum protection and hydration. Micronized zinc, octinoxate, and hyaluronic acid help protect against UVA/UVB rays and provide long-lasting moisture.",n.a.,1.7 oz 2pk (3.4 oz total),Sunscreen,689043825223,89187629,Target,https://www.target.com/p/elta-md-uv-daily-spf-40-broad-spectrum-1-7-oz-2-pack/-/A-89187629,Retailer listing,High,2026-08-31
CL-USA-ELTAMD-1435,USA,EltaMD,Skin Care,Sun Care / SPF,EltaMD UV (Sun Care),EltaMD UV Daily Broad Spectrum SPF 40 Tinted Face Sunscreen,"Broad-spectrum SPF 40 tinted face sunscreen with a light tint that hides imperfections. The water-resistant, non-greasy formula provides lightweight moisture and helps blur the appearance of fine lines.",n.a.,1.7 oz 2pk,Sunscreen,689043825124,89187636,Target,https://www.target.com/p/elta-md-uv-daily-spf-40-tinted-broad-spectrum-1-7-oz-2-pack/-/A-89187636,Retailer listing,High,2026-08-31
CL-USA-ELTAMD-1436,USA,EltaMD,Skin Care,Sun Care / SPF,EltaMD UV (Sun Care),"EltaMD UV Daily Broad-Spectrum SPF 40 Face Sunscreen, 1.7 oz","Moisturizing facial sunscreen formulated for everyday protection and hydration, designed to help shield skin from UVA and UVB rays. It has a lightweight texture that absorbs smoothly without feeling heavy or greasy and is suitable for normal, dry, and combination skin types.",n.a.,"1.7 oz, 1 count",Sunscreen,390205022892,1008812791,Target,https://www.target.com/p/eltamd-uv-daily-broad-spectrum-spf-40-face-sunscreen-1-7-oz/-/A-1008812791,Retailer listing,High,2026-08-31
CL-USA-ELTAMD-1437,USA,EltaMD,Skin Care,Sun Care / SPF,EltaMD UV (Sun Care),EltaMD UV Daily Broad-Spectrum SPF 40 Moisturizing Facial Sunscreen,"A lightweight facial sunscreen designed for everyday use while supporting skin hydration and barrier health. Formulated with zinc oxide for broad-spectrum UVA and UVB protection and hyaluronic acid for moisture retention, it is non-comedogenic, fragrance-free, and layers well under makeup.",n.a.,48 g / 1.7 oz 1pk,Sunscreen,390205022694,1008812801,Target,https://www.target.com/p/eltamd-uv-daily-broad-spectrum-spf-40-tinted-face-sunscreen-1-7-oz/-/A-1008812801,Retailer listing,High,2026-08-31
CL-USA-ELTAMD-1438,USA,EltaMD,Skin Care,Sun Care / SPF,EltaMD UV (Sun Care),EltaMD UV Daily Deep Tinted Broad-Spectrum SPF 46,"EltaMD UV Daily Deep Tinted Broad-Spectrum SPF 46, 1.7 oz is a moisturizing mineral sunscreen formulated to provide enhanced sun protection while blending seamlessly into deeper skin tones. This tinted formula uses zinc oxide to deliver broad-spectrum UVA and UVB defense and helps minimize white cast for a more natural appearance.",n.a.,1.7 oz 1pk,Sunscreen,827854115298,1008812803,Target,https://www.target.com/p/eltamd-uv-daily-deep-tinted-broad-spectrum-spf-46-1-7-oz/-/A-1008812803,Retailer listing,High,2026-08-31
CL-USA-ELTAMD-1439,USA,EltaMD,Skin Care,Sun Care / SPF,EltaMD UV (Sun Care),EltaMD UV Lotion Broad-Spectrum SPF 35 Face And Body Sunscreen,"A lightweight, dermatologist-recommended sunscreen formulated to provide broad-spectrum protection against harmful UVA and UVB rays for the face and body. The gentle, fast-absorbing formula helps maintain skin hydration and leaves skin feeling protected, soft, and refreshed.",n.a.,3 oz,Cream / Lotion,827854121688,1012022856,Target,https://www.target.com/p/eltamd-uv-lotion-broad-spectrum-spf-35-face-and-body-sunscreen-3-oz/-/A-1012022856,Retailer listing,High,2026-08-31
CL-USA-ELTAMD-1440,USA,EltaMD,Skin Care,Sun Care / SPF,EltaMD UV (Sun Care),EltaMD UV Lotion Broad-Spectrum SPF 35 Face and Body Sunscreen 3 oz,EltaMD UV Lotion Broad-Spectrum SPF 35 Body Sunscreen provides broad-spectrum protection against harmful UVA and UVB rays with Zinc Oxide. It also contains hydrating ingredients and helps reduce the appearance of fine lines and wrinkles.,n.a.,3 oz,Cream / Lotion,827854021681,1009001197,Target,https://www.target.com/p/eltamd-uv-lotion-broad-spectrum-spf-35-face-and-body-sunscreen-3-oz/-/A-1009001197,Retailer listing,High,2026-08-31
CL-USA-ELTAMD-1441,USA,EltaMD,Skin Care,Sun Care / SPF,EltaMD UV (Sun Care),"EltaMD UV Lotion Broad-Spectrum SPF 35, 8 oz","A lightweight, moisturizing broad-spectrum SPF 35 sunscreen formulated for both face and body use. It helps shield skin from harmful UVA and UVB rays, absorbs easily without residue, and is ideal for normal to dry skin types.",n.a.,"8 oz, 1 count",Cream / Lotion,827854109181,1008813025,Target,https://www.target.com/p/eltamd-uv-lotion-broad-spectrum-spf-35-8-oz/-/A-1008813025,Retailer listing,High,2026-08-31
CL-USA-ELTAMD-1442,USA,EltaMD,Skin Care,Sun Care / SPF,EltaMD UV (Sun Care),EltaMD UV Restore Broad Spectrum SPF 40 Tinted Face Sunscreen,A 100% mineral broad-spectrum SPF 40 facial sunscreen featuring Squalane to restore moisture and suppleness. Its lightweight tinted formula is designed to hydrate and rejuvenate skin without leaving a greasy residue or heavy feeling.,n.a.,"1.7 oz, 1 count",Sunscreen,827854009924,1000041269,Target,https://www.target.com/p/eltamd-uv-restore-tinted-broad-spectrum-facial-sunscreen-spf-40-1-7-oz/-/A-1000041269,Retailer listing,High,2026-08-31
CL-USA-ELTAMD-1443,USA,EltaMD,Skin Care,Sun Care / SPF,EltaMD UV (Sun Care),EltaMD UV Sport Broad Spectrum SPF 50+ Body Sunscreen,"The EltaMD UV Sport SPF 50 Sunscreen two-pack offers sun protection for the entire body. It is paraben-free, fragrance-free, ideal for sensitive skin, and water-resistant for outdoor activities.",n.a.,3 oz 2 Pack,Sunscreen,689043820167,89203596,Target,https://www.target.com/p/elta-md-uv-sport-spf-50-water-resistant-sunscreen-3-oz-2-pack/-/A-89203596,Retailer listing,High,2026-08-31
CL-USA-ELTAMD-1444,USA,EltaMD,Skin Care,Sun Care / SPF,EltaMD UV (Sun Care),EltaMD UV Sport Broad Spectrum SPF 50+ Body Sunscreen 3 oz,"EltaMD SPF 50 UV Sport Water-Resistant Sunscreen provides UVA and UVB protection during outdoor exercising, sweating, or swimming. The fragrance- and paraben-free formula contains vitamin E and is suitable for dry, oily, sensitive, and acne-prone skin.",n.a.,3 oz 1ct,Sunscreen,840229810338,89430374,Target,https://www.target.com/p/elta-md-uv-sport-spf-50-broad-spectrum-water-resistant-sunscreen-3-oz/-/A-89430374,Retailer listing,High,2026-08-31
CL-USA-ELTAMD-1445,USA,EltaMD,Skin Care,Sun Care / SPF,EltaMD UV (Sun Care),EltaMD UV Sport Broad-Spectrum SPF 50 Body Sunscreen,"A high-performance broad-spectrum SPF 50 sunscreen designed for full-body use during active and outdoor activities. It provides protection against UVA and UVB rays with a lightweight, comfortable feel and is suitable for sports, workouts, swimming, and extended time outdoors.",n.a.,8 oz 1pk,Sunscreen,827854108740,1008813230,Target,https://www.target.com/p/eltamd-uv-sport-broad-spectrum-spf-50-body-sunscreen-8-oz/-/A-1008813230,Retailer listing,High,2026-08-31
CL-USA-ELTAMD-1446,USA,EltaMD,Skin Care,Sun Care / SPF,EltaMD UV (Sun Care),EltaMD UV Sport Broad-Spectrum SPF 50 Full-Body Sunscreen,A performance-focused broad-spectrum SPF 50 sunscreen designed for active lifestyles and outdoor conditions. It is suitable for full-body application and has a lightweight feel for comfortable wear.,n.a.,3 oz 1 count,Sunscreen,390205022878,1008813193,Target,https://www.target.com/p/eltamd-uv-sport-broad-spectrum-spf-50-full-body-sunscreen-3-oz/-/A-1008813193,Retailer listing,High,2026-08-31
CL-USA-ELTAMD-1447,USA,EltaMD,Skin Care,Sun Care / SPF,EltaMD UV (Sun Care),EltaMD UV Sport Broad-Spectrum SPF 50 Full-Body Sunscreen,EltaMD UV Sport Broad-Spectrum SPF 50 Full-Body Sunscreen is a performance-focused sunscreen designed for active lifestyles and outdoor conditions. It provides broad-spectrum UVA/UVB protection for full-body use with a lightweight feel.,n.a.,3 oz 1pk,Sunscreen,390205022878,1008813193,Target,https://www.target.com/p/eltamd-uv-sport-broad-spectrum-spf-50/-/A-1008854121,Retailer listing,High,2026-08-31
CL-USA-ELTAMD-1448,USA,EltaMD,Skin Care,Sun Care / SPF,EltaMD UV (Sun Care),EltaMD Uv Clear Tinted Broad-Spectrum SPF 46 1.7 oz,"EltaMD UV Clear Tinted Broad-Spectrum SPF 46 is a lightweight, oil-free facial sunscreen with a sheer tint that helps even skin tone while providing broad-spectrum UVA and UVB protection. It is suitable for sensitive and acne-prone skin and is designed for daily use alone or under makeup.",n.a.,1.7 oz 1pk,Sunscreen,390205025206,1008812757,Target,https://www.target.com/p/eltamd-uv-clear-tinted-broad-spectrum-spf-46-1-7-oz/-/A-1008812757,Retailer listing,High,2026-08-31
CL-USA-ELTAMD-1449,USA,EltaMD,Skin Care,Sun Care / SPF,EltaMD UV (Sun Care),UV AOX Elements Broad Spectrum SPF 50,"EltaMD UV AOX Elements Broad Spectrum SPF 50 is a pure mineral active antioxidant-enriched moisturizing sunscreen that is proven to be gentle enough for sensitive skin, even post-procedure.* It contains Vitamin E, a powerful antioxidant, which neutralizes free radical damage and supports the visible reduction of photoaging of the skin. Photoaging of the skin results in fine lines and wrinkles, dis",n.a.,1.7 oz Tinted,Sunscreen,n.a.,02519A,eltamd.com,https://eltamd.com/products/eltamd-uv-aox-elements-broad-spectrum-spf-50,Brand site,High,2026-08-31
CL-USA-ELTAMD-1450,USA,EltaMD,Skin Care,Sun Care / SPF,EltaMD UV (Sun Care),UV AOX Mist Broad Spectrum SPF 40,"EltaMD UV AOX Mist Broad Spectrum SPF 40 is a reimagined sunscreen spray experience — a sheer-finish 100% mineral sunscreen spray that’s enriched with antioxidants to help prevent premature aging and rejuvenate skin. This lightweight and water-resistant formula is gentle enough to wear daily and leaves skin feeling hydrated and moisturized. With our white-to-clear technology, the only time you see",n.a.,5 oz Spray,Spray,n.a.,02671,eltamd.com,https://eltamd.com/products/eltamd-uv-aox-mist,Brand site,High,2026-08-31
CL-USA-ELTAMD-1451,USA,EltaMD,Skin Care,Sun Care / SPF,EltaMD UV (Sun Care),UV Active Broad Spectrum SPF 50+,EltaMD UV Active Broad Spectrum SPF 50+ is a pure mineral sunscreen with 100% mineral filters specially formulated for active lifestyles. EltaMD UV Active Broad Spectrum SPF 50+ is the perfect sun protection for any outdoor activity. It is a water resistant (80 minutes) sunscreen that will not rinse off in water. EltaMD UV Active delivers broad spectrum protection against UVA (aging) and UVB (burn,n.a.,3 oz,Sunscreen,n.a.,02600A,eltamd.com,https://eltamd.com/products/eltamd-uv-active-broad-spectrum-spf-50,Brand site,High,2026-08-31
CL-USA-ELTAMD-1452,USA,EltaMD,Skin Care,Sun Care / SPF,EltaMD UV (Sun Care),UV Clear Blemish-Prone & Oil Balancing SPF 50,"EltaMD UV Clear Blemish-Prone & Oil Balancing SPF 50 is a breakthrough in suncare from the #1 Dermatologist Recommended Professional Sunscreen Brand. UV Clear Blemish-Prone & Oil Balancing SPF 50 is a lightweight, hybrid sunscreen specifically designed for and tested on acne-prone skin. This advanced formula allows you to protect and correct without compromise, offering a long-desired solution for",n.a.,0.5 0z Mini,Sunscreen,n.a.,222007,eltamd.com,https://eltamd.com/products/eltamd-uv-clear-blemish-prone-oil-balancing-spf-50,Brand site,High,2026-08-31
CL-USA-ELTAMD-1453,USA,EltaMD,Skin Care,Sun Care / SPF,EltaMD UV (Sun Care),UV Clear Blemish-Prone & Oil Balancing SPF 50,"EltaMD UV Clear Blemish-Prone & Oil Balancing SPF 50 is a breakthrough in suncare from the #1 Dermatologist Recommended Professional Sunscreen Brand. UV Clear Blemish-Prone & Oil Balancing SPF 50 is a lightweight, hybrid sunscreen specifically designed for and tested on acne-prone skin. This advanced formula allows you to protect and correct without compromise, offering a long-desired solution for",n.a.,1.7 oz,Sunscreen,n.a.,211007,eltamd.com,https://eltamd.com/products/eltamd-uv-clear-blemish-prone-oil-balancing-spf-50,Brand site,High,2026-08-31
CL-USA-ELTAMD-1454,USA,EltaMD,Skin Care,Sun Care / SPF,EltaMD UV (Sun Care),UV Clear Broad Spectrum SPF 46,"EltaMD UV Clear Broad Spectrum SPF 46 is formulated with 5% Niacinamide (Vitamin B3) to help reduce the appearance of blemishes and discoloration on your skin. This broad spectrum sunscreen contains micronized zinc oxide to protect your skin from damaging UVA (aging) and UVB (burning) rays. Ideal for daily use on various skin types, UV Clear is lightweight and helps even skin tone for a more smoot",n.a.,0.5 oz Mini,Sunscreen,n.a.,02501A,eltamd.com,https://eltamd.com/products/uv-clear-broad-spectrum-spf-46,Brand site,High,2026-08-31
CL-USA-ELTAMD-1455,USA,EltaMD,Skin Care,Sun Care / SPF,EltaMD UV (Sun Care),UV Clear Broad Spectrum SPF 46,"EltaMD UV Clear Broad Spectrum SPF 46 is formulated with 5% Niacinamide (Vitamin B3) to help reduce the appearance of blemishes and discoloration on your skin. This broad spectrum sunscreen contains micronized zinc oxide to protect your skin from damaging UVA (aging) and UVB (burning) rays. Ideal for daily use on various skin types, UV Clear is lightweight and helps even skin tone for a more smoot",n.a.,1.7 oz,Sunscreen,n.a.,02500A,eltamd.com,https://eltamd.com/products/uv-clear-broad-spectrum-spf-46,Brand site,High,2026-08-31
CL-USA-ELTAMD-1456,USA,EltaMD,Skin Care,Sun Care / SPF,EltaMD UV (Sun Care),UV Clear Broad Spectrum SPF 46,"EltaMD UV Clear Broad Spectrum SPF 46 is formulated with 5% Niacinamide (Vitamin B3) to help reduce the appearance of blemishes and discoloration on your skin. This broad spectrum sunscreen contains micronized zinc oxide to protect your skin from damaging UVA (aging) and UVB (burning) rays. Ideal for daily use on various skin types, UV Clear is lightweight and helps even skin tone for a more smoot",n.a.,3.7 oz,Sunscreen,n.a.,137000,eltamd.com,https://eltamd.com/products/uv-clear-broad-spectrum-spf-46,Brand site,High,2026-08-31
CL-USA-ELTAMD-1457,USA,EltaMD,Skin Care,Sun Care / SPF,EltaMD UV (Sun Care),UV Clear Broad Spectrum SPF 46 Deep Tinted Face Sunscreen,"A lightweight and moisturizing broad spectrum facial sunscreen with SPF 46 and a sheer tint that helps shield skin from harmful UVA and UVB rays while helping to even out complexion. The formula is designed to provide a flawless, radiant, youthful, and natural glow.",n.a.,1.7 oz 1pk,Sunscreen,827854015277,92998987,Target,https://www.target.com/p/eltamd-uv-clear-deep-tinted-broad-spectrum-facial-sunscreen-spf-46-1-7-oz/-/A-92998987,Retailer listing,High,2026-08-31
CL-USA-ELTAMD-1458,USA,EltaMD,Skin Care,Sun Care / SPF,EltaMD UV (Sun Care),UV Clear Deep Tinted Broad Spectrum SPF 46,"Designed and tested on deeper skin tones, EltaMD UV Clear Deep Tinted Broad Spectrum SPF 46 is a lightweight, oil-free sunscreen formulated with 5% Niacinamide (Vitamin B3) to help reduce the appearance of blemishes and discoloration on your skin. This broad-spectrum sunscreen contains micronized Zinc Oxide to protect your skin from damaging UVA (aging) and UVB (burning) rays. Ideal for daily use",n.a.,1.7 oz Tinted,Sunscreen,n.a.,61041952,eltamd.com,https://eltamd.com/products/eltamd-uv-clear-deep-tinted-broad-spectrum-spf-46,Brand site,High,2026-08-31
CL-USA-ELTAMD-1459,USA,EltaMD,Skin Care,Sun Care / SPF,EltaMD UV (Sun Care),UV Clear Discovery Mini Kit,"Add to cart & enjoy 10% Off The EltaMD UV Clear Minis Discovery Set features our celebrated SPF 46 formula in both Tinted and Untinted mini sizes, the perfect way to try both and find your ultimate match (or keep one for home and one for on-the-go). Both dermatologists' favorites are formulated with high-purity niacinamide (vitamin B3) to help calm acne-prone skin, reduce discoloration, and delive",n.a.,n.a.,Sunscreen,n.a.,VS-UVTUM,eltamd.com,https://eltamd.com/products/uv-clear-discovery-mini-kit,Brand site,High,2026-08-31
CL-USA-ELTAMD-1460,USA,EltaMD,Skin Care,Sun Care / SPF,EltaMD UV (Sun Care),UV Clear Duo Kit,"Add to cart & enjoy 10% Off EltaMD UV Clear Broad Spectrum SPF 46 Duo Kit is formulated with high-purity niacinamide (vitamin B3) to help reduce the appearance of blemishes and discoloration on your skin. This broad spectrum sunscreen contains micronized zinc oxide to protect your skin from damaging UVA (aging) and UVB (burning) rays. Ideal for daily use on various skin types, UV Clear Broad Spect",n.a.,n.a.,Sunscreen,n.a.,CLU-2PK,eltamd.com,https://eltamd.com/products/eltamd-uv-clear-2-pack,Brand site,High,2026-08-31
CL-USA-ELTAMD-1461,USA,EltaMD,Skin Care,Sun Care / SPF,EltaMD UV (Sun Care),UV Clear Tinted & Untinted Duo Kit,"Add to cart & enjoy 10% Off The EltaMD UV Clear Tinted and Untinted Broad Spectrum SPF 46 Duo Kit features our celebrated formulas in both Tinted and Untinted options to seamlessly fit your daily routine. Both sunscreens are formulated with high-purity niacinamide (vitamin B3) to help reduce the appearance of blemishes and discoloration on your skin for a smoother, healthier-looking complexion. Po",n.a.,n.a.,Sunscreen,n.a.,UVC17-VB,eltamd.com,https://eltamd.com/products/uv-clear-tinted-untinted-twin-pack,Brand site,High,2026-08-31
CL-USA-ELTAMD-1462,USA,EltaMD,Skin Care,Sun Care / SPF,EltaMD UV (Sun Care),UV Clear Tinted Broad Spectrum SPF 46,EltaMD UV Clear Tinted Broad Spectrum SPF 46 is a lightweight sunscreen with a sheer tint to help even skin tone. Formulated with 5% Niacinamide (Vitamin B3) to help reduce the appearance of blemishes and discoloration on your skin for a more smooth appearance. This broad spectrum sunscreen contains micronized zinc oxide to protect your skin from damaging UVA (aging) and UVB (burning) rays. Ideal,n.a.,0.5 oz Tinted Mini,Sunscreen,n.a.,02603,eltamd.com,https://eltamd.com/products/eltamd-uv-clear-tinted-broad-spectrum-spf-46,Brand site,High,2026-08-31
CL-USA-ELTAMD-1463,USA,EltaMD,Skin Care,Sun Care / SPF,EltaMD UV (Sun Care),UV Clear Tinted Broad Spectrum SPF 46,EltaMD UV Clear Tinted Broad Spectrum SPF 46 is a lightweight sunscreen with a sheer tint to help even skin tone. Formulated with 5% Niacinamide (Vitamin B3) to help reduce the appearance of blemishes and discoloration on your skin for a more smooth appearance. This broad spectrum sunscreen contains micronized zinc oxide to protect your skin from damaging UVA (aging) and UVB (burning) rays. Ideal,n.a.,1.7 oz Tinted,Sunscreen,n.a.,02520A,eltamd.com,https://eltamd.com/products/eltamd-uv-clear-tinted-broad-spectrum-spf-46,Brand site,High,2026-08-31
CL-USA-ELTAMD-1464,USA,EltaMD,Skin Care,Sun Care / SPF,EltaMD UV (Sun Care),UV Daily Deep Tinted Broad Spectrum SPF 40,"EltaMD UV Daily Deep Tinted Broad Spectrum SPF 40 is a sheer, lightweight moisturizing sunscreen formulated with Hyaluronic Acid to boost skin hydration. Designed and tested on deeper skin tones, it is formulated with our Invisible Blend Technology that blends in sheer for a no white cast finish. It is ideal for daily use on normal, dry and combination skin types. This broad spectrum sunscreen con",n.a.,1.7 oz Tinted,Sunscreen,n.a.,61041954,eltamd.com,https://eltamd.com/products/eltamd-uv-daily-deep-tinted-broad-spectrum-spf-40,Brand site,High,2026-08-31
CL-USA-ELTAMD-1465,USA,EltaMD,Skin Care,Sun Care / SPF,EltaMD UV (Sun Care),UV Daily Hydration+ SPF 50,"EltaMD UV Daily Hydration+ is the sun protection dermatologists love, with the hydration of a serum* — a formula that combines SPF 50 and Hyaluronic Acid to deliver clinically proven 24-hour hydration**. UV Daily Hydration+ is uniquely formulated with advanced ZincAOXPro Technology, which features a proprietary blend of 4 antioxidants with Zinc Oxide to help protect skin against 5 key environmenta",n.a.,1.7 oz,Sunscreen,n.a.,211008,eltamd.com,https://eltamd.com/products/eltamd-uv-daily-hydration,Brand site,High,2026-08-31
CL-USA-ELTAMD-1466,USA,EltaMD,Skin Care,Sun Care / SPF,EltaMD UV (Sun Care),UV Daily Hydration+ Tinted SPF 50,"EltaMD UV Daily Hydration+ Tinted is the sun protection dermatologists love, with the hydration of a serum* — a formula that combines SPF 50 and Hyaluronic Acid to deliver clinically proven 24-hour hydration**. UV Daily Hydration+ Tinted is uniquely formulated with advanced Zinc-AOX Pro Technology, which features a blend of 4 antioxidants with Zinc Oxide to help protect skin against 5 key environm",n.a.,1.7 oz,Sunscreen,n.a.,211010,eltamd.com,https://eltamd.com/products/eltamd-uv-daily-hydration-tinted-spf-50,Brand site,High,2026-08-31
CL-USA-ELTAMD-1467,USA,EltaMD,Skin Care,Sun Care / SPF,EltaMD UV (Sun Care),UV Daily Limited Edition Bottle Broad Spectrum SPF 40,"Enjoy the same best-selling UV Daily SPF 40 you love, in a limited edition bottle In honor of Skin Cancer Awareness Month, we're introducing a limited-edition version of our bestselling UV Daily Broad Spectrum SPF 40. Created in collaboration with acclaimed artist Lucy Kirk, this special release features custom artwork that brings an uplifting, empowering perspective to sun protection, transformin",n.a.,1.7 oz,Sunscreen,n.a.,211015,eltamd.com,https://eltamd.com/products/eltamd-uv-daily-broad-spectrum-spf-40-limited-edition,Brand site,High,2026-08-31
CL-USA-ELTAMD-1468,USA,EltaMD,Skin Care,Sun Care / SPF,EltaMD UV (Sun Care),UV Daily Peptide Lip Balm SPF 40,"A skincare-infused lip balm and 100% mineral shield in one. This weightless formula glides on effortlessly to provide immediate visible relief for dry, cracked lips while delivering high-performance broad spectrum SPF 40 and 40-minute water resistance. Powered by a 3% Peptide Blend, 1% Hyaluronic Acid, and Cocoa Butter, it visibly smooths and perfects the lips with a transparent finish—leaving zer",n.a.,0.17 oz,Cream / Lotion,n.a.,211016,eltamd.com,https://eltamd.com/products/uv-daily-peptide-lip-balm-spf-40,Brand site,High,2026-08-31
CL-USA-ELTAMD-1469,USA,EltaMD,Skin Care,Sun Care / SPF,EltaMD UV (Sun Care),UV Daily Tinted Broad Spectrum SPF 40,"EltaMD UV Daily Broad Spectrum SPF 40 is a lightweight moisturizing sunscreen with a sheer tint to help even skin tone. Formulated with hyaluronic acid to help reduce the appearance of fine lines and wrinkles. It is ideal for daily use on normal, dry and combination skin. This broad spectrum sunscreen contains micronized zinc oxide to protect your skin from damaging UVA (aging) and UVB (burning) r",n.a.,0.5 oz Tinted Mini,Sunscreen,n.a.,02669,eltamd.com,https://eltamd.com/products/uv-daily-tinted-broad-spectrum-spf-40,Brand site,High,2026-08-31
CL-USA-ELTAMD-1470,USA,EltaMD,Skin Care,Sun Care / SPF,EltaMD UV (Sun Care),UV Daily Tinted Broad Spectrum SPF 40,"EltaMD UV Daily Broad Spectrum SPF 40 is a lightweight moisturizing sunscreen with a sheer tint to help even skin tone. Formulated with hyaluronic acid to help reduce the appearance of fine lines and wrinkles. It is ideal for daily use on normal, dry and combination skin. This broad spectrum sunscreen contains micronized zinc oxide to protect your skin from damaging UVA (aging) and UVB (burning) r",n.a.,1.7 oz Tinted,Sunscreen,n.a.,02269B,eltamd.com,https://eltamd.com/products/uv-daily-tinted-broad-spectrum-spf-40,Brand site,High,2026-08-31
CL-USA-ELTAMD-1471,USA,EltaMD,Skin Care,Sun Care / SPF,EltaMD UV (Sun Care),UV Elements Tinted Facial Sunscreen Broad-Spectrum SPF 44,EltaMD UV Elements Tinted Facial Sunscreen Broad-Spectrum SPF 44 creates a barrier from sun damage while giving skin a sun-kissed look. Its powerful moisturizers help balance skin while antioxidants provide an added layer of protection from free radicals.,n.a.,2 oz,Sunscreen,853569008556,88943355,Target,https://www.target.com/p/elta-md-uv-elements-tinted-facial-sunscreen-broad-spectrum-spf-44-2-oz/-/A-88943355,Retailer listing,High,2026-08-31
CL-USA-ELTAMD-1472,USA,EltaMD,Skin Care,Sun Care / SPF,EltaMD UV (Sun Care),UV Lip Balm Broad Spectrum SPF 36,EltaMD UV Lip Balm Broad Spectrum SPF 36 provides long lasting UVA & UVB protection while moisturizing chapped lips. (net wt .28 oz/8 g),n.a.,0.28 oz,Cream / Lotion,n.a.,02510A,eltamd.com,https://eltamd.com/products/uv-lip-balm-broad-spectrum-spf-36,Brand site,High,2026-08-31
CL-USA-ELTAMD-1473,USA,EltaMD,Skin Care,Sun Care / SPF,EltaMD UV (Sun Care),UV Lotion Broad Spectrum SPF 35,"EltaMD UV Lotion Broad Spectrum SPF 35 is a moisturizing sunscreen for the entire body. Use it every day to guard against sun damage and keep skin hydrated. EltaMD UV Lotion is formulated with zinc oxide to protect skin from UVA (aging) and UVB (burning) rays and hyaluronic acid to help retain moisture. EltaMD UV Lotion is fragrance-free, paraben-free, non-comedogenic, and hypoallergenic. (net wt",n.a.,3 oz,Cream / Lotion,n.a.,211006,eltamd.com,https://eltamd.com/products/eltamd-uv-lotion-broad-spectrum-spf-35,Brand site,High,2026-08-31
CL-USA-ELTAMD-1474,USA,EltaMD,Skin Care,Sun Care / SPF,EltaMD UV (Sun Care),UV Lotion Broad Spectrum SPF 35,"EltaMD UV Lotion Broad Spectrum SPF 35 is a moisturizing sunscreen for the entire body. Use it every day to guard against sun damage and keep skin hydrated. EltaMD UV Lotion is formulated with zinc oxide to protect skin from UVA (aging) and UVB (burning) rays and hyaluronic acid to help retain moisture. EltaMD UV Lotion is fragrance-free, paraben-free, non-comedogenic, and hypoallergenic. (net wt",n.a.,8 oz,Cream / Lotion,n.a.,02291A,eltamd.com,https://eltamd.com/products/eltamd-uv-lotion-broad-spectrum-spf-35,Brand site,High,2026-08-31
CL-USA-ELTAMD-1475,USA,EltaMD,Skin Care,Sun Care / SPF,EltaMD UV (Sun Care),UV Physical Broad Spectrum SPF 40 - Rosy Tint,EltaMD UV Physical Broad Spectrum SPF 40 sunscreen with a light rosy tint is ideal for those seeking UV protection with 100% mineral actives that will blend seamlessly into the skin. This gentle formula provides excellent protection against UVA (aging) and UVB (burning) rays. The light rosy tint helps even skin tone and blur imperfections and can be used alone or under makeup. (net wt 1.7 oz/48 g),n.a.,1.7 oz Rosy Tint,Sunscreen,n.a.,211000,eltamd.com,https://eltamd.com/products/eltamd-uv-physical-broad-spectrum-spf-40-rosy-tint,Brand site,High,2026-08-31
CL-USA-ELTAMD-1476,USA,EltaMD,Skin Care,Sun Care / SPF,EltaMD UV (Sun Care),UV Physical Broad Spectrum SPF 41,EltaMD UV Physical SPF 41 is an all mineral sunscreen formulated for sensitive & oily to normal skin. It is lightly tinted to even skin tone and provide excellent protection against UVA (aging) and UVB (burning) rays. UV Physical contains antioxidants to help protect your skin from environmental stressors and improve the visible signs of aging. Product can be used alone or under makeup. It is frag,n.a.,3 oz Tinted,Sunscreen,n.a.,02578B,eltamd.com,https://eltamd.com/products/eltamd-uv-physical-broad-spectrum-spf-41,Brand site,High,2026-08-31
CL-USA-ELTAMD-1477,USA,EltaMD,Skin Care,Sun Care / SPF,EltaMD UV (Sun Care),UV Pure Broad Spectrum SPF 47,"EltaMD UV Pure Broad Spectrum SPF 47 is a pure mineral active formula that is suitable for both adults and children. Children above the age of 3. It is lightweight, gentle, and water-resistant (80 minutes) making it suitable for any outdoor activity. It is formulated with photostable mineral active ingredients. It delivers broad-spectrum protection against UVA (aging) and UVB (burning) rays. EltaM",n.a.,4 oz,Sunscreen,n.a.,02582A,eltamd.com,https://eltamd.com/products/uv-pure-broad-spectrum-spf-47,Brand site,High,2026-08-31
CL-USA-ELTAMD-1478,USA,EltaMD,Skin Care,Sun Care / SPF,EltaMD UV (Sun Care),UV Restore Broad Spectrum SPF 40,"EltaMD UV Restore Broad Spectrum SPF 40 is a 100% physical sunscreen that visibly improves the appearance of sun-damaged skin. This formula contains squalene which restores your skin’s natural moisture and suppleness. Dermatologically tested and hypoallergenic, UV Restore is formulated with ginger root extract and saccharide isomerate which helps minimize the look of dark spots and helps reduce th",n.a.,0.5 oz Mini,Sunscreen,n.a.,02631A,eltamd.com,https://eltamd.com/products/eltamd-uv-restore-broad-spectrum-spf-40,Brand site,High,2026-08-31
CL-USA-ELTAMD-1479,USA,EltaMD,Skin Care,Sun Care / SPF,EltaMD UV (Sun Care),UV Restore Broad Spectrum SPF 40,"EltaMD UV Restore Broad Spectrum SPF 40 is a 100% physical sunscreen that visibly improves the appearance of sun-damaged skin. This formula contains squalene which restores your skin’s natural moisture and suppleness. Dermatologically tested and hypoallergenic, UV Restore is formulated with ginger root extract and saccharide isomerate which helps minimize the look of dark spots and helps reduce th",n.a.,1.7 oz,Sunscreen,n.a.,02633,eltamd.com,https://eltamd.com/products/eltamd-uv-restore-broad-spectrum-spf-40,Brand site,High,2026-08-31
CL-USA-ELTAMD-1480,USA,EltaMD,Skin Care,Sun Care / SPF,EltaMD UV (Sun Care),UV Restore Tinted Broad Spectrum SPF 40,"EltaMD UV Restore Broad Spectrum SPF 40 is a 100% physical sunscreen that improves sun-damaged skin. This advanced formula contains Squalane which restores skin’s natural moisture and suppleness. UV Restore is formulated with Ginger Root Extract and Saccharide Isomerate which promote a healthy complexion by improving skin smoothness, minimizing dark spots and reducing the appearance of fine lines",n.a.,0.5 oz Mini,Sunscreen,n.a.,02641A,eltamd.com,https://eltamd.com/products/eltamd-uv-restore-tinted-broad-spectrum-spf-40,Brand site,High,2026-08-31
CL-USA-ELTAMD-1481,USA,EltaMD,Skin Care,Sun Care / SPF,EltaMD UV (Sun Care),UV Restore Tinted Broad Spectrum SPF 40,"EltaMD UV Restore Broad Spectrum SPF 40 is a 100% physical sunscreen that improves sun-damaged skin. This advanced formula contains Squalane which restores skin’s natural moisture and suppleness. UV Restore is formulated with Ginger Root Extract and Saccharide Isomerate which promote a healthy complexion by improving skin smoothness, minimizing dark spots and reducing the appearance of fine lines",n.a.,1.7 oz Tinted,Sunscreen,n.a.,02643A,eltamd.com,https://eltamd.com/products/eltamd-uv-restore-tinted-broad-spectrum-spf-40,Brand site,High,2026-08-31
CL-USA-ELTAMD-1482,USA,EltaMD,Skin Care,Sun Care / SPF,EltaMD UV (Sun Care),UV Sheer Broad Spectrum SPF 50+,EltaMD UV Sheer Broad Spectrum SPF 50+ sunscreen provides excellent protection against UVA (aging) and UVB (burning) rays. It is water-resistant (80 minutes). (1.7 fl oz/50 mL) (3.0 fl oz/85 mL) Absorbs quickly into the skin with a transparent finish and does not ball up. Hydrating yet not greasy and helps to soothe heated skin. Antioxidant protection combats skin-aging free radicals associated wi,n.a.,1.7 oz,Sunscreen,n.a.,02536A,eltamd.com,https://eltamd.com/products/eltamd-uv-sheer-broad-spectrum-spf-50,Brand site,High,2026-08-31
CL-USA-ELTAMD-1483,USA,EltaMD,Skin Care,Sun Care / SPF,EltaMD UV (Sun Care),UV Sheer Broad Spectrum SPF 50+,EltaMD UV Sheer Broad Spectrum SPF 50+ sunscreen provides excellent protection against UVA (aging) and UVB (burning) rays. It is water-resistant (80 minutes). (1.7 fl oz/50 mL) (3.0 fl oz/85 mL) Absorbs quickly into the skin with a transparent finish and does not ball up. Hydrating yet not greasy and helps to soothe heated skin. Antioxidant protection combats skin-aging free radicals associated wi,n.a.,3.0 oz,Sunscreen,n.a.,02539A,eltamd.com,https://eltamd.com/products/eltamd-uv-sheer-broad-spectrum-spf-50,Brand site,High,2026-08-31
CL-USA-ELTAMD-1484,USA,EltaMD,Skin Care,Sun Care / SPF,EltaMD UV (Sun Care),UV Sheer Broad Spectrum SPF 50+ Face and Body Sunscreen,"Elta MD UV Sheer Broad Spectrum SPF 50+ is a light and airy sunscreen that won't leave your skin feeling heavy or greasy. This facial sunscreen offers up to 80 minutes of sweat and water-resistance, making it suitable for an active lifestyle.",n.a.,3 oz 2pk,Sunscreen,840229811205,91190980,Target,https://www.target.com/p/elta-md-uv-sheer-broad-spectrum-spf-50-3-oz-2-pack/-/A-91190980,Retailer listing,High,2026-08-31
CL-USA-ELTAMD-1485,USA,EltaMD,Skin Care,Sun Care / SPF,EltaMD UV (Sun Care),UV Skin Recovery Broad Spectrum SPF 50 Face Sunscreen,"EltaMD UV Skin Recovery SPF 50, a 100% mineral sunscreen powered by 2% AA Complex Barrier Repair Technology. Designed to protect, recover and strengthen even the most sensitive skin – like skin prone to rosacea, this SPF features a unique blend of gentle yet efficacious ingredients. Zinc Oxide provides broad-spectrum protection, Centella Asiatica calms and soothes, while a Ceramide Blend nourishes",n.a.,0.5 Oz Mini,Sunscreen,n.a.,222004,eltamd.com,https://eltamd.com/products/eltamd-uv-skin-recovery-broad-spectrum-spf-50,Brand site,High,2026-08-31
CL-USA-ELTAMD-1486,USA,EltaMD,Skin Care,Sun Care / SPF,EltaMD UV (Sun Care),UV Skin Recovery Broad Spectrum SPF 50 Face Sunscreen,"EltaMD UV Skin Recovery SPF 50, a 100% mineral sunscreen powered by 2% AA Complex Barrier Repair Technology. Designed to protect, recover and strengthen even the most sensitive skin – like skin prone to rosacea, this SPF features a unique blend of gentle yet efficacious ingredients. Zinc Oxide provides broad-spectrum protection, Centella Asiatica calms and soothes, while a Ceramide Blend nourishes",n.a.,1.7 oz,Sunscreen,n.a.,211004A,eltamd.com,https://eltamd.com/products/eltamd-uv-skin-recovery-broad-spectrum-spf-50,Brand site,High,2026-08-31
CL-USA-ELTAMD-1487,USA,EltaMD,Skin Care,Sun Care / SPF,EltaMD UV (Sun Care),UV Skin Recovery Red Color Correcting Green Tint Broad Spectrum SPF 50,"Winner of Allure Best of Beauty 2025: Breakthrough Award EltaMD UV Skin Recovery Red Color Correcting Green Tint Broad Spectrum SPF 50 to calm, correct, and protect your skin in one simple step. The skincare secret you've been seeing everywhere—a lightweight, 100% mineral sunscreen that instantly neutralizes the look of redness with its color-correcting green tint and patented AAComplex barrier te",n.a.,0.5 oz Mini,Sunscreen,n.a.,222005,eltamd.com,https://eltamd.com/products/eltamd-uv-skin-recovery-broad-spectrum-spf-50-red-color-correcting-face-sunscreen,Brand site,High,2026-08-31
CL-USA-ELTAMD-1488,USA,EltaMD,Skin Care,Sun Care / SPF,EltaMD UV (Sun Care),UV Skin Recovery Red Color Correcting Green Tint Broad Spectrum SPF 50,"Winner of Allure Best of Beauty 2025: Breakthrough Award EltaMD UV Skin Recovery Red Color Correcting Green Tint Broad Spectrum SPF 50 to calm, correct, and protect your skin in one simple step. The skincare secret you've been seeing everywhere—a lightweight, 100% mineral sunscreen that instantly neutralizes the look of redness with its color-correcting green tint and patented AAComplex barrier te",n.a.,1.7 oz Green Tint,Sunscreen,n.a.,211005A,eltamd.com,https://eltamd.com/products/eltamd-uv-skin-recovery-broad-spectrum-spf-50-red-color-correcting-face-sunscreen,Brand site,High,2026-08-31
CL-USA-ELTAMD-1489,USA,EltaMD,Skin Care,Sun Care / SPF,EltaMD UV (Sun Care),UV Sport Broad Spectrum SPF 50+,"EltaMD UV Sport Broad Spectrum SPF 50+ sunscreen is specially formulated for active lifestyles and is ideal for outdoor athletes. This water-resistant (80 minutes) sunscreen will not drip into the eyes and sting. UV Sport delivers broad spectrum protection against UVA (aging) and UVB (burning) rays. It is fragrance-free, paraben-free and hypoallergenic. (net wt 3 oz/86 g)(net wt 8 oz/226 g)",n.a.,3 oz,Sunscreen,n.a.,02287A,eltamd.com,https://eltamd.com/products/eltamd-uv-sport-broad-spectrum-spf-50,Brand site,High,2026-08-31
CL-USA-ELTAMD-1490,USA,EltaMD,Skin Care,Sun Care / SPF,EltaMD UV (Sun Care),UV Sport Broad Spectrum SPF 50+,"EltaMD UV Sport Broad Spectrum SPF 50+ sunscreen is specially formulated for active lifestyles and is ideal for outdoor athletes. This water-resistant (80 minutes) sunscreen will not drip into the eyes and sting. UV Sport delivers broad spectrum protection against UVA (aging) and UVB (burning) rays. It is fragrance-free, paraben-free and hypoallergenic. (net wt 3 oz/86 g)(net wt 8 oz/226 g)",n.a.,8 oz,Sunscreen,n.a.,02290,eltamd.com,https://eltamd.com/products/eltamd-uv-sport-broad-spectrum-spf-50,Brand site,High,2026-08-31
CL-USA-ELTAMD-1491,USA,EltaMD,Skin Care,Sun Care / SPF,EltaMD UV (Sun Care),UV Sport Broad Spectrum SPF 50+ Body Sunscreen,"EltaMD SPF 50 UV Sport Sunscreen is a non-greasy, high-performance sunscreen with broad spectrum protection and 9% micronized zinc oxide. It is water resistant for up to 80 minutes and includes soothing ingredients and organic linseed oil to help calm inflammation and keep skin hydrated.",n.a.,8 oz,Sunscreen,827854008743,91717038,Target,https://www.target.com/p/elta-md-uv-sport-spf-50-sunscreen-8-oz/-/A-91717038,Retailer listing,High,2026-08-31
CL-USA-ELTAMD-1492,USA,EltaMD,Skin Care,Sun Care / SPF,EltaMD UV (Sun Care),UV Stick Broad Spectrum SPF 50+,"EltaMD UV Stick Broad Spectrum SPF 50+ is a 100% mineral sunscreen stick with antioxidant protection that is easy to apply and ideal for on-the-go and reapplication. The mess-free formula is dermatologically tested and is great for adults and children. UV Stick is fragrance-free, paraben-free, dye-free, hypoallergenic, and non-comedogenic. (net wt 1.3 oz/37 g)",n.a.,1.3 oz,Stick / Solid,n.a.,07770A,eltamd.com,https://eltamd.com/products/eltamd-uv-stick-broad-spectrum-spf-50,Brand site,High,2026-08-31
CL-USA-ELTAMD-1493,USA,EltaMD,Skin Care,Sun Care / SPF,EltaMD UV (Sun Care),We Made Too Many: UV AOX Eye Broad Spectrum SPF 30,"A little oops — we made too many* Now 50% off. *Final Sale! This item expires October 2026 Lightweight and antioxidant-rich UV AOX Eye SPF 30 protects the delicate skin around the eyes, minimizes signs of fine lines, and brightens dark circles. The 100% mineral, non-irritating, hydrating formula is enriched with a powerful mix of skin-rejuvenating antioxidants to repair and strengthen the skin bar",n.a.,0.4 oz,Sunscreen,n.a.,07782A,eltamd.com,https://eltamd.com/products/uv-aox-eye-broad-spectrum-spf-30,Brand site,High,2026-08-31
CL-USA-FILORGA-1494,USA,Filorga,Skin Care,Moisturizer,Filorga,Filorga NCEF-REVITALIZE CREAM,n.a.,n.a.,n.a.,Cream / Lotion,n.a.,n.a.,filorga.com (brand store),https://us.filorga.com/collections/products,Brand site,Medium,2026-08-31
CL-USA-FILORGA-1495,USA,Filorga,Skin Care,Moisturizer,Filorga,Filorga OPTIM-EYES CONTOUR CREAM,n.a.,n.a.,n.a.,Cream / Lotion,n.a.,n.a.,filorga.com (brand store),https://us.filorga.com/collections/products,Brand site,Medium,2026-08-31
CL-USA-FILORGA-1496,USA,Filorga,Skin Care,Moisturizer,Filorga,Filorga OXYGEN-GLOW CREAM,n.a.,n.a.,n.a.,Cream / Lotion,n.a.,n.a.,filorga.com (brand store),https://us.filorga.com/collections/products,Brand site,Medium,2026-08-31
CL-USA-FILORGA-1497,USA,Filorga,Skin Care,Other Skin Care,Filorga,Filorga TIME-FILLER NIGHT 5XP,n.a.,n.a.,n.a.,n.a.,n.a.,n.a.,filorga.com (brand store),https://us.filorga.com/collections/products,Brand site,Medium,2026-08-31
CL-USA-FILORGA-1498,USA,Filorga,Skin Care,Other Skin Care,Filorga,Filorga TIME-FILLER SHOT 5XP,n.a.,n.a.,n.a.,n.a.,n.a.,n.a.,filorga.com (brand store),https://us.filorga.com/collections/products,Brand site,Medium,2026-08-31
CL-USA-IRISHSPRING-1499,USA,Irish Spring,Personal Care,Deodorant / Antiperspirant,Irish Spring,"Irish Spring Antiperspirant, Original, 2.7 Oz",n.a.,Original,2.7oz,Stick / Solid,798813455291,n.a.,n.a. (UPC database),https://www.upcitemdb.com/upc/798813455291,UPC database,Medium,2026-08-31
CL-USA-IRISHSPRING-1500,USA,Irish Spring,Personal Care,Deodorant / Antiperspirant,Irish Spring,"Irish Spring Antiperspirant, Original, 2.7 Oz","It's time to be your own man in a world where the old patterns, rules and stages of progression are being redefined. Achieving your dreams takes courage when it counts.",Original,n.a.,Stick / Solid,741655017769,n.a.,n.a. (UPC database),https://www.upcitemdb.com/upc/741655017769,UPC database,Medium,2026-08-31
CL-USA-IRISHSPRING-1501,USA,Irish Spring,Personal Care,Bar Soap,Irish Spring Bar Soap,3-in-1 Bar Soap in Sea Salt & Cedarwood,Irish Spring Active Scrub Deodorant Bar Soap,n.a.,n.a.,Bar,n.a.,n.a.,irishspring.com,https://www.irishspring.com/en-us/products-range/bar-soap/legends-sea-salt-bar-soap,Brand site,Medium,2026-08-31
CL-USA-IRISHSPRING-1502,USA,Irish Spring,Personal Care,Deodorant / Antiperspirant,Irish Spring Bar Soap,Active Scrub Deodorant Bar Soap,Irish Spring Active Scrub Deodorant Bar Soap,n.a.,n.a.,Bar,n.a.,n.a.,irishspring.com,https://www.irishspring.com/en-us/products-range/bar-soap/classic-aloe-mist-bar-soap-180gr,Brand site,Medium,2026-08-31
CL-USA-IRISHSPRING-1503,USA,Irish Spring,Personal Care,Bar Soap,Irish Spring Bar Soap,"Active Scrub, Exfoliating Bar Soap",n.a.,n.a.,n.a.,Bar,n.a.,n.a.,irishspring.com,https://www.irishspring.com/en-us/products-range/bar-soap/aloe-mist-bar-soap,Brand site,Medium,2026-08-31
CL-USA-IRISHSPRING-1504,USA,Irish Spring,Personal Care,Deodorant / Antiperspirant,Irish Spring Bar Soap,"Aloe Mist, Deodorant Bar Soap",n.a.,Aloe,n.a.,Bar,n.a.,n.a.,irishspring.com,https://www.irishspring.com/en-us/products-range/bar-soap/active-scrub-exfoliating-bar-soap,Brand site,Medium,2026-08-31
CL-USA-IRISHSPRING-1505,USA,Irish Spring,Personal Care,Deodorant / Antiperspirant,Irish Spring Bar Soap,Irish Spring Active Scrub Deodorant Bar Soap,Irish Spring Active Scrub Deodorant Bar Soap,n.a.,n.a.,Bar,n.a.,n.a.,irishspring.com,https://www.irishspring.com/en-us/products-range/bar-soap/classic-aloe-mist-bar-soap,Brand site,Medium,2026-08-31
CL-USA-IRISHSPRING-1506,USA,Irish Spring,Personal Care,Bar Soap,Irish Spring Bar Soap,Irish Spring Bar Soap,A cleansing bar soap for personal hygiene. Suitable for all skin types.,n.a.,n.a.,Bar,n.a.,1020569,CVS,https://www.cvs.com/shop/ingredients/irish-spring-bar-soap-prodid-1020569,Retailer listing,High,2026-08-31
CL-USA-IRISHSPRING-1507,USA,Irish Spring,Personal Care,Bar Soap,Irish Spring Bar Soap,Irish Spring Bar Soap - Moisture Blast,"Irish Spring Moisture Blast Deodorant Bar Soap for Men includes twelve 3.7 oz soap bars with a 98% naturally derived formula that keeps you fresh for 12 hours. It can be used as a hand soap or face wash and is paraben-free, phthalate-free, and gluten-free.",n.a.,3.7 oz 12pk,Bar,035000143280,14280513,Target,https://www.target.com/p/irish-spring-bar-soap-moisture-blast-3-7oz-12pk/-/A-14280513,Retailer listing,High,2026-08-31
CL-USA-IRISHSPRING-1508,USA,Irish Spring,Personal Care,Bar Soap,Irish Spring Bar Soap,Irish Spring Bar Soap - Moisture Blast 3.7oz/12pk,"Irish Spring Moisture Blast Bar Soap helps attract and lock in moisture while leaving skin feeling clean. It has a sudsy lather, can be used as hand soap, and features a 98% naturally derived formula with flaxseed oil.",n.a.,3.7 oz 12pk (44.4 oz net weight),Bar,035000143280,14280513,Target,https://www.target.com/p/irish-spring-moisture-blast-moisturizing-bar-soap-for-body-and-hands-washes-away-bacteria-12pk-3-7oz-each/-/A-14280513,Retailer listing,High,2026-08-31
CL-USA-IRISHSPRING-1509,USA,Irish Spring,Personal Care,Bar Soap,Irish Spring Bar Soap,Irish Spring Bar Soap - Original Clean,Contains twelve 3.7 oz Irish Spring Original Clean soap bars with a 98% naturally derived formula that keeps you fresh for 12 hours. The paraben- and phthalate-free bars contain flaxseed oil and can be used as hand soap or bath soap.,Original,3.7 oz 12ct,Bar,035000141125,14280514,Target,https://www.target.com/p/irish-spring-bar-soap-original-clean-3-7oz/-/A-14280514,Retailer listing,High,2026-08-31
CL-USA-IRISHSPRING-1510,USA,Irish Spring,Personal Care,Bar Soap,Irish Spring Bar Soap,Irish Spring Bar Soap - Original Clean,Irish Spring Original Bar Soap is a deodorant bar soap for men made with a 98% naturally derived formula that keeps you fresh for 12 hours and is suitable for all skin types. It can be used as a hand soap or face wash and contains flaxseed oil.,Original,3.7 oz 8ct,Bar,035000141101,89622981,Target,https://www.target.com/p/irish-spring-bar-soap-original-clean-3-7oz-8ct/-/A-89622981,Retailer listing,High,2026-08-31
CL-USA-IRISHSPRING-1511,USA,Irish Spring,Personal Care,Bar Soap,Irish Spring Bar Soap,Irish Spring Bar Soap - Original Clean - 3.7oz/12ct,Contains twelve 3.7 oz Irish Spring Original Clean soap bars for men. The paraben- and phthalate-free bars have a 98% naturally derived formula with flaxseed oil and are suitable for hand or whole-body use.,Original,3.7 oz 12ct,Bar,035000141125,14280514,Target,https://www.target.com/p/irish-spring-bar-soap-original-clean-3-7oz/-/A-87008219,Retailer listing,High,2026-08-31
CL-USA-IRISHSPRING-1512,USA,Irish Spring,Personal Care,Bar Soap,Irish Spring Bar Soap,Irish Spring Bar Soap - Original Clean 3.7oz,"Irish Spring Bar Soap for Men with Original Clean Scent contains twelve 3.7 oz soap bars. It has a 98% naturally derived formula, is paraben and phthalate free, and keeps you fresh for 12 hours.",Original,3.7 oz 12pk,Bar,035000141125,14280514,Target,https://www.target.com/p/-/A-14280514,Retailer listing,High,2026-08-31
CL-USA-IRISHSPRING-1513,USA,Irish Spring,Personal Care,Deodorant / Antiperspirant,Irish Spring Bar Soap,"Irish Spring Bar Soap for Men, Active Scrub Deodorant Bar Soap",Bar Soap,n.a.,n.a.,Bar,035000148940,n.a.,n.a. (brand SmartLabel),https://www.colgatepalmolive.com/en-us/smartlabel/35000148940,Brand site,High,2026-08-31
CL-USA-IRISHSPRING-1514,USA,Irish Spring,Personal Care,Deodorant / Antiperspirant,Irish Spring Bar Soap,"Irish Spring Bar Soap for Men, Aloe Mist Deodorant ...",Deodorant bar soap,Aloe,n.a.,Bar,035000141163,n.a.,n.a. (brand SmartLabel),https://www.colgatepalmolive.com/en-us/smartlabel/35000141163,Brand site,High,2026-08-31
CL-USA-IRISHSPRING-1515,USA,Irish Spring,Personal Care,Deodorant / Antiperspirant,Irish Spring Bar Soap,"Irish Spring Bar Soap for Men, Icy Blast Deodorant ...",Bar Soap,n.a.,n.a.,Bar,035000141255,n.a.,n.a. (brand SmartLabel),https://www.colgatepalmolive.com/en-us/smartlabel/35000141255,Brand site,High,2026-08-31
CL-USA-IRISHSPRING-1516,USA,Irish Spring,Personal Care,Bar Soap,Irish Spring Bar Soap,"Irish Spring Bar Soap for Men, Moisture Blast ...",Bar Soap,n.a.,n.a.,Bar,035000141064,n.a.,n.a. (brand SmartLabel),https://www.colgatepalmolive.com/en-us/smartlabel/35000141064,Brand site,High,2026-08-31
CL-USA-IRISHSPRING-1517,USA,Irish Spring,Personal Care,Deodorant / Antiperspirant,Irish Spring Bar Soap,"Irish Spring Bar Soap for Men, Original Clean Deodorant Bar Soap",Deodorant Bar Soap,Original,20 Pack,Bar,058000140509,n.a.,n.a. (brand SmartLabel),https://www.colgatepalmolive.com/en-us/smartlabel/58000140509,Brand site,High,2026-08-31
CL-USA-IRISHSPRING-1518,USA,Irish Spring,Personal Care,Deodorant / Antiperspirant,Irish Spring Bar Soap,"Irish Spring Bar Soap for Men, Original Clean Deodorant Bar Soap",Bar Soap,Original,n.a.,Bar,035000141033,n.a.,n.a. (brand SmartLabel),https://www.colgatepalmolive.com/en-us/smartlabel/35000141033,Brand site,High,2026-08-31
CL-USA-IRISHSPRING-1519,USA,Irish Spring,Personal Care,Bar Soap,Irish Spring Bar Soap,"Irish Spring Bar Soap, 3 Bars",Irish Spring Original Deodorant Bar Soap for Men has a 98% naturally derived formula that keeps you fresh for 12 hours and is suitable for all skin types. The package includes three 3.7 oz soap bars that can be used as hand soap or face wash.,n.a.,3.7 oz 3pk,Bar,n.a.,1020569,CVS Pharmacy,https://www.cvs.com/shop/irish-spring-bar-soap-prodid-1020569,Retailer listing,High,2026-08-31
CL-USA-IRISHSPRING-1520,USA,Irish Spring,Personal Care,Bar Soap,Irish Spring Bar Soap,"Irish Spring Bar Soap, 3/Pack","Irish Spring Original Deodorant Bar Soap has a crisp, classic, fresh, clean, and invigorating scent. It provides 12-hour deodorant protection and helps remove dirt, oil, and odor from the skin.",n.a.,3/Pack,Bar,n.a.,719237,CVS,https://es-qa2.cvs.com/shop/irish-spring-bar-soap-prodid-1020569,Retailer listing,High,2026-08-31
CL-USA-IRISHSPRING-1521,USA,Irish Spring,Personal Care,Bar Soap,Irish Spring Bar Soap,"Irish Spring Bar Soap, Aloe, 8 CT",Bar soap for cleansing and personal hygiene. Suitable for all skin types.,Aloe,8 CT,Bar,n.a.,683986,CVS,https://www.cvs.com/shop/ingredients/irish-spring-bar-soap-aloe-8-ct-prodid-683986,Retailer listing,High,2026-08-31
CL-USA-IRISHSPRING-1522,USA,Irish Spring,Personal Care,Bar Soap,Irish Spring Bar Soap,"Irish Spring Bar Soap, Original, 8 CT","Irish Spring Original Bar Soap is a deodorant bar soap with a 98% naturally derived formula that keeps you fresh for 12 hours and is suitable for all skin types. It can be used as a hand soap, face wash, or body soap.",Original,3.7 oz 8 ct,Bar,n.a.,902123,CVS,https://www.cvs.com/shop/irish-spring-bar-soap-original-8-ct-prodid-902123,Retailer listing,High,2026-08-31
CL-USA-IRISHSPRING-1523,USA,Irish Spring,Personal Care,Bar Soap,Irish Spring Bar Soap,"Irish Spring Bar Soap, Original, 8 CT",Bar soap for cleansing and personal hygiene. Suitable for all skin types.,Original,8 CT,Bar,n.a.,902123,CVS Pharmacy,https://www.cvs.com/shop/ingredients/irish-spring-bar-soap-original-8-ct-prodid-902123,Retailer listing,High,2026-08-31
CL-USA-IRISHSPRING-1524,USA,Irish Spring,Personal Care,Deodorant / Antiperspirant,Irish Spring Bar Soap,Irish Spring Deep Action Scrub Deodorant Soap Bars,"Irish Spring Deep Action Scrub Deodorant Soap combines the classic invigorating Irish Spring scent with biodegradable exfoliating micro-scrub beads for deep cleaning and odor control. Each bar helps remove dead skin cells, unclog pores, and neutralize odor-causing bacteria.",n.a.,3.7 oz 3pk,Stick / Solid,035000148940,1004888104,Target,https://www.target.com/p/irish-spring-deep-action-scrub-deodorant-soap-bars-3-count-3-7-oz-each/-/A-1004888104,Retailer listing,High,2026-08-31
CL-USA-IRISHSPRING-1525,USA,Irish Spring,Personal Care,Deodorant / Antiperspirant,Irish Spring Bar Soap,"Irish Spring Deodorant Bar Soap, Deep Action Scrub","Irish Spring deodorant bar soap in the Deep Action Scrub variant, packaged as six 3.7 oz bars.",n.a.,3.7 oz 6 bars,Bar,n.a.,245356,CVS,https://www.cvs.com/shop/ingredients/irish-spring-deodorant-bar-soap-deep-action-scrub-3-7-oz-6-bars-prodid-245356,Retailer listing,High,2026-08-31
CL-USA-IRISHSPRING-1526,USA,Irish Spring,Personal Care,Bar Soap,Irish Spring Bar Soap,Irish Spring Moisture Blast Bar Soap,"Irish Spring Moisture Blast Bar Soap deodorant bar soap for men is made with a 98% naturally derived formula that keeps you fresh for 12 hours and is suitable for all skin types. It can be used as a hand soap or face wash and is paraben, phthalate, and gluten free.",n.a.,3.7 oz 3pk,Bar,n.a.,872916,CVS,https://www.cvs.com/shop/irish-spring-moisture-blast-bar-soap-prodid-872916,Retailer listing,High,2026-08-31
CL-USA-IRISHSPRING-1527,USA,Irish Spring,Personal Care,Bar Soap,Irish Spring Bar Soap,"Irish Spring Moisture Blast Bar Soap, 3 Count","Irish Spring Moisture Blast Bar Soap helps attract and lock in moisture and is made with a 98% naturally derived formula. It is mild for skin, paraben, phthalate and gluten free, contains flaxseed oil, keeps you fresh for 12 hours, and can also be used as hand soap.",n.a.,"3 Ct, 0.1 lbs",Bar,n.a.,499113,CVS,https://es-qa2.cvs.com/shop/irish-spring-moisture-blast-bar-soap-prodid-872916,Retailer listing,High,2026-08-31
CL-USA-IRISHSPRING-1528,USA,Irish Spring,Personal Care,Bar Soap,Irish Spring Bar Soap,"Irish Spring Moisturizing Bar Soap, Aloe Vera, 12 Bars","Irish Spring Bar Soap has a 98% naturally derived formula that keeps you feeling fresh for 12 hours. It can be used as a hand soap, face wash, or body soap and is paraben-, phthalate-, and gluten-free.",Aloe,"3.7 oz, 12 bars",Bar,n.a.,342691,CVS,https://www.cvs.com/shop/irish-spring-moisturizing-bar-soap-aloe-vera-12-bars-prodid-342691,Retailer listing,High,2026-08-31
CL-USA-IRISHSPRING-1529,USA,Irish Spring,Personal Care,Bar Soap,Irish Spring Bar Soap,"Irish Spring, Bar Soap, Aloe",Bar Soap,Aloe,n.a.,Bar,035000144812,n.a.,n.a. (brand SmartLabel),https://www.colgatepalmolive.com/en-us/smartlabel/35000144812,Brand site,High,2026-08-31
CL-USA-IRISHSPRING-1530,USA,Irish Spring,Personal Care,Bar Soap,Irish Spring Bar Soap,"Irish Spring, Bar Soap, Moisture Blast",Bar Soap,n.a.,n.a.,Bar,035000141538,n.a.,n.a. (brand SmartLabel),https://www.colgatepalmolive.com/en-us/smartlabel/35000141538,Brand site,High,2026-08-31
CL-USA-IRISHSPRING-1531,USA,Irish Spring,Personal Care,Bar Soap,Irish Spring Bar Soap,Moisture Blast Bar Soap,Irish Spring Moisture Blast Bar Soap is a cleansing bar soap for personal hygiene. It is suitable for all skin types.,n.a.,1-10 ct,Bar,n.a.,872916,CVS,https://www.cvs.com/shop/ingredients/irish-spring-moisture-blast-bar-soap-prodid-872916,Retailer listing,High,2026-08-31
CL-USA-IRISHSPRING-1532,USA,Irish Spring,Personal Care,Bar Soap,Irish Spring Bar Soap,Moisture Blast Classic Bar Soap,Irish Spring Active Scrub Deodorant Bar Soap,n.a.,n.a.,Bar,n.a.,n.a.,irishspring.com,https://www.irishspring.com/en-us/products-range/bar-soap/classic-moisture-blast-bar-soap,Brand site,Medium,2026-08-31
CL-USA-IRISHSPRING-1533,USA,Irish Spring,Personal Care,Deodorant / Antiperspirant,Irish Spring Bar Soap,Original Deodorant Bar Soap,Irish Spring Active Scrub Deodorant Bar Soap,Original,n.a.,Bar,n.a.,n.a.,irishspring.com,https://www.irishspring.com/en-us/products-range/bar-soap/original-clean-mens-bar-soap,Brand site,Medium,2026-08-31
CL-USA-IRISHSPRING-1534,USA,Irish Spring,Personal Care,Body Wash,Irish Spring Body Wash,"Irish Spring 5 in 1 Hair, Face, and Body Wash","Hair, Face, and Body Wash",n.a.,18 fluid ounce,Liquid,035000466808,n.a.,n.a. (brand SmartLabel),https://www.colgatepalmolive.com/en-us/smartlabel/35000466808,Brand site,High,2026-08-31
CL-USA-IRISHSPRING-1535,USA,Irish Spring,Personal Care,Body Wash,Irish Spring Body Wash,"Irish Spring 5 in 1 Moisturizing Body Wash for Men, Golden Honey & Vetiver Scent",n.a.,n.a.,n.a.,Liquid,n.a.,n.a.,irishspring.com,https://www.irishspring.com/en-us/products-range/body-wash/5-in-1-moisturizing-body-wash-for-men-sea-salt-and-cedarwood-pump,Brand site,Medium,2026-08-31
CL-USA-IRISHSPRING-1536,USA,Irish Spring,Personal Care,Body Wash,Irish Spring Body Wash,"Irish Spring 5-in-1 Body Wash & Shampoo, 30 OZ",Irish Spring 5-in-1 Body Wash & Shampoo in a 30 OZ size. The page also references Irish Spring Gear 3-in-1 Body Wash.,n.a.,30 OZ,Liquid,n.a.,1013057,CVS,https://www.cvs.com/shop/irish-spring-5-in-1-body-wash-shampoo-30-oz-prodid-1013057,Retailer listing,High,2026-08-31
CL-USA-IRISHSPRING-1537,USA,Irish Spring,Personal Care,Body Wash,Irish Spring Body Wash,Irish Spring 5-in-1 Body Wash Pump for Men - Fresh Scent - 30 fl oz,"Moisturizing 5-in-1 body wash for men that works as shampoo, conditioner, face wash, body wash, and 24-hour deodorizer. It is paraben-free and phthalate-free, forms a rich lather, retains skin’s moisture, and is suitable for normal skin.",n.a.,"30 fl oz, 1 bottle",Liquid,035000994004,83278027,Target,https://www.target.com/p/irish-spring-5-in-1-body-wash-pump-for-men-fresh-scent-30-fl-oz/-/A-83278027,Retailer listing,High,2026-08-31
CL-USA-IRISHSPRING-1538,USA,Irish Spring,Personal Care,Body Wash,Irish Spring Body Wash,"Irish Spring 5-in-1 Body Wash, Sea Salt & Cedarwood, 20 OZ","A men's 5-in-1 body wash that combines shampoo, conditioner, body wash, face wash, and a 24-hour deodorizer. It is paraben-free, formulated without phthalates, and crafted to retain the skin's natural moisture.",n.a.,20 fl oz 1pk,Liquid,n.a.,472435,CVS,https://www.cvs.com/shop/irish-spring-5-in-1-body-wash-sea-salt-cedarwood-20-oz-prodid-472435,Retailer listing,High,2026-08-31
CL-USA-IRISHSPRING-1539,USA,Irish Spring,Personal Care,Body Wash,Irish Spring Body Wash,Irish Spring Active Scrub Body Wash,Body Wash,n.a.,20 FL OZ,Liquid,035000269218,n.a.,n.a. (brand SmartLabel),https://www.colgatepalmolive.com/en-us/smartlabel/35000269218,Brand site,High,2026-08-31
CL-USA-IRISHSPRING-1540,USA,Irish Spring,Personal Care,Body Wash,Irish Spring Body Wash,Irish Spring Aloe Mist Body Wash,Irish Spring Aloe Mist Body Wash in a 20 OZ size.,Aloe,20 OZ,Liquid,n.a.,493638,CVS,https://www.cvs.com/shop/irish-spring-aloe-mist-body-wash-20-oz-prodid-493638,Retailer listing,High,2026-08-31
CL-USA-IRISHSPRING-1541,USA,Irish Spring,Personal Care,Body Wash,Irish Spring Body Wash,"Irish Spring Body Wash for Men, Active Scrub ...",Body Wash,n.a.,n.a.,Liquid,827854011798,n.a.,n.a. (brand SmartLabel),https://www.colgatepalmolive.com/en-us/smartlabel/827854011798,Brand site,High,2026-08-31
CL-USA-IRISHSPRING-1542,USA,Irish Spring,Personal Care,Body Wash,Irish Spring Body Wash,"Irish Spring Body Wash for Men, Aloe Body Wash",Body Wash,Aloe,20 Oz,Liquid,035000269201,n.a.,n.a. (brand SmartLabel),https://www.colgatepalmolive.com/en-us/smartlabel/35000269201,Brand site,High,2026-08-31
CL-USA-IRISHSPRING-1543,USA,Irish Spring,Personal Care,Body Wash,Irish Spring Body Wash,"Irish Spring Body Wash for Men, Moisture Blast ...",Body Wash,n.a.,n.a.,Liquid,035000993991,n.a.,n.a. (brand SmartLabel),https://www.colgatepalmolive.com/en-us/smartlabel/35000993991,Brand site,High,2026-08-31
CL-USA-IRISHSPRING-1544,USA,Irish Spring,Personal Care,Body Wash,Irish Spring Body Wash,"Irish Spring Body Wash for Men, Mountain Chill Body Wash",Body Wash,n.a.,n.a.,Liquid,035000994745,n.a.,n.a. (brand SmartLabel),https://www.colgatepalmolive.com/en-us/smartlabel/35000994745,Brand site,High,2026-08-31
CL-USA-IRISHSPRING-1545,USA,Irish Spring,Personal Care,Body Wash,Irish Spring Body Wash,"Irish Spring Body Wash, Original, Original Clean","Irish Spring Body Wash, Original, Original Clean. The page states that purchasing 2 Irish Spring/Softsoap Body Wash or Irish Spring Bar Soap 12pk qualifies for $4 ExtraBucks Rewards.",Original,30 oz,Liquid,n.a.,1760357,CVS Pharmacy,https://www.cvs.com/shop/irish-spring-body-wash-original-30-oz-prodid-1760357,Retailer listing,High,2026-08-31
CL-USA-IRISHSPRING-1546,USA,Irish Spring,Personal Care,Body Wash,Irish Spring Body Wash,"Irish Spring Body Wash, Pure Fresh",Body Wash,n.a.,18 fluid ounce,Liquid,035000451095,n.a.,n.a. (brand SmartLabel),https://www.colgatepalmolive.com/en-us/smartlabel/35000451095,Brand site,High,2026-08-31
CL-USA-IRISHSPRING-1547,USA,Irish Spring,Personal Care,Body Wash,Irish Spring Body Wash,Irish Spring Deep Action Scrub Body Wash 20 OZ,"Irish Spring Active Scrub Exfoliating Face and Body Wash provides a deep, refreshing clean, exfoliates, retains the skin’s natural moisture, and delivers 24 hours of long-lasting freshness. The 20 fl oz bottle can be used as a men’s body wash, face wash, or hand soap.",n.a.,20 OZ,Liquid,n.a.,440694,CVS,https://www.cvs.com/shop/irish-spring-deep-action-scrub-body-wash-20-oz-prodid-440694,Retailer listing,High,2026-08-31
CL-USA-IRISHSPRING-1548,USA,Irish Spring,Personal Care,Body Wash,Irish Spring Body Wash,Irish Spring Gear 3-in-1 Body Wash,Irish Spring Gear 3-in-1 Body Wash.,n.a.,n.a.,Liquid,n.a.,1013057,CVS,https://www.cvs.com/shop/irish-spring-gear-3-in-1-body-wash-prodid-1013057,Retailer listing,High,2026-08-31
CL-USA-IRISHSPRING-1549,USA,Irish Spring,Personal Care,Body Wash,Irish Spring Body Wash,Irish Spring Moisture Blast Body Wash 20 OZ,"Irish Spring Moisture Blast Face and Body Wash for Men provides 24 hours of long-lasting freshness and is specially crafted to retain skin’s moisture. It has a sudsy lather and can be used as a body wash, hand soap, or face wash.",n.a.,20 fl oz 1pk,Liquid,n.a.,834048,CVS,https://www.cvs.com/shop/irish-spring-moisture-blast-body-wash-20-oz-prodid-834048,Retailer listing,High,2026-08-31
CL-USA-IRISHSPRING-1550,USA,Irish Spring,Personal Care,Body Wash,Irish Spring Body Wash,Irish Spring Original Clean Body Wash,"Irish Spring Original Clean Body Wash in a 20 OZ size. The page lists sodium C12-13 alketh sulfate, sodium laureth sulfate, and cocamidopropyl betaine as active ingredients.",Original,20 OZ,Liquid,n.a.,694556,CVS,https://www.cvs.com/shop/ingredients/irish-spring-original-clean-body-wash-20-oz-prodid-694556,Retailer listing,High,2026-08-31
CL-USA-IRISHSPRING-1551,USA,Irish Spring,Personal Care,Body Wash,Irish Spring Body Wash,Irish Spring Original Clean Body Wash 20 OZ,"Irish Spring Original Body and Face Wash for Men provides 24 hours of long-lasting freshness with a cool, outdoor-fresh scent. It is paraben free and formulated without phthalates.",Original,20 fl oz 1pk,Liquid,n.a.,694556,CVS Pharmacy,https://www.cvs.com/shop/irish-spring-original-clean-body-wash-20-oz-prodid-694556,Retailer listing,High,2026-08-31
CL-USA-IRISHSPRING-1552,USA,Irish Spring,Personal Care,Body Wash,Irish Spring Body Wash,Irish Spring Original Clean Body Wash Pump,Body wash,Original,30 oz,Liquid,035000993984,n.a.,n.a. (brand SmartLabel),https://www.colgatepalmolive.com/en-us/smartlabel/35000993984,Brand site,High,2026-08-31
CL-USA-IRISHSPRING-1553,USA,Irish Spring,Personal Care,Body Wash,Irish Spring Body Wash,Irish Spring Original Clean Body Wash for Men - 20 fl oz,"Irish Spring Original Body and Face Wash for Men provides 24 hours of long-lasting freshness with a cool, outdoor-fresh scent. It is paraben-free, formulated without phthalates, retains skin’s natural moisture, and is designed for use on both the face and body.",Original,20 fl oz 1ct,Liquid,035000996749,83278024,Target,https://www.target.com/p/irish-spring-original-clean-body-wash-for-men-20-fl-oz/-/A-83278024,Retailer listing,High,2026-08-31
CL-USA-IRISHSPRING-1554,USA,Irish Spring,Personal Care,Body Wash,Irish Spring Body Wash,Irish Spring Original Clean Body Wash for Men - 30 fl oz Pump,"Includes one 30 fl oz bottle of Irish Spring Body Wash for Men in the Original scent. The body wash can be used as a body wash and face wash, is paraben free and formulated without phthalates, and keeps you feeling fresh for 24 hours.",Original,30 fl oz 1 bottle,Liquid,035000993984,83278026,Target,https://www.target.com/p/irish-spring-original-clean-body-wash-for-men-30-fl-oz-pump/-/A-83278026,Retailer listing,High,2026-08-31
CL-USA-IRISHSPRING-1555,USA,Irish Spring,Personal Care,Body Wash,Irish Spring Body Wash,"Irish Spring Ultimate Wake Up Tea Tree Face & Body Wash for men, Moisturizing Body Wash Washes Away Bacteria",Body wash,n.a.,18 fluid ounce,Liquid,035000979926,n.a.,n.a. (brand SmartLabel),https://www.colgatepalmolive.com/en-us/smartlabel/35000979926,Brand site,High,2026-08-31
CL-USA-IRISHSPRING-1556,USA,Irish Spring,Personal Care,Body Wash,Irish Spring Body Wash,Moisture Blast Body Wash,Irish Spring Moisture Blast Body Wash in a 20 OZ size. The page lists active and inactive ingredients.,n.a.,20 OZ,Liquid,n.a.,834048,CVS,https://www.cvs.com/shop/ingredients/irish-spring-moisture-blast-body-wash-20-oz-prodid-834048,Retailer listing,High,2026-08-31
CL-USA-LADYSPEEDSTI-1557,USA,Lady Speed Stick,Personal Care,Deodorant / Antiperspirant,Lady Speed Stick,"Lady Speed Stick 48-Hour Antiperspirant Deodorant Gel Fresh Fusion Scent, Powerful Odor Defense",Lady Speed Stick 48-Hour Antiperspirant Deodorant Gel provides powerful odor defense and extended sweat protection in a refreshing gel formula. The clear gel applies smoothly and dries quickly without leaving residue or white marks.,n.a.,2.3 oz 1 count,Paste / Gel,022200000307,1008634995,Target,https://www.target.com/p/lady-speed-stick-48-hour-antiperspirant-deodorant-gel-fresh-fusion-scent-powerful-odor-defense-2-3-oz/-/A-1008634995,Retailer listing,High,2026-08-31
CL-USA-LADYSPEEDSTI-1558,USA,Lady Speed Stick,Personal Care,Deodorant / Antiperspirant,Lady Speed Stick,Lady Speed Stick Antiperspirant Deodorant for Women Powder Fresh Scent 1.4 oz Stick,Lady Speed Stick Antiperspirant Deodorant Stick is your trusted solution for all-day protection and confidence. Designed specifically for women this antiperspirant delivers 72 HR sweat and odor protection with a Powder Fresh scent that keeps you feeling dry and confident throughout your day. Engineered for comfort and control the unique comfort guard applicator delivers a smooth precise glide and even coverage every time. With invisible dry protection Lady Speed Stick keeps you dry and confident,n.a.,n.a.,Stick / Solid,022200963695,n.a.,n.a. (UPC database),https://www.upcitemdb.com/upc/022200963695,UPC database,Medium,2026-08-31
CL-USA-LADYSPEEDSTI-1559,USA,Lady Speed Stick,Personal Care,Deodorant / Antiperspirant,Lady Speed Stick,Lady Speed Stick Antiperspirant Deodorant for Women Shower Fresh Scent 2.3 oz Stick (2 Pack),Lady Speed Stick Antiperspirant Deodorant Stick is your trusted solution for all-day protection and confidence. Designed specifically for women this antiperspirant delivers 72 HR sweat and odor protection with a Shower Fresh scent that keeps you feeling dry and confident throughout your day. Engineered for comfort and control the unique comfort guard applicator delivers a smooth precise glide and even coverage every time. With invisible dry protection Lady Speed Stick keeps you dry and confident,n.a.,n.a.,Stick / Solid,022200954563,n.a.,n.a. (UPC database),https://www.upcitemdb.com/upc/022200954563,UPC database,Medium,2026-08-31
CL-USA-LADYSPEEDSTI-1560,USA,Lady Speed Stick,Personal Care,Deodorant / Antiperspirant,Lady Speed Stick,"Lady Speed Stick Antiperspirant Deodorant, Power, Wild Freesia - 2.3 oz Twin Pack","Lady Speed Stick Power Invisible Solid Women's Anti-Perspirant & Deodorant, Wild Freesia, 2.3 Oz, 2 Ct",n.a.,n.a.,Stick / Solid,022200447072,n.a.,n.a. (UPC database),https://www.upcitemdb.com/upc/022200447072,UPC database,Medium,2026-08-31
CL-USA-LADYSPEEDSTI-1561,USA,Lady Speed Stick,Personal Care,Deodorant / Antiperspirant,Lady Speed Stick,"Lady Speed Stick Zero Deodorant Stick Simply Clean Scent, Aluminum-Free Formula for Daily Freshness, 2.3 Oz","Lady Speed Stick Zero Deodorant Stick offers aluminum-free odor protection with a clean, everyday Simply Clean scent. The solid stick glides on smoothly, dries comfortably, and is designed for daily freshness without reducing sweat.",n.a.,2.3 oz 1 count,Stick / Solid,022200469708,1008635015,Target,https://www.target.com/p/lady-speed-stick-zero-deodorant-stick-simply-clean-scent-aluminum-free-formula-for-daily-freshness-2-3-oz/-/A-1008635015,Retailer listing,High,2026-08-31
CL-USA-LADYSPEEDSTI-1562,USA,Lady Speed Stick,Personal Care,Deodorant / Antiperspirant,Lady Speed Stick,"Lady Speed Stick Zero Deodorant for Women Rose Petals Scent, Aluminum-Free Fresh Odor Protection, 2.1 Oz","Lady Speed Stick Zero Deodorant for Women delivers fresh odor protection in an aluminum-free solid stick formula. The Rose Petals scent provides a soft, floral fragrance for everyday use.",n.a.,2.1 oz 1pk,Stick / Solid,035000001917,1008635034,Target,https://www.target.com/p/lady-speed-stick-zero-deodorant-for-women-rose-petals-scent-aluminum-free-fresh-odor-protection-2-1-oz/-/A-1008635034,Retailer listing,High,2026-08-31
CL-USA-LADYSPEEDSTI-1563,USA,Lady Speed Stick,Personal Care,Deodorant / Antiperspirant,Lady Speed Stick,Lady Speed Stick Zero Female Deodorant Stick Purely Fresh 2.3oz / 65g,Lady Speed Stick Zero Purely Fresh Female Deodorant offers reliable 24 hour odor protection which will keep you smelling great and feeling great as you power through your day. Our latest innovation Lady Speed Stick Zero Deodorant contains a formula free from aluminum alcohol dyes and parabens. It is also dermatologist tested. This invisible solid glides on easily and goes on clear for added confidence. Lady Speed Stick Zero women?s deodorant gives you the power to Be Unstoppable. Lady Speed Stic,n.a.,n.a.,Stick / Solid,022200469692,n.a.,n.a. (UPC database),https://www.upcitemdb.com/upc/022200469692,UPC database,Medium,2026-08-31
CL-USA-LADYSPEEDSTI-1564,USA,Lady Speed Stick,Personal Care,Deodorant / Antiperspirant,Lady Speed Stick,"Lady Speed Stick Zero Natural Antiperspirant Deodorant Simply Clean Scent, Gentle Sweat Protection","Lady Speed Stick Zero Natural Antiperspirant Deodorant provides gentle sweat protection and helps manage odor. The Simply Clean scent delivers a crisp, fresh fragrance, and the smooth solid applies easily and dries quickly without residue.",n.a.,1.4 oz 1pk,Stick / Solid,035000970916,1008635055,Target,https://www.target.com/p/lady-speed-stick-zero-natural-antiperspirant-deodorant-simply-clean-scent-gentle-sweat-protection-1-4-oz/-/A-1008635055,Retailer listing,High,2026-08-31
CL-USA-LADYSPEEDSTI-1565,USA,Lady Speed Stick,Personal Care,Deodorant / Antiperspirant,Lady Speed Stick Invisible Dry,Lady Speed Stick Invisible Dry & Deodorant No white Residue 1.4 oz 6 Pack,Lady Speed Stick Invisible Dry Shower Fresh Antiperspirant Deordorant 1.4 oz 1.4 oz,n.a.,n.a.,Stick / Solid,794437363400,n.a.,n.a. (UPC database),https://www.upcitemdb.com/upc/794437363400,UPC database,Medium,2026-08-31
CL-USA-LADYSPEEDSTI-1566,USA,Lady Speed Stick,Personal Care,Deodorant / Antiperspirant,Lady Speed Stick Invisible Dry,Lady Speed Stick Invisible Dry Antiperspirant Deodorant ...,Antiperspirant deodorant,n.a.,n.a.,Stick / Solid,022200954402,n.a.,n.a. (brand SmartLabel),https://www.colgatepalmolive.com/en-us/smartlabel/22200954402,Brand site,High,2026-08-31
CL-USA-LADYSPEEDSTI-1567,USA,Lady Speed Stick,Personal Care,Deodorant / Antiperspirant,Lady Speed Stick Invisible Dry,"Lady Speed Stick Invisible Dry Antiperspirant Deodorant Powder Fresh Scent, 24-Hour Protection, 1.4 Oz","Lady Speed Stick Invisible Dry Antiperspirant Deodorant offers 24-hour protection against sweat and odor with a clean Powder Fresh scent. Designed to go on clear, the Invisible Dry formula helps prevent white marks on clothing while keeping underarms dry and comfortable.",n.a.,1.4 oz 1-pack,Stick / Solid,022200963695,1008634989,Target,https://www.target.com/p/lady-speed-stick-invisible-dry-antiperspirant-deodorant-powder-fresh-scent-24-hour-protection-1-4-oz/-/A-1008634989,Retailer listing,High,2026-08-31
CL-USA-LADYSPEEDSTI-1568,USA,Lady Speed Stick,Personal Care,Deodorant / Antiperspirant,Lady Speed Stick Invisible Dry,"Lady Speed Stick Invisible Dry Antiperspirant Deodorant Shower Fresh Scent, All-Day Odor Control","Lady Speed Stick Invisible Dry Antiperspirant Deodorant is designed to deliver all-day odor and sweat control with a clean, refreshing feel. Its Invisible Dry formula applies smoothly and dries quickly, helping prevent white marks on clothing while keeping underarms comfortable.",n.a.,1.4 oz 1ct,Stick / Solid,022200962995,1008634979,Target,https://www.target.com/p/lady-speed-stick-invisible-dry-antiperspirant-deodorant-shower-fresh-scent-all-day-odor-control-1-4-oz/-/A-1008634979,Retailer listing,High,2026-08-31
CL-USA-LADYSPEEDSTI-1569,USA,Lady Speed Stick,Personal Care,Deodorant / Antiperspirant,Lady Speed Stick Invisible Dry,"Lady Speed Stick Invisible Dry Antiperspirant Deodorant Shower Fresh Scent, Long-Lasting Freshness, 2.3 Oz","Lady Speed Stick Invisible Dry Antiperspirant Deodorant offers long-lasting freshness with a clean Shower Fresh scent. The Invisible Dry formula applies smoothly and dries quickly, helping prevent white marks on clothing while reducing underarm wetness and controlling odor.",n.a.,2.3 oz 1pk,Stick / Solid,022200954419,1008634968,Target,https://www.target.com/p/lady-speed-stick-invisible-dry-antiperspirant-deodorant-shower-fresh-scent-long-lasting-freshness-2-3-oz/-/A-1008634968,Retailer listing,High,2026-08-31
CL-USA-LADYSPEEDSTI-1570,USA,Lady Speed Stick,Personal Care,Deodorant / Antiperspirant,Lady Speed Stick Invisible Dry,"Lady Speed Stick Invisible Dry Antiperspirant Deodorant Wild Freesia Scent, Fresh Protection, 2.3 Oz","Lady Speed Stick Invisible Dry Antiperspirant Deodorant delivers dependable sweat and odor protection with a light, refreshing Wild Freesia scent. Designed to apply clear, the Invisible Dry formula helps prevent visible marks on clothing while keeping underarms dry throughout the day.",n.a.,2.3 oz 1ct,Stick / Solid,022200960526,1008635016,Target,https://www.target.com/p/lady-speed-stick-invisible-dry-antiperspirant-deodorant-wild-freesia-scent-fresh-protection-2-3-oz/-/A-1008635016,Retailer listing,High,2026-08-31
CL-USA-LADYSPEEDSTI-1571,USA,Lady Speed Stick,Personal Care,Deodorant / Antiperspirant,Lady Speed Stick Invisible Dry,"Lady Speed Stick Invisible Dry Antiperspirant Deodorant, Smooth Application with All-Day Odor Control","Lady Speed Stick Invisible Dry Antiperspirant Deodorant is designed to provide smooth application and all-day odor control. The Invisible Dry formula goes on clear, helping prevent white marks on clothing while keeping underarms dry and comfortable.",n.a.,2.3 oz 1ct,Stick / Solid,022200954402,1008635007,Target,https://www.target.com/p/lady-speed-stick-invisible-dry-antiperspirant-deodorant-smooth-application-with-all-day-odor-control-2-3-oz/-/A-1008635007,Retailer listing,High,2026-08-31
CL-USA-LADYSPEEDSTI-1572,USA,Lady Speed Stick,Personal Care,Deodorant / Antiperspirant,Lady Speed Stick Invisible Dry,Lady Speed Stick Invisible Dry Power Antiperspirant Deodorant ...,Antiperspirant Deodorant,n.a.,n.a.,Stick / Solid,022200000307,n.a.,n.a. (brand SmartLabel),https://www.colgatepalmolive.com/en-us/smartlabel/22200000307,Brand site,High,2026-08-31
CL-USA-LADYSPEEDSTI-1573,USA,Lady Speed Stick,Personal Care,Deodorant / Antiperspirant,Lady Speed Stick Invisible Dry,"Lady Speed Stick Invisible Dry Power Antiperspirant Deodorant Wild Freesia Scent, Sweat Control","Lady Speed Stick Invisible Dry Power Antiperspirant Deodorant is designed to deliver strong sweat control with a smooth, clear application. The Wild Freesia scent provides a light floral fragrance, while the Invisible Dry formula helps prevent white marks on clothing.",n.a.,1.4 oz 1pk,Stick / Solid,022200963435,1008635048,Target,https://www.target.com/p/lady-speed-stick-invisible-dry-power-antiperspirant-deodorant-wild-freesia-scent-sweat-control-1-4-oz/-/A-1008635048,Retailer listing,High,2026-08-31
CL-USA-LADYSPEEDSTI-1574,USA,Lady Speed Stick,Personal Care,Deodorant / Antiperspirant,Lady Speed Stick Invisible Dry,Lady Speed Stick Invisible Dry Shower Fresh / STICK,Active Ingredients: ALUMINUM ZIRCONIUM TETRACHLOROHYDREX GLY 180mg/g,n.a.,Pack of 1,Stick / Solid,022200000109,n.a.,n.a. (UPC database),https://www.upcitemdb.com/upc/022200000109,UPC database,Medium,2026-08-31
CL-USA-LADYSPEEDSTI-1575,USA,Lady Speed Stick,Personal Care,Deodorant / Antiperspirant,Lady Speed Stick Invisible Dry,Lady Speed Stick Invisible Dry Solid Antiperspirant & Deodorant,"Lady Speed Stick Invisible Dry Solid Antiperspirant & Deodorant is designed for women and provides 72-hour sweat and odor protection with a Shower Fresh scent. The solid stick features invisible dry protection and a unique comfort guard applicator for smooth, precise application and even coverage.",n.a.,2.3 oz 2pk,Stick / Solid,022200954563,14384069,Target,https://www.target.com/p/lady-speed-stick-invisible-dry-antiperspirant-38-deodorant-for-women-shower-fresh-trial-size-2-3oz-2pk/-/A-14384069,Retailer listing,High,2026-08-31
CL-USA-LADYSPEEDSTI-1576,USA,Lady Speed Stick,Personal Care,Deodorant / Antiperspirant,Lady Speed Stick Invisible Dry,Lady Speed Stick Invisible Dry Solid Antiperspirant & Deodorant - Shower Fresh,Lady Speed Stick Invisible Dry Solid Antiperspirant & Deodorant is designed for women and provides 72-hour sweat and odor protection with a Shower Fresh scent. The solid stick features invisible dry protection and a comfort guard applicator for smooth application.,n.a.,2.3 oz 2pk,Stick / Solid,022200954563,14384069,Target,https://www.target.com/p/lady-speed-stick-invisible-dry-antiperspirant-38-deodorant-for-women-shower-fresh-2-3oz-2pk/-/A-14384069,Retailer listing,High,2026-08-31
CL-USA-PCASKIN-1577,USA,PCA SKIN,Skin Care,Other Skin Care,PCA SKIN,Acne Control Set,"Add to cart & enjoy 20% Off PCA SKIN Acne Control Set is a two-month regimen featuring our best-selling products that work together to dramatically improve acne and blemishes, while preventing future breakouts. A comprehensive regimen to effectively clear blemishes quickly and prevent future breakouts from occurring Liquid benzoyl peroxide penetrates pores to eliminate acne at the source Pure reti",n.a.,n.a.,n.a.,n.a.,VB-ACS,pcaskin.com,https://pcaskin.com/products/acne-control-set,Brand site,High,2026-08-31
CL-USA-PCASKIN-1578,USA,PCA SKIN,Skin Care,Serum / Treatment,PCA SKIN,Acne Gel,"PCA SKIN Acne Gel is an advanced formula made with our innovative OmniSome delivery system, allowing for twice as much Salicylic Acid to reach the skin*. This cutting-edge gel quickly improves the appearance of breakouts in as early as three days. KEY BENEFITS Quickly improve the appearance of breakouts in as early as three days Effectively clears existing and future breakouts with continued use F",n.a.,n.a.,Paste / Gel,n.a.,23375,pcaskin.com,https://pcaskin.com/products/acne-gel,Brand site,High,2026-08-31
CL-USA-PCASKIN-1579,USA,PCA SKIN,Skin Care,Serum / Treatment,PCA SKIN,Anti-Redness Serum,"PCA SKIN Anti-Redness Serum calms, soothes and improves the appearance of sensitive skin prone to redness. Fast redness reduction for sensitive skin types Instant soothing effect for skin in harsh climates Calms reddened skin post-exercise",n.a.,n.a.,Serum / Treatment,n.a.,21146,pcaskin.com,https://pcaskin.com/products/anti-redness-serum,Brand site,High,2026-08-31
CL-USA-PCASKIN-1580,USA,PCA SKIN,Skin Care,Serum / Treatment,PCA SKIN,Body Therapy,"PCA SKIN Body Therapy is a therapeutic full body moisturizer hydrates the skin, and encourages an even complexion and smooth skin texture. This full body cream smooths skin surface texture and moisturizes the skin, leaving it hydrated and radiant Advanced ingredients hold moisture within the skin This velvety formula softens the skin and maintains moisture without greasiness",n.a.,n.a.,Serum / Treatment,n.a.,13784,pcaskin.com,https://pcaskin.com/products/body-therapy,Brand site,High,2026-08-31
CL-USA-PCASKIN-1581,USA,PCA SKIN,Skin Care,Other Skin Care,PCA SKIN,C&E Advanced,"PCA SKIN C&E Advanced antioxidant treatment diminishes dark spots, soothes irritated skin, and reduces the signs of aging. It is formulated with potent, therapeutic levels of Vitamin C (L-ascorbic acid) and Vitamin E (tocopherol) to repair, protect, and brighten the skin. Includes the advanced corrective ingredients hexylresorcinol and silymarin Features a stable, anhydrous formula that prevents a",n.a.,n.a.,n.a.,n.a.,21188,pcaskin.com,https://pcaskin.com/products/c-and-e-advanced,Brand site,High,2026-08-31
CL-USA-PCASKIN-1582,USA,PCA SKIN,Skin Care,Other Skin Care,PCA SKIN,C&E Strength Max,"PCA SKIN C&E Strength Max antioxidant formulation combines maximum strength pure vitamin C and pure vitamin E to strengthen skin, minimizing the appearance of fine lines and wrinkles. Maximum concentration of pure vitamins C and E delivers unmatched results Minimizes fine lines and wrinkles, and evens skin tone Stronger, smoother skin seen in as little as one week For those who can tolerate 20% pu",n.a.,n.a.,n.a.,n.a.,21166,pcaskin.com,https://pcaskin.com/products/c-and-e-strength-max,Brand site,High,2026-08-31
CL-USA-PCASKIN-1583,USA,PCA SKIN,Skin Care,Serum / Treatment,PCA SKIN,C-Quench® Antioxidant Serum,"PCA SKIN C-Quench® Antioxidant Serum targets fine lines, wrinkles, and uneven skin tone. This advanced formula features a potent blend of Vitamin C and stem cell extracts to hydrate and strengthen the skin. Hydrates and strengthens the skin for a more youthful-looking complexion Provides superior antioxidant protection from environmental pollutants and aging UV rays.",n.a.,n.a.,Serum / Treatment,n.a.,21130,pcaskin.com,https://pcaskin.com/products/c-quench-antioxidant-serum,Brand site,High,2026-08-31
CL-USA-PCASKIN-1584,USA,PCA SKIN,Skin Care,Moisturizer,PCA SKIN,Clearskin,"PCA SKIN Clearskin is a nourishing and lightweight moisturizer that is the perfect balance for your complexion. This quick-absorbing, non-oily formula hydrates, calms, and soothes the skin. Helps reduce the appearance of discolorations due to breakouts Formulated with targeted ingredients to balance moisture levels Contains plant extracts to purify and calm the skin",n.a.,n.a.,Cream / Lotion,n.a.,21134,pcaskin.com,https://pcaskin.com/products/clearskin-moisturizer,Brand site,High,2026-08-31
CL-USA-PCASKIN-1585,USA,PCA SKIN,Skin Care,Serum / Treatment,PCA SKIN,CliniCalm™ 1%,"PCA SKIN CliniCalm™ 1% is a soothing therapeutic treatment with maximum strength 1% hydrocortisone to soothe and provide temporary relief of itching and irritation. Calming ingredient blend soothes the skin after non-invasive professional treatments, waxing and shaving Ideal for itch and irritation relief due to eczema, psoriasis, dermatitis or other topical allergens Soothes the skin, relieving r",n.a.,n.a.,Serum / Treatment,n.a.,21168,pcaskin.com,https://pcaskin.com/products/clinicalm-tm-1pct,Brand site,High,2026-08-31
CL-USA-PCASKIN-1586,USA,PCA SKIN,Skin Care,Moisturizer,PCA SKIN,Collagen Hydrator,"PCA SKIN Collagen Hydrator is a rich moisturizer that revitalizes skin from the inside out, crafted to firm, soothe, and soften the skin. Shea butter and Sweet almond extract work together to leave skin supple every day. Features fruit extracts, including olive and almond, to infuse the skin with powerful antioxidants Contains a blend of rich moisturizing ingredients designed to hydrate and smooth",n.a.,n.a.,Cream / Lotion,n.a.,21108,pcaskin.com,https://pcaskin.com/products/collagen-hydrator,Brand site,High,2026-08-31
CL-USA-PCASKIN-1587,USA,PCA SKIN,Skin Care,Cleanser,PCA SKIN,Creamy Cleanser,"PCA SKIN Creamy Cleanser is a gentle, hydrating cleanser that effectively removes dirt, debris, and makeup without stripping the skin of its essential moisture. Beneficial oils leave skin smoother and firmer This creamy, soothing cleanser leaves skin soft and not tight Users can expect radiant, younger-looking skin with consistent use",n.a.,n.a.,Liquid,n.a.,21124,pcaskin.com,https://pcaskin.com/products/creamy-cleanser,Brand site,High,2026-08-31
CL-USA-PCASKIN-1588,USA,PCA SKIN,Skin Care,Cleanser,PCA SKIN,Daily Cleansing Oil,"PCA SKIN Daily Cleansing Oil gently dissolves makeup, oil, and daily impurities with this lightweight pre-cleansing oil, purifying the skin while leaving it feeling hydrated and soft. Effectively dissolves stubborn dirt, oil, and debris, including full-face makeup Hydrates and softens the skin without leaving a greasy residue Formulated to be suitable for all skin types, from dry to oily",n.a.,n.a.,Liquid,n.a.,21123,pcaskin.com,https://pcaskin.com/products/daily-cleansing-oil,Brand site,High,2026-08-31
CL-USA-PCASKIN-1589,USA,PCA SKIN,Skin Care,Other Skin Care,PCA SKIN,Daily Exfoliant,"PCA SKIN Daily Exfoliant gently polishes away dead skin cells to reveal radiant, younger-looking skin with this daily-use, moisturizing exfoliant. Light, gentle exfoliant that is suitable for all skin types Removes dirt, debris, and impurities from the skin Contains 100% biodegradable and renewable exfoliants",n.a.,n.a.,n.a.,n.a.,21111,pcaskin.com,https://pcaskin.com/products/daily-exfoliant,Brand site,High,2026-08-31
CL-USA-PCASKIN-1590,USA,PCA SKIN,Skin Care,Serum / Treatment,PCA SKIN,Detoxifying Mask,"PCA SKIN Detoxifying Mask is an at-home charcoal mask that minimizes the appearance of pores while absorbing excess dirt, oil, and debris trapped deep within them. Japanese white charcoal and clay absorb excess dirt, oil and debris Minimizes the appearance of pores Deeply detoxifies pores and helps support a clear complexion",n.a.,n.a.,Serum / Treatment,n.a.,21121,pcaskin.com,https://pcaskin.com/products/detoxifying-mask,Brand site,High,2026-08-31
CL-USA-PCASKIN-1591,USA,PCA SKIN,Skin Care,Serum / Treatment,PCA SKIN,Dual Action Redness Relief,"PCA SKIN Dual Action Redness Relief improves skin’s barrier function while reducing sensitivity and redness with this restorative treatment featuring niacinamide, ceramides, and protective agents. Starts reducing redness and inflammation on contact with the skin Improves the skin’s barrier function for long-term relief from redness and sensitivity Calms and soothes compromised skin, even after pro",n.a.,n.a.,Serum / Treatment,n.a.,21149,pcaskin.com,https://pcaskin.com/products/dual-action-redness-relief,Brand site,High,2026-08-31
CL-USA-PCASKIN-1592,USA,PCA SKIN,Skin Care,Serum / Treatment,PCA SKIN,ExLinea® Peptide Smoothing Serum,"PCA SKIN ExLinea® Peptide Smoothing Serum is a targeted peptide spot treatment expertly formulated to minimize the appearance of expression lines, particularly those caused by repeated facial muscle movements. Firms, tightens, and strengthens aging skin Hydrates and smooths the skin for a more youthful appearance",n.a.,n.a.,Serum / Treatment,n.a.,21144,pcaskin.com,https://pcaskin.com/products/exlinea-peptide-smoothing-serum,Brand site,High,2026-08-31
CL-USA-PCASKIN-1593,USA,PCA SKIN,Skin Care,Serum / Treatment,PCA SKIN,ExLinea® Pro Peptide Serum,"PCA SKIN ExLinea® Pro Peptide Serum dramatically minimizes the appearance of fine lines and wrinkles with this advanced neuropeptide spot treatment. Formulated with our proprietary technology, Peptide-Pro Complex, this powerful blend contains four unique ingredients that work synergistically to help relax facial muscle contractions and reduce the appearance of visible expression lines. KEY BENEFIT",n.a.,n.a.,Serum / Treatment,n.a.,21131,pcaskin.com,https://pcaskin.com/products/exlinea-pro-peptide-serum,Brand site,High,2026-08-31
CL-USA-PCASKIN-1594,USA,PCA SKIN,Skin Care,Cleanser,PCA SKIN,Facial Wash,"PCA SKIN Facial Wash effectively removes makeup, oil, and impurities without stripping the skin, leaving your complexion feeling clean, smooth, and refreshed. Hydrates and exfoliates the skin with each cleanse Features skin-soothing properties to leave skin feeling calm Rinses clean without leaving the skin feeling tight or dry",n.a.,n.a.,Liquid,n.a.,21101,pcaskin.com,https://pcaskin.com/products/facial-wash,Brand site,High,2026-08-31
CL-USA-PCASKIN-1595,USA,PCA SKIN,Skin Care,Cleanser,PCA SKIN,Facial Wash Oily/Problem,"PCA SKIN Facial Wash Oily/Problem purifies pores and removes excess oil with this cleanser formulated for breakout-prone skin. An expert balance of actives gently exfoliate, remove makeup, and environmental impurities leaving skin clear and smooth. Gently exfoliates to help prevent future breakouts Soothes and protects the skin with a unique blend of ingredients Deeply cleanses without stripping t",n.a.,n.a.,Liquid,n.a.,21102,pcaskin.com,https://pcaskin.com/products/facial-wash-oily-problem,Brand site,High,2026-08-31
CL-USA-PCASKIN-1596,USA,PCA SKIN,Skin Care,Serum / Treatment,PCA SKIN,Hyaluronic Acid Boosting Serum,"PCA SKIN Hyaluronic Acid Boosting Serum delivers essential hydration as the non-negotiable step for everyone seeking healthy, beautiful skin. The solution isn't just more moisture—it's smarter, sustained hydration that works from the inside out. Hyaluronic Acid Boosting Serum helps to amplify the skin’s hyaluronic acid levels by 50% within 24 hours, delivering instant and long-term hydration.* *Ba",n.a.,1 fl oz,Serum / Treatment,n.a.,21152,pcaskin.com,https://pcaskin.com/products/hyaluronic-acid-boosting-serum,Brand site,High,2026-08-31
CL-USA-PCASKIN-1597,USA,PCA SKIN,Skin Care,Serum / Treatment,PCA SKIN,Hyaluronic Acid Boosting Serum,"PCA SKIN Hyaluronic Acid Boosting Serum delivers essential hydration as the non-negotiable step for everyone seeking healthy, beautiful skin. The solution isn't just more moisture—it's smarter, sustained hydration that works from the inside out. Hyaluronic Acid Boosting Serum helps to amplify the skin’s hyaluronic acid levels by 50% within 24 hours, delivering instant and long-term hydration.* *Ba",n.a.,3 fl oz,Serum / Treatment,n.a.,13752,pcaskin.com,https://pcaskin.com/products/hyaluronic-acid-boosting-serum,Brand site,High,2026-08-31
CL-USA-PCASKIN-1598,USA,PCA SKIN,Skin Care,Serum / Treatment,PCA SKIN,Hyaluronic Acid Lip Booster,"PCA SKIN Hyaluronic Acid Lip Booster is an advanced lip product that instantly moisturizes while improving long-term lip volume, hydration, and softness. Filling Spheres™ instantly hydrate and plump the lips Powerful peptides stimulate collagen production to reduce lip lines An advanced ingredient blend improves long-term lip hydration, volume, and softness",n.a.,n.a.,Serum / Treatment,n.a.,21191,pcaskin.com,https://pcaskin.com/products/hyaluronic-acid-lip-booster,Brand site,High,2026-08-31
CL-USA-PCASKIN-1599,USA,PCA SKIN,Skin Care,Eye / Lip,PCA SKIN,Hyaluronic Acid Microneedle Eye Patches,"PCA SKIN Hyaluronic Acid Microneedle Eye Patches deliver enhanced hydration with the first professional-grade microneedle eye patch from PCA SKIN. Featuring 1,254 self-dissolving microneedles infused with 50 mg of 4-D Hyaluronic Acid that create invisible micropores for enhanced delivery of hydrating and anti-aging ingredients under the eye, resulting in a 22% reduction in wrinkles in just one tre",n.a.,4 Treatments,n.a.,n.a.,21159,pcaskin.com,https://pcaskin.com/products/hyaluronic-acid-microneedle-eye-patches,Brand site,High,2026-08-31
CL-USA-PCASKIN-1600,USA,PCA SKIN,Skin Care,Serum / Treatment,PCA SKIN,Hyaluronic Acid Overnight Mask,"PCA SKIN Hyaluronic Acid Overnight Mask helps you wake up to hydrated, more luminous skin with this nourishing overnight mask. Its advanced formula works while you sleep to restore your complexion. Delivers intense, leave-on hydration as you sleep Enhances the skin's natural regeneration for improved radiance Calms and soothes with natural extracts to encourage deep restful sleep",n.a.,n.a.,Serum / Treatment,n.a.,21107,pcaskin.com,https://pcaskin.com/products/hyaluronic-acid-overnight-mask,Brand site,High,2026-08-31
CL-USA-PCASKIN-1601,USA,PCA SKIN,Skin Care,Moisturizer,PCA SKIN,HydraBright,"PCA SKIN HydraBright is a cloudlike daily moisturizer that brightens dry, lackluster skin in just 21 days.* Infused with moisturizing Squalane and potent brightening actives, including Niacinamide, Bio-Stable Gallic Acid and Smart Melanin Microalgae, HydraBright targets the three common causes of dull skin: dryness, rough texture and uneven skin tone. The result is light-reflecting, smooth skin an",n.a.,n.a.,Cream / Lotion,n.a.,21156,pcaskin.com,https://pcaskin.com/products/hydrabright,Brand site,High,2026-08-31
CL-USA-PCASKIN-1602,USA,PCA SKIN,Skin Care,Moisturizer,PCA SKIN,HydraLuxe,"PCA SKIN HydraLuxe is a rich, luxurious moisturizer that deeply hydrates the skin while providing powerful anti-aging benefits. Improved moisture retention and skin barrier function for long-lasting hydration Reduced appearance of fine lines and wrinkles Improved skin fullness and plumping",n.a.,n.a.,Cream / Lotion,n.a.,21105,pcaskin.com,https://pcaskin.com/products/hydraluxe-1pt8-oz,Brand site,High,2026-08-31
CL-USA-PCASKIN-1603,USA,PCA SKIN,Skin Care,Moisturizer,PCA SKIN,HydraMatte,"PCA SKIN HydraMatte experiences immediate and long-term hydration* that reduces oil at the skin’s surface while minimizing the appearance of pores and fine lines. This luxurious gel moisturizer with a powdery matte finish quickly absorbs into the skin to help promote a clear complexion and refined texture, leaving the skin looking fresh, smooth, and radiant. Key benefits: Helps reduce oil at the s",n.a.,n.a.,Cream / Lotion,n.a.,21155,pcaskin.com,https://pcaskin.com/products/hydramatte,Brand site,High,2026-08-31
CL-USA-PCASKIN-1604,USA,PCA SKIN,Skin Care,Serum / Treatment,PCA SKIN,Hydrating Mask,"PCA SKIN Hydrating Mask is an at-home hydrating mask with an advanced blend of soothing ingredients and botanicals that reduce irritation and infuse the skin with deep hydration. Skin is calmed and soothed with oat milk extract that also helps retain essential moisture Arnica Montana flower extract and cucumber extract provide additional calming benefits Deep hydration from panthenol, glycerin and",n.a.,n.a.,Serum / Treatment,n.a.,21125,pcaskin.com,https://pcaskin.com/products/hydrating-mask,Brand site,High,2026-08-31
CL-USA-PCASKIN-1605,USA,PCA SKIN,Skin Care,Serum / Treatment,PCA SKIN,Hydrating Serum,"PCA SKIN Hydrating Serum is formulated with a specialized blend of antioxidants and moisture-binding ingredients, this lightweight serum boosts moisture while helping to decrease inflammation for a calm, healthy-looking complexion. Leaves skin feeling soft, plump, and hydrated Provides lasting hydration with a weightless finish Boosts moisture while helping to reduce inflammation",n.a.,n.a.,Serum / Treatment,n.a.,21148,pcaskin.com,https://pcaskin.com/products/hydrating-serum,Brand site,High,2026-08-31
CL-USA-PCASKIN-1606,USA,PCA SKIN,Skin Care,Cleanser,PCA SKIN,Hydrating Toner,"Buy more, get more: For every Hydrating Toner you buy, get a complimentary trial-size Hydrating Serum PCA SKIN Hydrating Toner is a weightless, daily-use toner that deeply hydrates the skin while providing powerful antioxidant protection. Improves moisture retention and prevents free radical damage Removes excess dirt, oil, and debris Hydrates, softens, and smooths the skin",n.a.,n.a.,Liquid,n.a.,21153,pcaskin.com,https://pcaskin.com/products/hydrating-toner,Brand site,High,2026-08-31
CL-USA-PCASKIN-1607,USA,PCA SKIN,Skin Care,Sun Care / SPF,PCA SKIN,Hydrator Plus Broad Spectrum SPF 30,"PCA SKIN Hydrator Plus Broad Spectrum SPF 30 protects and hydrates skin with this most hydrating sunscreen formula, providing powerful protection against harmful UVA and UVB rays. Formulated with powerful hydrators specifically for dry skin types Features added antioxidants to protect against free radical damage",n.a.,n.a.,Sunscreen,n.a.,23309,pcaskin.com,https://pcaskin.com/products/hydrator-plus-broad-spectrum-spf-30,Brand site,High,2026-08-31
CL-USA-PCASKIN-1608,USA,PCA SKIN,Skin Care,Eye / Lip,PCA SKIN,Ideal Complex® Revitalizing Eye Gel,"PCA SKIN Ideal Complex® Revitalizing Eye Gel is available in two textures. This cutting-edge eye gel strengthens, firms and lifts the skin around the entire eye area, including the eyelid. Its light gel texture is excellent for all skin types. One product to treat dark circles, puffiness, fine lines, wrinkles and sagging eyelids simultaneously Can be applied directly to the eyelid to firm and lift",n.a.,n.a.,Paste / Gel,n.a.,21114,pcaskin.com,https://pcaskin.com/products/ideal-complex-revitalizing-eye-gel,Brand site,High,2026-08-31
CL-USA-PCASKIN-1609,USA,PCA SKIN,Skin Care,Moisturizer,PCA SKIN,Ideal Complex® restorative eye cream,"PCA SKIN Ideal Complex® Restorative Eye Cream is available in two textures. This cutting-edge eye cream strengthens, firms and lifts the skin around the entire eye area, including the eyelid. Additional optical diffusers provide instant brightness. Formulated for those who prefer a creamier texture. One product to treat dark circles, puffiness, fine lines, wrinkles and sagging eyelids simultaneous",n.a.,n.a.,Cream / Lotion,n.a.,21113,pcaskin.com,https://pcaskin.com/products/ideal-complex-restorative-eye-cream,Brand site,High,2026-08-31
CL-USA-PCASKIN-1610,USA,PCA SKIN,Skin Care,Serum / Treatment,PCA SKIN,Intensive Age Refining Treatment®: 0.5% pure retinol,"PCA SKIN Intensive Age Refining Treatment®: 0.5% pure retinol nighttime treatment is the ultimate solution for those concerned with signs of aging, including fine lines, wrinkles, and uneven skin tone Minimizes the appearance of fine lines and wrinkles while firming the skin with retinopeptide and stem cell extract technology Strengthens skin with minimal irritation using stabilized retinol Reduce",n.a.,n.a.,Serum / Treatment,n.a.,21179,pcaskin.com,https://pcaskin.com/products/intensive-age-refining-treatment-0pt5pct-pure-retinol,Brand site,High,2026-08-31
CL-USA-PCASKIN-1611,USA,PCA SKIN,Skin Care,Serum / Treatment,PCA SKIN,Intensive Brightening Treatment: 0.5% pure retinol,"PCA SKIN Intensive Brightening Treatment: 0.5% pure retinol is the ultimate pure retinol nighttime treatment for those with discoloration. A powerful nightly treatment that creates an even, bright and radiant complexion Pure retinol, resveratrol and niacinamide promote a healthy glow while improving discoloration Potent, stable ingredients in a patented Omnisome delivery system to carry ingredient",n.a.,n.a.,Serum / Treatment,n.a.,21181,pcaskin.com,https://pcaskin.com/products/intensive-brightening-treatment-0pt5pct-pure-retinol,Brand site,High,2026-08-31
CL-USA-PCASKIN-1612,USA,PCA SKIN,Skin Care,Serum / Treatment,PCA SKIN,Intensive Clarity Treatment®: 0.5% pure retinol & salicylic acid,PCA SKIN Intensive Clarity Treatment®: 0.5% pure retinol & salicylic acid is the ultimate retinol nighttime treatment for those prone to acne breakouts. Clear acne breakouts with 2% salicylic acid Support a clear complexion and strengthen skin with stabilized retinol Strengthen and protect skin with retinopeptide and plant stem cell extract technology Uses the patented time-release OmniSome delive,n.a.,n.a.,Serum / Treatment,n.a.,21180,pcaskin.com,https://pcaskin.com/products/intensive-clarity-treatment-0pt5pct-pure-retinol-and-salicylic-acid,Brand site,High,2026-08-31
CL-USA-PCASKIN-1613,USA,PCA SKIN,Skin Care,Moisturizer,PCA SKIN,MGF Age Renewal Cream,"PCA SKIN MGF Age Renewal Cream harnesses the power of Micro Growth Factor Technology to help support collagen and elastin, and restore skin’s natural hydration capabilities. Powered by Micro Growth Factor Technology, 5x smaller and proven to penetrate 10x deeper than conventional growth factors,* to help support collagen production for visibly lifted, fuller, and firmer skin Improves thinning skin",n.a.,n.a.,Cream / Lotion,n.a.,21157,pcaskin.com,https://pcaskin.com/products/mgf-age-renewal-cream,Brand site,High,2026-08-31
CL-USA-PCASKIN-1614,USA,PCA SKIN,Skin Care,Cleanser,PCA SKIN,Nutrient Toner,"PCA SKIN Nutrient Toner is a pumpkin wine-based toner designed to refine the appearance of pores, gently exfoliate, and provide added nutritional benefit to the skin. Vitamins, amino acids, enzymes and other advanced ingredients gently exfoliate to create a healthy glow",n.a.,n.a.,Liquid,n.a.,21104,pcaskin.com,https://pcaskin.com/products/nutrient-toner,Brand site,High,2026-08-31
CL-USA-PCASKIN-1615,USA,PCA SKIN,Skin Care,Mask,PCA SKIN,Overnight Lip Mask,"PCA SKIN Overnight Lip Mask helps you wake up to softer, smoother lips with this intensely hydrating leave-on overnight lip mask. Formulated with a unique blend of nourishing and emollient ingredients, this ultra-hydrating treatment helps retain essential moisture and soothe chapped lips. KEY BENEFITS Fights visible signs of aging and minimizes the minimizes the appearance of lip lines* Soothes an",n.a.,n.a.,n.a.,n.a.,21120,pcaskin.com,https://pcaskin.com/products/overnight-lip-mask,Brand site,High,2026-08-31
CL-USA-PCASKIN-1616,USA,PCA SKIN,Skin Care,Cleanser,PCA SKIN,"PCA SKIN Hydrating Toner, Antioxidant Essence for Hydrated Skin, 7 oz","Delivers a refreshing burst of hydration while balancing and soothing the complexion. Formulated with antioxidants and moisture-boosting ingredients, this lightweight toner helps protect against environmental stressors, refine skin texture, and restore natural radiance.",n.a.,7 oz,Liquid,812025118130,1007159418,Target,https://www.target.com/p/pca-skin-hydrating-toner-antioxidant-essence-for-hydrated-skin-7-oz/-/A-1007159418,Retailer listing,High,2026-08-31
CL-USA-PCASKIN-1617,USA,PCA SKIN,Skin Care,Moisturizer,PCA SKIN,"PCA Skin Collagen Hydrator, Anti-Aging Moisturizer to Improve Skin Firmness and Hydration, 1.7 oz","A rich facial moisturizer designed to help nourish dry skin and support a smoother, more supple-looking complexion. It provides lasting hydration and has a creamy texture that helps leave skin feeling replenished and protected against daily dryness.",n.a.,1.7 fl oz,Cream / Lotion,812025110059,1011147889,Target,https://www.target.com/p/pca-skin-collagen-hydrator-1-7-oz/-/A-1011147889,Retailer listing,High,2026-08-31
CL-USA-PCASKIN-1618,USA,PCA SKIN,Skin Care,Serum / Treatment,PCA SKIN,PCA Skin Collagen pHaze 6 Hydrator,"PCA SKIN Collagen Hydrator (Phaze 6) is a deep hydrating cream made with natural ingredients such as almond, olive, and antioxidants. This serum stimulates the natural reproduction of collagen needed to keep skin looking fresh and healthy and is designed for all skin types.",n.a.,1.7 oz,Serum / Treatment,812025010052,89766918,Target,https://www.target.com/p/pca-skin-collagen-phaze-6-hydrator-1-7-oz/-/A-89766918,Retailer listing,High,2026-08-31
CL-USA-PCASKIN-1619,USA,PCA SKIN,Skin Care,Other Skin Care,PCA SKIN,PCA Skin Daily Defense Mist,"PCA Skin Daily Defense Mist protects skin from environmental stressors, blue light, and pollutants while blending with other skincare and makeup items. Its aloe-infused formula with antioxidants helps strengthen skin, reduce damage from oxidation and premature aging, and provide hydration for a more radiant complexion.",n.a.,2 fl oz (us),Spray,812025018782,91837543,Target,https://www.target.com/p/pca-skin-daily-defense-mist-2-oz/-/A-91837543,Retailer listing,High,2026-08-31
CL-USA-PCASKIN-1620,USA,PCA SKIN,Skin Care,Cleanser,PCA SKIN,PCA Skin Hydrating Facial Toner 7 oz,PCA Skin Hydrating Facial Toner hydrates and soothes the skin while removing excess pore debris such as dirt and oil. It provides antioxidant protection and is applied to the face and neck after cleansing.,n.a.,7 fl oz (US),Liquid,812025018133,86301021,Target,https://www.target.com/p/pca-skin-hydrating-facial-toner-7-oz/-/A-86301021,Retailer listing,High,2026-08-31
CL-USA-PCASKIN-1621,USA,PCA SKIN,Skin Care,Sun Care / SPF,PCA SKIN,PCA Skin Hydrator Plus Broad Spectrum SPF 30,"A daily facial moisturizer that combines hydration with broad spectrum SPF 30 sun protection to help care for skin throughout the day. The smooth cream supports moisture balance and leaves skin soft, comfortable, and prepared for daily wear.",n.a.,1.7 oz,Sunscreen,812025119038,1011148152,Target,https://www.target.com/p/pca-skin-hydrator-plus-broad-spectrum-spf-30-1-7-oz/-/A-1011148152,Retailer listing,High,2026-08-31
CL-USA-PCASKIN-1622,USA,PCA SKIN,Skin Care,Sun Care / SPF,PCA SKIN,PCA Skin Hydrator Plus Broad Spectrum SPF 30 pHaze 6,PCA's Skin Hydrator Plus Broad Spectrum SPF 30 is a moisturizing SPF that provides long-lasting hydration while protecting from both UVA and UVB sunlight. It is specially designed to provide hydration to dry and flaky skin while providing sunscreen protection.,n.a.,1.7 oz,Sunscreen,812025019031,86301010,Target,https://www.target.com/p/pca-skin-hydrator-plus-broad-spectrum-spf-30-phaze-6-1-7-oz/-/A-86301010,Retailer listing,High,2026-08-31
CL-USA-PCASKIN-1623,USA,PCA SKIN,Skin Care,Sun Care / SPF,PCA SKIN,PCA Skin Sheer Tint Broad Spectrum SPF 45,"PCA Skin Sheer Tint Broad Spectrum SPF 45 has a universal tint and sheer coverage, providing broad-spectrum UV protection. The water-resistant formula contains antioxidants and can be worn under makeup.",n.a.,1.7 fl oz,Sunscreen,812025016108,86301004,Target,https://www.target.com/p/pca-skin-sheer-tint-broad-spectrum-spf-45-1-7-oz/-/A-86301004,Retailer listing,High,2026-08-31
CL-USA-PCASKIN-1624,USA,PCA SKIN,Skin Care,Sun Care / SPF,PCA SKIN,PCA Skin Sheer Tint Broad Spectrum SPF 45,A lightweight facial sunscreen with a sheer tint that helps provide broad spectrum SPF 45 protection while supporting a more even-looking complexion. It blends smoothly into the skin and works well on its own or under makeup.,n.a.,"1.7 oz, 1 count",Sunscreen,812025116105,1011148151,Target,https://www.target.com/p/pca-skin-sheer-tint-broad-spectrum-spf-45-1-7-oz/-/A-1011148151,Retailer listing,High,2026-08-31
CL-USA-PCASKIN-1625,USA,PCA SKIN,Skin Care,Moisturizer,PCA SKIN,PCA Skin Silkcoat Balm,Rejuvenate your skin with PCA SKIN Silkcoat Balm. This invigorating moisturizer nourishes your skin with gentle essential oils and vitamins to keep you looking healthy and fresh.,n.a.,1.7 oz,Cream / Lotion,812025010243,86301006,Target,https://www.target.com/p/pca-skin-silkcoat-balm-1-7-oz/-/A-86301006,Retailer listing,High,2026-08-31
CL-USA-PCASKIN-1626,USA,PCA SKIN,Skin Care,Sun Care / SPF,PCA SKIN,PCA Skin Weightless Broad Spectrum SPF 45 1.7 oz,"Keep your skin safe from the damaging rays of the sun by using PCA Skin Weightless Broad Spectrum SPF 45 1.7 oz each day. This lightweight formula contains antioxidants to protect your skin from free radical damage and disappears when massaged into skin, leaving you with broad spectrum protection.",n.a.,1.7 oz,Sunscreen,812025019062,90038818,Target,https://www.target.com/p/pca-skin-weightless-broad-spectrum-spf-45-1-7-oz/-/A-90038818,Retailer listing,High,2026-08-31
CL-USA-PCASKIN-1627,USA,PCA SKIN,Skin Care,Sun Care / SPF,PCA SKIN,"PCA Skin Weightless Protection Broad Spectrum SPF 45, 1.7 oz","A lightweight daily facial sunscreen designed to provide broad spectrum SPF 45 sun protection with a comfortable, barely-there feel. It leaves a smooth, non-heavy finish that works well under makeup or on bare skin.",n.a.,1.7 oz,Sunscreen,812025119069,1011148158,Target,https://www.target.com/p/pca-skin-weightless-protection-broad-spectrum-spf-45-1-7-oz/-/A-1011148158,Retailer listing,High,2026-08-31
CL-USA-PCASKIN-1628,USA,PCA SKIN,Skin Care,Serum / Treatment,PCA SKIN,Perfecting Neck and Décolleté,"PCA SKIN Perfecting Neck and Décolleté is a unique corrective cream specifically formulated for the delicate skin on the neck and chest to strengthen, firm, and minimize redness and skin discoloration. Designed specifically to target sagging, loose skin, and lines on the neck and chest Dramatically hydrates and reduces redness and discolorations Rapid results in as little as one week",n.a.,n.a.,Serum / Treatment,n.a.,21164,pcaskin.com,https://pcaskin.com/products/perfecting-neck-and-decollete,Brand site,High,2026-08-31
CL-USA-PCASKIN-1629,USA,PCA SKIN,Skin Care,Cleanser,PCA SKIN,Pigment Bar®,"PCA SKIN Pigment Bar® is an advanced cleansing bar formulated to promote an even skin tone and treat discoloration on the face and body. Features a blend of advanced ingredients that calm the skin while promoting an even tone Ideal for treating discolorations on the full body, including the face and scalp Gentle enough to be great for everyday use",n.a.,n.a.,Bar,n.a.,21151A,pcaskin.com,https://pcaskin.com/products/pigment-bar,Brand site,High,2026-08-31
CL-USA-PCASKIN-1630,USA,PCA SKIN,Skin Care,Serum / Treatment,PCA SKIN,Pigment Gel Pro,"PCA SKIN Pigment Gel Pro delivers a visibly dramatic reduction in the appearance of stubborn discoloration. This advanced, dermatologically tested corrective helps fade the size and intensity of dark spots while helping protect against the appearance of new dark spots. Its industry-leading, hydroquinone-free formula is powered by the proprietary SynerPro Complex, which uses multiple modes of actio",n.a.,n.a.,Paste / Gel,n.a.,26602,pcaskin.com,https://pcaskin.com/products/pigment-gel-pro,Brand site,High,2026-08-31
CL-USA-PCASKIN-1631,USA,PCA SKIN,Skin Care,Serum / Treatment,PCA SKIN,Pigment Gel® HQ Free,PCA SKIN Pigment Gel® HQ Free is a spot treatment serum to promote an even skin tone. Hydroquinone-free formula for those who are unable to tolerate hydroquinone Highly effective for all types of uneven skin tone,n.a.,n.a.,Paste / Gel,n.a.,21118,pcaskin.com,https://pcaskin.com/products/pigment-gel-hq-free,Brand site,High,2026-08-31
CL-USA-PCASKIN-1632,USA,PCA SKIN,Skin Care,Serum / Treatment,PCA SKIN,Pore Refining Treatment,"PCA SKIN Pore Refining Treatment is a powerful exfoliant that uses three methods of exfoliation for dramatically smoother and softer skin while absorbing excess oil and impurities. Physical, enzymatic and cellular exfoliation with an advanced combination of ingredients Minimizes the appearance of pores by absorbing excess oil stuck in the pores Purifies the skin and sweeps away any dead skin cell",n.a.,n.a.,Serum / Treatment,n.a.,21106,pcaskin.com,https://pcaskin.com/products/pore-refining-treatment,Brand site,High,2026-08-31
CL-USA-PCASKIN-1633,USA,PCA SKIN,Skin Care,Serum / Treatment,PCA SKIN,Pro-Max Age Renewal,"The Pro fessional Approach to Max imum Age Renewal 1 PCA SKIN Pro-Max Age Renewal is an advanced anti-aging serum clinically proven to lift and firm the appearance of skin by 60%*. While conventional growth factors sit on the surface of skin, the patent-pending Micro Growth Factor Technology (MGF) in Pro-Max Age Renewal penetrates 10x deeper than conventional growth factors** to support collagen p",n.a.,n.a.,Serum / Treatment,n.a.,26603,pcaskin.com,https://pcaskin.com/products/pro-max-age-renewal,Brand site,High,2026-08-31
CL-USA-PCASKIN-1634,USA,PCA SKIN,Skin Care,Moisturizer,PCA SKIN,ReBalance,"PCA SKIN ReBalance restores pH balance to your skin with this lightweight moisturizer powered by antioxidants that calm, smooth, and hydrate in a single swipe. Provides powerful antioxidant protection to help defend against environmental stress",n.a.,n.a.,Cream / Lotion,n.a.,21133,pcaskin.com,https://pcaskin.com/products/rebalance,Brand site,High,2026-08-31
CL-USA-PCASKIN-1635,USA,PCA SKIN,Skin Care,Serum / Treatment,PCA SKIN,Rejuvenating Serum,"PCA SKIN Rejuvenating Serum is formulated with grapefruit stem cell extract and epidermal growth factor, this age-prevention serum helps reduce the early signs of visible aging and leaves skin glowing. Glowing, radiant skin with every use Epidermal growth factor reduces skin damage Plant stem cell extracts protect skin cells Antioxidants protect and keep skin healthy",n.a.,n.a.,Serum / Treatment,n.a.,21143,pcaskin.com,https://pcaskin.com/products/rejuvenating-serum,Brand site,High,2026-08-31
CL-USA-PCASKIN-1636,USA,PCA SKIN,Skin Care,Serum / Treatment,PCA SKIN,Resurfacing Serum,"PCA SKIN Resurfacing Serum gently exfoliates dull skin and other imperfections for a radiant-looking complexion. Gently exfoliate dull skin and other imperfections for a radiant-looking complexion. This multi-tasking serum simultaneously resurfaces, calms, and hydrates the skin, helping to improve skin tone, texture, and clarity. Its unique formula features a slow-release glycolic arginine complex",n.a.,n.a.,Serum / Treatment,n.a.,21150,pcaskin.com,https://pcaskin.com/products/resurfacing-serum,Brand site,High,2026-08-31
CL-USA-PCASKIN-1637,USA,PCA SKIN,Skin Care,Serum / Treatment,PCA SKIN,Retinol Treatment for Sensitive Skin,"PCA SKIN Retinol Treatment for Sensitive Skin is a gentle retinol treatment specifically formulated for sensitive skin to effectively reduce redness and minimize signs of aging without causing irritation, making it the ideal starting point for those new to retinol. Gently encourages cell turnover to minimize the signs of aging Helps reduce redness and correct uneven skin tone",n.a.,n.a.,Serum / Treatment,n.a.,21183,pcaskin.com,https://pcaskin.com/products/retinol-treatment-for-sensitive-skin,Brand site,High,2026-08-31
CL-USA-PCASKIN-1638,USA,PCA SKIN,Skin Care,Sun Care / SPF,PCA SKIN,Sheer Tint Broad Spectrum SPF 45,"PCA SKIN Sheer Tint Broad Spectrum SPF 45 is a universally tinted, water-resistant sunscreen that provides sheer protection with an antioxidant boost. Can be used alone or layered under makeup Purely physical broad spectrum protection Water resistant for active lifestyles",n.a.,n.a.,Sunscreen,n.a.,21139,pcaskin.com,https://pcaskin.com/products/sheer-tint-broad-spectrum-spf-45,Brand site,High,2026-08-31
CL-USA-PCASKIN-1639,USA,PCA SKIN,Skin Care,Moisturizer,PCA SKIN,Silkcoat® Balm,"PCA SKIN Silkcoat® Balm moisturizer is the ultimate treatment for dry and mature skin, and skin in harsh or cold climates. Silk protein provides deep, non-greasy moisture Potent antioxidant protection Helps calm and improve the appearance of aging skin",n.a.,n.a.,Cream / Lotion,n.a.,21135,pcaskin.com,https://pcaskin.com/products/silkcoat-balm,Brand site,High,2026-08-31
CL-USA-PCASKIN-1640,USA,PCA SKIN,Skin Care,Other Skin Care,PCA SKIN,The Line-Smoothing Essentials Set,"Add to cart & enjoy 20% Off Exlinea® Pro Peptide Serum helps deliver an immediate and long-term reduction of visible expression lines caused by repeated muscle movement, and HydraLuxe deeply hydrates the skin while providing powerful anti-aging benefits. The result is a reduced appearance of fine lines and wrinkles with improved skin fullness and plumping. Why it works : Exlinea Pro is formulated",n.a.,n.a.,n.a.,n.a.,VB-RS,pcaskin.com,https://pcaskin.com/products/the-line-smoothing-essentials,Brand site,High,2026-08-31
CL-USA-PCASKIN-1641,USA,PCA SKIN,Skin Care,Other Skin Care,PCA SKIN,The Ultimate Age-Renewal Duo Set,"Add to cart & enjoy 20% Off This advanced pairing combines the lifting power of Pro-Max Age Renewal serum with the restoring hydration of MGF Age Renewal Cream. Together, they work synergistically to help support collagen production for visibly lifted, fuller, and firmer skin. Experience clinically proven results like a 60% lifted and firmed appearance of the skin* (Pro-Max Age Renewal) and improv",n.a.,n.a.,n.a.,n.a.,VB-ADD,pcaskin.com,https://pcaskin.com/products/the-ultimate-age-renewal-duo,Brand site,High,2026-08-31
CL-USA-PCASKIN-1642,USA,PCA SKIN,Skin Care,Serum / Treatment,PCA SKIN,Total Strength Serum,"PCA SKIN Total Strength Serum is a next-generation peptide and epidermal growth factor formulation that minimizes the appearance of fine lines, wrinkles, and pores while firming, tightening, and strengthening aging skin. Minimizes the appearance of pores, fine lines and wrinkles Firms, tightens and strengthens aging skin Leaves skin radiant after use",n.a.,n.a.,Serum / Treatment,n.a.,21411,pcaskin.com,https://pcaskin.com/products/total-strength-serum,Brand site,High,2026-08-31
CL-USA-PCASKIN-1643,USA,PCA SKIN,Skin Care,Serum / Treatment,PCA SKIN,Triple Exfoliation Peel Pads,"PCA SKIN Triple Exfoliation Peel Pads deliver controlled exfoliation that actively supports your skin barrier†, preventing the moisture loss and sensitivity often caused by over-exfoliation. As it polishes away dullness, a restorative complex of Niacinamide, Licorice Root Extract, and Peptides replenishes the skin, calms redness, visibly brightens, and supports firmness to diminish the look of wri",n.a.,30 pads,Serum / Treatment,n.a.,23301,pcaskin.com,https://pcaskin.com/products/triple-exfoliation-peel-pads,Brand site,High,2026-08-31
CL-USA-PCASKIN-1644,USA,PCA SKIN,Skin Care,Serum / Treatment,PCA SKIN,Vitamin b3 Brightening Serum,"PCA SKIN Vitamin B3 Brightening Serum visibly brightens dark spots and dramatically evens skin tone. Formulated with 6% Niacinamide, this advanced formula works to boost barrier function, improving redness, age-related yellowness, and dullness. Brightens dark spots and promotes an even skin tone by inhibiting melanogenesis Minimizes age-related skin yellowing and dullness by helping to block the g",n.a.,n.a.,Serum / Treatment,n.a.,21193,pcaskin.com,https://pcaskin.com/products/vitamin-b3-brightening-serum,Brand site,High,2026-08-31
CL-USA-PCASKIN-1645,USA,PCA SKIN,Skin Care,Moisturizer,PCA SKIN,Vitamin b3 Eye Brightening Cream,"PCA SKIN Vitamin B3 Eye Brightening Cream provides instant brightening and long-term improvement of under-eye dark circles, uneven skin tone, and fine lines around the eyes and eyelids. Featuring an illuminating blend of 5% niacinamide, daisy flower and hawkweed extracts, and antioxidants that work over time to deliver refreshed, bright, and healthy-looking eyes. Visibly reduces under-eye dark cir",n.a.,n.a.,Cream / Lotion,n.a.,21138,pcaskin.com,https://pcaskin.com/products/vitamin-b3-eye-brightening-cream,Brand site,High,2026-08-31
CL-USA-PCASKIN-1646,USA,PCA SKIN,Skin Care,Sun Care / SPF,PCA SKIN,Weightless Protection Broad Spectrum SPF 45,"PCA SKIN Weightless Protection Broad Spectrum SPF 45 protects from UV rays with this lightweight, fast-absorbing SPF formulated with caffeine to prevent free radical damage. Provides broad spectrum protection Lightweight formulation disappears into the skin Added antioxidants protect against free radical damage",n.a.,n.a.,Sunscreen,n.a.,23331,pcaskin.com,https://pcaskin.com/products/weightless-protection-broad-spectrum-spf-45,Brand site,High,2026-08-31
CL-USA-PALMOLIVE-1647,USA,Palmolive,Personal Care,Bar Soap,Palmolive,"Palmolive Bar Soap, Green",Bar Soap,n.a.,n.a.,Bar,035000110107,n.a.,n.a. (brand SmartLabel),https://www.colgatepalmolive.com/en-us/smartlabel/35000110107,Brand site,High,2026-08-31
CL-USA-SKINBRACER-1648,USA,Skin Bracer,Personal Care,Shave / Aftershave,Skin Bracer,"Skin Bracer After Shave Lotion and Skin Conditioner, Original",After Shave Lotion and Skin Conditioner,Original,n.a.,Cream / Lotion,022200002547,n.a.,n.a. (brand SmartLabel),https://www.colgatepalmolive.com/en-us/smartlabel/22200002547,Brand site,High,2026-08-31
CL-USA-SKINBRACER-1649,USA,Skin Bracer,Personal Care,Shave / Aftershave,Skin Bracer,"Skin Bracer After Shave, Original",n.a.,Original,n.a.,n.a.,n.a.,280115,CVS Pharmacy,https://www.cvs.com/shop/skin-bracer-after-shave-original-prodid-280115,Retailer listing,High,2026-08-31
CL-USA-SOFTSOAP-1650,USA,Softsoap,Personal Care,Other,Softsoap,"Softsoap Bodywash, Coconut Scrub","Softsoap Bodywash, Coconut Scrub, 20 OZ. Active ingredients are Sodium C12-13 Alketh Sulfate, Sodium Laureth Sulfate, and Cocamidopropyl Betaine.",Coconut,20 OZ,n.a.,n.a.,379061,CVS,https://www.cvs.com/shop/ingredients/softsoap-bodywash-coconut-scrub-20-oz-prodid-379061,Retailer listing,High,2026-08-31
CL-USA-SOFTSOAP-1651,USA,Softsoap,Personal Care,Body Wash,Softsoap,"Softsoap Bodywash, Coconut Scrub, 20 OZ","Exfoliating body wash scrub with crushed apricot seeds to help remove dry skin, leaving skin smooth and soft-feeling. Enriched with real coconut oil and made with biodegradable cleaning ingredients, without parabens and phthalates.",Coconut,20 oz,Liquid,n.a.,379061,CVS,https://www.cvs.com/shop/softsoap-bodywash-coconut-scrub-20-oz-prodid-379061,Retailer listing,High,2026-08-31
CL-USA-SOFTSOAP-1652,USA,Softsoap,Personal Care,Body Wash,Softsoap,"Softsoap Luminous Oils Macademia, 20 OZ",Softsoap Luminous Oils Moisturizing Body Wash is a pH-balanced body wash infused with macadamia oil and a delicate peony fragrance. It is made without parabens or phthalates and is dermatologist tested.,n.a.,"20 fl oz, 1 count",Liquid,n.a.,379083,CVS,https://www.cvs.com/shop/softsoap-luminous-oils-macademia-20-oz-prodid-379083,Retailer listing,High,2026-08-31
CL-USA-SOFTSOAP-1653,USA,Softsoap,Personal Care,Body Wash,Softsoap Body Wash,Bali Bliss Moisturizing Body Wash,Not shown for Bali Bliss Moisturizing Body Wash.,n.a.,11.25 fluid ounce,Liquid,n.a.,n.a.,softsoap.com,https://www.softsoap.com/en-us/products/body-wash/bali-bliss,Brand site,Medium,2026-08-31
CL-USA-SOFTSOAP-1654,USA,Softsoap,Personal Care,Body Wash,Softsoap Body Wash,Blackberry Sugar Body Wash,"Softsoap® Blackberry Sugar Body Wash, made with real blackberry juice and sugar, is designed to gently exfoliate and help remove dry and dull skin.",n.a.,n.a.,Liquid,n.a.,n.a.,softsoap.com,https://www.softsoap.com/en-us/products/body-wash/coconut-butter,Brand site,Medium,2026-08-31
CL-USA-SOFTSOAP-1655,USA,Softsoap,Personal Care,Body Wash,Softsoap Body Wash,Buttery Shea & Almond Oil Body Wash,"Enjoy your shower like never before with Softsoap Body Wash, Shea & Almond Oil. This body wash is made with real shea butter, is delightfully refreshing, and has rich lather.",n.a.,20 fluid ounce,Liquid,n.a.,n.a.,softsoap.com,https://www.softsoap.com/en-us/products/body-wash/vanilla-jojoba-oil,Brand site,Medium,2026-08-31
CL-USA-SOFTSOAP-1656,USA,Softsoap,Personal Care,Body Wash,Softsoap Body Wash,Citrus & Berry Splash Body Wash,Softsoap® Citrus & Berry Splash Body Wash is made with real berry extracts and citrus scent to invigorate your senses.,Citrus,20 fluid ounce,Liquid,n.a.,n.a.,softsoap.com,https://www.softsoap.com/en-us/products/body-wash/pomegranate-mango,Brand site,Medium,2026-08-31
CL-USA-SOFTSOAP-1657,USA,Softsoap,Personal Care,Body Wash,Softsoap Body Wash,Coconut Butter Scent Body Wash,"Get soft and smooth-feeling skin with Softsoap Body Wash, Coconut Butter Scrub. This formula retains your skin’s natural moisture while delighting your senses.",Coconut,20-ounce,Liquid,n.a.,n.a.,softsoap.com,https://www.softsoap.com/en-us/products/body-wash/pink-rose-sweet-vanilla,Brand site,Medium,2026-08-31
CL-USA-SOFTSOAP-1658,USA,Softsoap,Personal Care,Body Wash,Softsoap Body Wash,Coconut Butter Scent Body Wash,"Softsoap® Coconut Butter Scent Body Wash, made with real coconut oil and coconut butter scent, is designed to gently exfoliate and help remove dry and dull skin.",Coconut,n.a.,Liquid,n.a.,n.a.,softsoap.com,https://www.softsoap.com/en-us/products/body-wash/blackberry-sugar,Brand site,Medium,2026-08-31
CL-USA-SOFTSOAP-1659,USA,Softsoap,Personal Care,Body Wash,Softsoap Body Wash,Coconut Oil & Calming Lavender Body Wash,Softsoap® Coconut Oil & Calming Lavender Body Wash is made with real coconut and lavender oils. This luminous oil body wash retains skin’s moisture and is dermatologist tested and pH balanced for your skin.,Lavender,20 fl oz (591mL),Liquid,n.a.,n.a.,softsoap.com,https://www.softsoap.com/en-us/products/body-wash/coconut-oil-lavender,Brand site,Medium,2026-08-31
CL-USA-SOFTSOAP-1660,USA,Softsoap,Personal Care,Body Wash,Softsoap Body Wash,Coconut Oil & Calming Lavender Body Wash,"Softsoap® Coconut Oil & Calming Lavender Body Wash is made with real coconut oil, for radiant and soft skin.",Lavender,20 fluid ounces,Liquid,n.a.,n.a.,softsoap.com,https://www.softsoap.com/en-us/products/body-wash/macadamia-oil-peony,Brand site,Medium,2026-08-31
CL-USA-SOFTSOAP-1661,USA,Softsoap,Personal Care,Body Wash,Softsoap Body Wash,Cool Cucumber Scent Body Wash & Shave Gel,"Formulated to moisturize for softer feeling skin, Softsoap® Cool Cucumber Scent Body Wash & Shave Gel body wash also helps your razor glide effortlessly, letting you shave with ease.",Cucumber,n.a.,Paste / Gel,n.a.,n.a.,softsoap.com,https://www.softsoap.com/en-us/products/body-wash/creamy-strawberry-shave,Brand site,Medium,2026-08-31
CL-USA-SOFTSOAP-1662,USA,Softsoap,Personal Care,Body Wash,Softsoap Body Wash,Fiji Nights Body Wash,"Softsoap® Fiji Nights Body Wash will transport you to paradise with the scent of red berries and notes of hibiscus and sunset jasmine, wrapped up in a warm vanilla scent.",n.a.,20 fluid ounces,Liquid,n.a.,n.a.,softsoap.com,https://www.softsoap.com/en-us/products/body-wash/hawaiian-luau,Brand site,Medium,2026-08-31
CL-USA-SOFTSOAP-1663,USA,Softsoap,Personal Care,Body Wash,Softsoap Body Wash,Hawaiian Luau Body Wash,Softsoap® Hawaiian Luau Body Wash will transport you to paradise with the tropical scents of jasmine and vanilla.,n.a.,20 ounce (591 milliliter),Liquid,n.a.,n.a.,softsoap.com,https://www.softsoap.com/en-us/products/body-wash/fiji-nights,Brand site,Medium,2026-08-31
CL-USA-SOFTSOAP-1664,USA,Softsoap,Personal Care,Body Wash,Softsoap Body Wash,Pomegranate & Mango Spritz Body Wash,Softsoap® Pomegranate & Mango Spritz Body Wash is made with real pomegranate and mango extracts to invigorate your senses.,n.a.,20 ounces,Liquid,n.a.,n.a.,softsoap.com,https://www.softsoap.com/en-us/products/body-wash/citrus-berry-splash,Brand site,Medium,2026-08-31
CL-USA-SOFTSOAP-1665,USA,Softsoap,Personal Care,Body Wash,Softsoap Body Wash,Rich Coconut Scent Body Wash & Shave Gel,"Softsoap Moisturizing Body Wash and Shave Gel is a white-colored body wash that doubles as a shave gel, helping moisturize for softer-feeling skin and allowing the razor to glide effortlessly. The pH-balanced formula is designed to provide a comfortable, easy shave.",Coconut,20 fl oz (591 mL),Paste / Gel,n.a.,n.a.,softsoap.com,https://www.softsoap.com/en-us/products/body-wash/rich-coconut-shave,Brand site,Medium,2026-08-31
CL-USA-SOFTSOAP-1666,USA,Softsoap,Personal Care,Body Wash,Softsoap Body Wash,Rich Coconut Scent Body Wash & Shave Gel,"Formulated to moisturize for softer feeling skin, Softsoap® Rich Coconut Scent Body Wash & Shave Gel body wash also helps your razor glide effortlessly, letting you shave with ease.",Coconut,n.a.,Paste / Gel,n.a.,n.a.,softsoap.com,https://www.softsoap.com/en-us/products/body-wash/cool-cucumber-shave,Brand site,Medium,2026-08-31
CL-USA-SOFTSOAP-1667,USA,Softsoap,Personal Care,Body Wash,Softsoap Body Wash,"Softsoap Body Honey Drop & Lavender Oil Body Wash, Moisturizing Body Wash",Body wash,Lavender,n.a.,Liquid,074182473662,n.a.,n.a. (brand SmartLabel),https://www.colgatepalmolive.com/en-us/smartlabel/74182473662,Brand site,High,2026-08-31
CL-USA-SOFTSOAP-1668,USA,Softsoap,Personal Care,Body Wash,Softsoap Body Wash,Softsoap Body Wash Pepermint Candy Holiday Edition 20 Fluid Ounces Packaging May Vary,package type name : Bottle item weight : 1.45946017444 is liquid double sealed : True model name : Body Wash Holiday Edition 20 Fl Oz age range description : Adult item package quantity : 1 scent : Peppermint material type free : Paraben Free brand : Softsoap unspsc code : 53130000 product expiration type : Shelf Life is expiration dated product : True item form : Gel package level : unit number of items : 1 recommended uses for product : Body size : 20 Fl Oz (Pack of 1) liquid volume : 20 fc sh,n.a.,20 fl oz,Liquid,100142119568,n.a.,n.a. (UPC database),https://www.upcitemdb.com/upc/100142119568,UPC database,Medium,2026-08-31
CL-USA-SOFTSOAP-1669,USA,Softsoap,Personal Care,Body Wash,Softsoap Body Wash,Softsoap Body Wash Pomegranate & Mango,"Moisturizing body wash infused with pomegranate extract and moisture beads. The paraben-free, pH-balanced formula is dermatologist tested and gentle enough for everyday use.",n.a.,20 fl oz 4ct,Liquid,035000977243,79493099,Target,https://www.target.com/p/softsoap-body-wash-pomegranate-38-mango-20-fl-oz-4ct/-/A-79493099,Retailer listing,High,2026-08-31
CL-USA-SOFTSOAP-1670,USA,Softsoap,Personal Care,Body Wash,Softsoap Body Wash,"Softsoap Body Wash, Bali Bliss, 20 OZ",Softsoap Body Wash in the Bali Bliss scent. Net size: 20 oz.,n.a.,20 oz,Liquid,n.a.,530956,CVS,https://www.cvs.com/shop/softsoap-body-wash-bali-bliss-20-oz-prodid-530956,Retailer listing,High,2026-08-31
CL-USA-SOFTSOAP-1671,USA,Softsoap,Personal Care,Body Wash,Softsoap Body Wash,"Softsoap Body Wash, Hawaiian Luau, 20 oz","Softsoap Body Wash in the Hawaiian Luau variant, available in a 20 oz size.",n.a.,20 oz,Liquid,n.a.,636419,CVS,https://www.cvs.com/shop/ingredients/softsoap-body-wash-hawaiian-luau-20-oz-prodid-636419,Retailer listing,High,2026-08-31
CL-USA-SOFTSOAP-1672,USA,Softsoap,Personal Care,Body Wash,Softsoap Body Wash,"Softsoap Body Wash, Pomegranate & Mango","Softsoap Body Wash in Pomegranate & Mango, 20 OZ.",n.a.,20 OZ,Liquid,n.a.,379085,CVS,https://www.cvs.com/shop/ingredients/softsoap-body-wash-pomegranate-mango-20-oz-prodid-379085,Retailer listing,High,2026-08-31
CL-USA-SOFTSOAP-1673,USA,Softsoap,Personal Care,Body Wash,Softsoap Body Wash,"Softsoap Body Wash, Pomegranate & Mango, 20 OZ","This moisturizing body wash is infused with pomegranate extract and contains moisture beads, leaving skin feeling fresh and senses happy. It is formulated without parabens and phthalates, is pH balanced, dermatologist tested, made with real fruit extracts, contains biodegradable cleaning ingredients, and comes in a recyclable bottle.",n.a.,20 oz,Liquid,n.a.,379085,CVS,https://www.cvs.com/shop/softsoap-body-wash-pomegranate-mango-20-oz-prodid-379085,Retailer listing,High,2026-08-31
CL-USA-SOFTSOAP-1674,USA,Softsoap,Personal Care,Body Wash,Softsoap Body Wash,"Softsoap Body Wash, Shea Butter & Almond Oil","Softsoap Body Wash, Shea & Almond Oil features a rich, fragrant lather and is made with real shea butter. This moisturizing body wash is gentle enough for everyday use, formulated without parabens and phthalates, pH balanced, dermatologist tested, and made with biodegradable cleaning ingredients.",Shea Butter,20 oz,Liquid,n.a.,379091,CVS,https://www.cvs.com/shop/softsoap-body-wash-shea-butter-almond-oil-20-oz-prodid-379091,Retailer listing,High,2026-08-31
CL-USA-SOFTSOAP-1675,USA,Softsoap,Personal Care,Body Wash,Softsoap Body Wash,"Softsoap Body Wash, Shea Butter & Almond Oil, 20 OZ","This pH balanced moisturizing body wash is made with real shea butter and almond oil for an enriched, luxurious experience. It is formulated without parabens or phthalates and helps retain the skin's natural moisture.",Shea Butter,20 OZ,Liquid,n.a.,379091,CVS,https://www.cvs.com/shop/softsoap-bodywash-shea-butter-almond-oil-20-oz-prodid-379091,Retailer listing,High,2026-08-31
CL-USA-SOFTSOAP-1676,USA,Softsoap,Personal Care,Body Wash,Softsoap Body Wash,Softsoap Citrus Splash & Berry Fusion Moisturizing Body Wash - 18 fl oz,"Get fresh and energized every time you shower with Softsoap Citrus Splash and Berry Fusion Body Wash. This moisturizing shower gel has suspended moisture beads that leave your skin feeling soft, smooth, and hydrated every time you shower. Delight in the blend of energizing fragrance infused with real berry and citrus extracts! This formula is enriched with a rich, long-lasting fragrance, moisture beads for soft skin, and an invigorating scent that stimulates the senses. Shower with a body wash t",Citrus,18fl. oz.,Liquid,074182281878,n.a.,n.a. (UPC database),https://www.upcitemdb.com/upc/074182281878,UPC database,Medium,2026-08-31
CL-USA-SOFTSOAP-1677,USA,Softsoap,Personal Care,Body Wash,Softsoap Body Wash,Softsoap Coconut Butter Exfoliating Body Wash 15 Ounce,Feel clean and refreshed with Softsoap Coconut Butter and Exfoliating Body Wash. This multi-function cleanser gently exfoliates conditions and softens skin by helping retain your body s natural moisture levels. Soft body wash features coconut and jojoba butter to nourish normal to dry skin with a soothing invigorating scent. It forms a rich indulgent lather when applied to a washcloth or bath pouf and rinses clean leaving skin conditioned and touchable soft. Each bottle contains 15 oz.,Coconut,15fl. oz. / 443mL Each,Liquid,074182280338,n.a.,n.a. (UPC database),https://www.upcitemdb.com/upc/074182280338,UPC database,Medium,2026-08-31
CL-USA-SOFTSOAP-1678,USA,Softsoap,Personal Care,Body Wash,Softsoap Body Wash,"Softsoap Exfoliating Body Wash, Blackberry Sugar Scrub",Body Wash,n.a.,15 Ounce,Liquid,074182282677,n.a.,n.a. (brand SmartLabel),https://www.colgatepalmolive.com/en-us/smartlabel/74182282677,Brand site,High,2026-08-31
CL-USA-SOFTSOAP-1679,USA,Softsoap,Personal Care,Body Wash,Softsoap Body Wash,"Softsoap Exfoliating Body Wash, Blackberry Sugar, 20 OZ","Softsoap Blackberry Sugar Body Wash is made with biodegradable cleaning ingredients and gently exfoliates with biodegradable beads. It is formulated without parabens and phthalates, is dermatologist tested, and is pH balanced for your skin.",n.a.,20 OZ,Liquid,n.a.,471879,CVS,https://www.cvs.com/shop/softsoap-exfoliating-body-wash-blackberry-sugar-20-oz-prodid-471879,Retailer listing,High,2026-08-31
CL-USA-SOFTSOAP-1680,USA,Softsoap,Personal Care,Body Wash,Softsoap Body Wash,"Softsoap Exfoliating Body Wash, Coconut Butter Scrub, 20 fl oz",Body Wash,Coconut,20 fl oz,Liquid,074182473389,n.a.,n.a. (brand SmartLabel),https://www.colgatepalmolive.com/en-us/smartlabel/74182473389,Brand site,High,2026-08-31
CL-USA-SOFTSOAP-1681,USA,Softsoap,Personal Care,Body Wash,Softsoap Body Wash,"Softsoap Exfoliating Body Wash, Lustrous Glow Pink Rose ...",Body Wash,n.a.,n.a.,Liquid,035000969118,n.a.,n.a. (brand SmartLabel),https://www.colgatepalmolive.com/en-us/smartlabel/35000969118,Brand site,High,2026-08-31
CL-USA-SOFTSOAP-1682,USA,Softsoap,Personal Care,Body Wash,Softsoap Body Wash,Softsoap Gel Body Wash Sweet Honeysuckle and Orange Peel 18 Ounce,Softsoap? Body Wash Sweet Honeysuckle and Orange Peel will surprise your skin and wow your senses Enriched with natural extracts of honeysuckle and orange peel this moisturizing body wash containing moisture beads will uplift you while leaving your skin feeling soft and smooth. Treat your skin with natural extracts and specially formulated moisture beads.,n.a.,18oz.,Paste / Gel,074182281298,n.a.,n.a. (UPC database),https://www.upcitemdb.com/upc/074182281298,UPC database,Medium,2026-08-31
CL-USA-SOFTSOAP-1683,USA,Softsoap,Personal Care,Body Wash,Softsoap Body Wash,Softsoap Luminous Oils Body Wash Avocado Oil & Iris 15 Ounce,Softsoap Luminous Oils Body Wash Avocado Oil & Iris is made with real avocado extract oil. This formula has just a touch of luxurious oil essence of iris and an invigorating fragrance. The sheer non-greasy formula will leave your skin feeling radiant and soft. Wow your senses and indulge your skin with Softsoap Luminous Oils body wash.,n.a.,Pack of 1,Liquid,074182282851,n.a.,n.a. (UPC database),https://www.upcitemdb.com/upc/074182282851,UPC database,Medium,2026-08-31
CL-USA-SOFTSOAP-1684,USA,Softsoap,Personal Care,Body Wash,Softsoap Body Wash,Softsoap Luminous Oils Macadamia Oil and Peony Body Wash 15 fl oz,Luminous Oils Macadamia Oil and Peony Body Wash New Softsoap? brand Luminous Oils body wash has just a touch of luxurious oil essence of peony and an alluring fragrance. The sheer non-greasy formula will leave your skin feeling radiant and soft.,n.a.,n.a.,Liquid,074182282844,n.a.,n.a. (UPC database),https://www.upcitemdb.com/upc/074182282844,UPC database,Medium,2026-08-31
CL-USA-SOFTSOAP-1685,USA,Softsoap,Personal Care,Body Wash,Softsoap Body Wash,Softsoap Moisturizing Adult Gel Body Wash Pomegranate and Mango for All Skin Types - 18 oz,Indulge your skin and delight your senses with Softsoap Juicy Pomegranate & Mango Infusions Moisturizing Body Wash. The ripe scent of juicy pomegranate and mango are your perfect escape. Infused with pomegranate extract this body wash leaves skin fresh and moist.,n.a.,Pack of 3,Paste / Gel,074182288235,n.a.,n.a. (UPC database),https://www.upcitemdb.com/upc/074182288235,UPC database,Medium,2026-08-31
CL-USA-SOFTSOAP-1686,USA,Softsoap,Personal Care,Body Wash,Softsoap Body Wash,Softsoap Moisturizing Body Wash Heavenly Vanilla Body Butter 15 Ounce,Softsoap Moisturizing Body Wash Heavenly Vanilla Body Butter has a luxurious formula and sweet vanilla fragrance for long-lasting silky smooth skin.,Vanilla,15 OZ,Liquid,074182281618,n.a.,n.a. (UPC database),https://www.upcitemdb.com/upc/074182281618,UPC database,Medium,2026-08-31
CL-USA-SOFTSOAP-1687,USA,Softsoap,Personal Care,Body Wash,Softsoap Body Wash,Softsoap Moisturizing Body Wash Shea & Almond Oil - 20 fl oz,Softsoap Body Wash Shea & Almond Oil 15 Oz will delight your skin and senses with a rich fragrant lather. This moisturizing body wash is made with real shea butter and is gentle enough to be used every day. Softsoap has been passionate about soap for over 40 years since it introduced the first ever liquid hand soap. Today we offer over 50 different formulas made with world class fragrances. Our teams are working together every day to reduce our impact on our environment. We are focused on signif,n.a.,15fl. oz. / 443mL Each,Liquid,074182281724,n.a.,n.a. (UPC database),https://www.upcitemdb.com/upc/074182281724,UPC database,Medium,2026-08-31
CL-USA-SOFTSOAP-1688,USA,Softsoap,Personal Care,Body Wash,Softsoap Body Wash,"Softsoap Moisturizing Body Wash, Citrus Splash and Berries",Body Wash,Citrus,n.a.,Liquid,074182473570,n.a.,n.a. (brand SmartLabel),https://www.colgatepalmolive.com/en-us/smartlabel/74182473570,Brand site,High,2026-08-31
CL-USA-SOFTSOAP-1689,USA,Softsoap,Personal Care,Body Wash,Softsoap Body Wash,"Softsoap Moisturizing Body Wash, Coconut Quench, 15 Ounce","Feel soft & smooth Save Water www.colgate.com/savewater Packing - Recyclable Colgate-Palmolive Company, New York, NY, 10022. www.softsoap.com IES Enterprises, Inc. TM Reg'd",Coconut,n.a.,Liquid,074182283292,n.a.,n.a. (UPC database),https://www.upcitemdb.com/upc/074182283292,UPC database,Medium,2026-08-31
CL-USA-SOFTSOAP-1690,USA,Softsoap,Personal Care,Body Wash,Softsoap Body Wash,"Softsoap Moisturizing Body Wash, Juicy Pomegranate and Mango ...",Body Wash,n.a.,n.a.,Liquid,074182473518,n.a.,n.a. (brand SmartLabel),https://www.colgatepalmolive.com/en-us/smartlabel/74182473518,Brand site,High,2026-08-31
CL-USA-SOFTSOAP-1691,USA,Softsoap,Personal Care,Body Wash,Softsoap Body Wash,"Softsoap Moisturizing Body Wash, Juicy Pomegranate and Mango, 20 Ounce Twin Pack",Body Wash,n.a.,20 Ounce Twin Pack,Liquid,035000971371,n.a.,n.a. (brand SmartLabel),https://www.colgatepalmolive.com/en-us/smartlabel/35000971371,Brand site,High,2026-08-31
CL-USA-SOFTSOAP-1692,USA,Softsoap,Personal Care,Body Wash,Softsoap Body Wash,"Softsoap Moisturizing Body Wash, Luminous Oils ...",Body Wash,n.a.,n.a.,Liquid,074182473693,n.a.,n.a. (brand SmartLabel),https://www.colgatepalmolive.com/en-us/smartlabel/74182473693,Brand site,High,2026-08-31
CL-USA-SOFTSOAP-1693,USA,Softsoap,Personal Care,Body Wash,Softsoap Body Wash,"Softsoap Moisturizing Body Wash, Luminous Oils Coconut Oil & Lavender",Body Wash,Lavender,20 Ounce,Liquid,074182473709,n.a.,n.a. (brand SmartLabel),https://www.colgatepalmolive.com/en-us/smartlabel/74182473709,Brand site,High,2026-08-31
CL-USA-SOFTSOAP-1694,USA,Softsoap,Personal Care,Body Wash,Softsoap Body Wash,"Softsoap Moisturizing Body Wash, Shea & Almond Oil, 20 Ounce",Body Wash,n.a.,20 Ounce,Liquid,074182473396,n.a.,n.a. (brand SmartLabel),https://www.colgatepalmolive.com/en-us/smartlabel/74182473396,Brand site,High,2026-08-31
CL-USA-SOFTSOAP-1695,USA,Softsoap,Personal Care,Body Wash,Softsoap Body Wash,"Softsoap Moisturizing Body Wash, Sweet Honeysuckle and Orange",Body Wash,n.a.,20 Ounce,Liquid,074182473525,n.a.,n.a. (brand SmartLabel),https://www.colgatepalmolive.com/en-us/smartlabel/74182473525,Brand site,High,2026-08-31
CL-USA-SOFTSOAP-1696,USA,Softsoap,Personal Care,Body Wash,Softsoap Body Wash,"Softsoap Moisturizing Body Wash, Vanilla & Jojoba Oil, ...",Body Wash,Vanilla,n.a.,Liquid,074182473402,n.a.,n.a. (brand SmartLabel),https://www.colgatepalmolive.com/en-us/smartlabel/74182473402,Brand site,High,2026-08-31
CL-USA-SOFTSOAP-1697,USA,Softsoap,Personal Care,Body Wash,Softsoap Body Wash,Warm Vanilla & Jojoba Oil Body Wash,Softsoap® Warm Vanilla & Jojoba Oil Body Wash is made with real jojoba oil to help retain your skin's natural moisture.,Vanilla,20 fluid ounces (591 mL),Liquid,n.a.,n.a.,softsoap.com,https://www.softsoap.com/en-us/products/body-wash/shea-almond-oil,Brand site,Medium,2026-08-31
CL-USA-SOFTSOAP-1698,USA,Softsoap,Personal Care,Liquid Hand Soap,Softsoap Foaming Hand Soap,Dreamy Lavender & Almond Milk Scent Foaming Hand Soap,"Indulge in a pampering clean with Softsoap Velvet Silk Foaming Liquid Hand Soap, Dreamy Lavender & Almond Milk Scent; a luxury hand soap that brings a touch of elegance to every sink.",Lavender,n.a.,Liquid,n.a.,n.a.,softsoap.com,https://www.softsoap.com/en-us/products/hand-soap/lavender-fields-scent,Brand site,Medium,2026-08-31
CL-USA-SOFTSOAP-1699,USA,Softsoap,Personal Care,Liquid Hand Soap,Softsoap Foaming Hand Soap,Softsoap Silk Dreamy Lavender & Almond Milk Foaming Hand Soap,"A foaming liquid hand soap with a calming lavender fragrance blended with almond milk. Its advanced formula gently cleanses and moisturizes skin, helping hands feel soft, smooth, and hydrated after washing.",Lavender,9 fl oz 1pk,Liquid,827854025474,94846796,Target,https://www.target.com/p/softsoap-silk-dreamy-lavender-38-almond-milk-foaming-hand-soap-9-fl-oz/-/A-94846796,Retailer listing,High,2026-08-31
CL-USA-SOFTSOAP-1700,USA,Softsoap,Personal Care,Liquid Hand Soap,Softsoap Foaming Hand Soap,Softsoap Velvet Silk Caramelized Coconut & Vanilla Foaming Hand Soap,A foaming liquid hand soap with a creamy coconut fragrance blended with warm vanilla and a hint of caramel. The formula is enriched with moisturizer and crafted without parabens or phthalates.,Coconut,9 fl oz 1pk,Liquid,827854025467,94846798,Target,https://www.target.com/p/softsoap-velvet-silk-caramelized-coconut-38-vanilla-foaming-hand-soap-9-fl-oz/-/A-94846798,Retailer listing,High,2026-08-31
CL-USA-SOFTSOAP-1701,USA,Softsoap,Personal Care,Liquid Hand Soap,Softsoap Foaming Hand Soap,Softsoap Velvet Silk Foaming Hand Soap,Softsoap Velvet Silk Foaming Hand Soap in the Twilight Berry & Shea variant. The active ingredient is Benzalkonium Chloride 0.13%.,n.a.,9 oz,Liquid,n.a.,567433,CVS,https://www.cvs.com/shop/ingredients/softsoap-velvet-silk-foaming-hand-soap-twilight-berry-shea-9-oz-prodid-567433,Retailer listing,High,2026-08-31
CL-USA-SOFTSOAP-1702,USA,Softsoap,Personal Care,Liquid Hand Soap,Softsoap Foaming Hand Soap,"Softsoap Velvet Silk Foaming Hand Soap, Caramelized Coconut & Vanilla, 9 OZ","Softsoap Velvet Silk Foaming Hand Soap is enriched with moisturizer and effectively cleans hands while leaving skin feeling soft. The formula is hypoallergenic, dye free, paraben free, formulated without phthalates, and dermatologist tested.",Coconut,9 oz,Liquid,n.a.,566899,CVS,https://www.cvs.com/shop/softsoap-velvet-silk-foaming-hand-soap-caramelized-coconut-vanilla-9-oz-prodid-566899,Retailer listing,High,2026-08-31
CL-USA-SOFTSOAP-1703,USA,Softsoap,Personal Care,Liquid Hand Soap,Softsoap Foaming Hand Soap,"Softsoap Velvet Silk Foaming Hand Soap, Dreamy Lavender & Almond Milk, 9 OZ","Softsoap Velvet Silk Foaming Hand Soap is enriched with moisturizer and effectively cleans hands while helping protect skin’s natural barrier by retaining skin’s natural moisture. The hypoallergenic, dye-free, paraben-free formula is formulated without phthalates and dermatologist tested.",Lavender,9 OZ,Liquid,n.a.,566903,CVS,https://www.cvs.com/shop/softsoap-velvet-silk-foaming-hand-soap-dreamy-lavender-almond-milk-9-oz-prodid-566903,Retailer listing,High,2026-08-31
CL-USA-SOFTSOAP-1704,USA,Softsoap,Personal Care,Liquid Hand Soap,Softsoap Foaming Hand Soap,"Softsoap Velvet Silk Foaming Hand Soap, Twilight Berry & Shea",Foaming hand soap in the Twilight Berry & Shea variant.,n.a.,9 oz,Liquid,n.a.,567433,CVS,https://www.cvs.com/shop/softsoap-velvet-silk-foaming-hand-soap-twilight-berry-shea-9-oz-prodid-567433,Retailer listing,High,2026-08-31
CL-USA-SOFTSOAP-1705,USA,Softsoap,Personal Care,Liquid Hand Soap,Softsoap Foaming Hand Soap,Softsoap Velvet Silk Twilight Berry & Shea Butter Foaming Hand Soap,"Softsoap Velvet Silk Foaming Liquid Hand Soap blends juicy twilight berries with rich shea butter for a fruity, comforting scent. Its formula provides a foaming hand soap experience while cleansing and moisturizing skin.",Shea Butter,"9 fl oz, 1 pump bottle",Liquid,827854025535,94846795,Target,https://www.target.com/p/softsoap-velvet-silk-twilight-berry-38-shea-butter-foaming-hand-soap-9-fl-oz/-/A-94846795,Retailer listing,High,2026-08-31
CL-USA-SOFTSOAP-1706,USA,Softsoap,Personal Care,Liquid Hand Soap,Softsoap Hand Soap Refill,Refreshing Clean Liquid Hand Soap Refill,"Softsoap® Refreshing Clean liquid hand soap has a light, fresh scent and washes away bacteria, dirt, grease, grime, oil, and food. It is provided in a professional-sized gallon bottle for refilling soap dispensers.",n.a.,128 fl oz (1 gallon) (3.78 L),Liquid,n.a.,n.a.,softsoap.com,https://www.softsoap.com/en-us/products/hand-soap/refreshing-clean-refill,Brand site,Medium,2026-08-31
CL-USA-SOFTSOAP-1707,USA,Softsoap,Personal Care,Liquid Hand Soap,Softsoap Hand Soap Refill,Softsoap Antibacterial Liquid Hand Soap Refill - Crisp Clean,"One 50 fl oz refill bottle of Softsoap Antibacterial Crisp Clean Liquid Hand Soap with a new easy pour spout. The formula is designed to eliminate 99.9% of bacteria, is enriched with moisturizers, and is paraben free, formulated without phthalates, and dermatologist tested.",n.a.,50 fl oz 1pk,Liquid,074182463250,76200092,Target,https://www.target.com/p/softsoap-antibacterial-liquid-hand-soap-refill-crisp-clean-50-fl-oz/-/A-76200092,Retailer listing,High,2026-08-31
CL-USA-SOFTSOAP-1708,USA,Softsoap,Personal Care,Liquid Hand Soap,Softsoap Hand Soap Refill,Softsoap Antibacterial Liquid Hand Soap Refill - Fresh Citrus,One 50 fl oz refill bottle of Softsoap Antibacterial Liquid Hand Soap in Fresh Citrus scent. The antibacterial hand soap eliminates 99.9% of bacteria and is formulated without parabens or phthalates.,Citrus,50 fl oz 1 bottle,Liquid,074182459918,75566353,Target,https://www.target.com/p/softsoap-antibacterial-liquid-hand-soap-refill-fresh-citrus-50-fl-oz/-/A-75566353,Retailer listing,High,2026-08-31
CL-USA-SOFTSOAP-1709,USA,Softsoap,Personal Care,Liquid Hand Soap,Softsoap Hand Soap Refill,Softsoap Antibacterial Liquid Hand Soap Refill - White Tea & Berry - 50 fl oz,"One 50 fl oz refill bottle of Softsoap Antibacterial Liquid Hand Soap with White Tea and Berry scent. The antibacterial hand soap eliminates 99.9% of bacteria, is enriched with moisturizers, and helps protect skin’s natural barrier by retaining skin’s natural moisture.",n.a.,50 fl oz 1 bottle,Liquid,074182463236,75566357,Target,https://www.target.com/p/softsoap-antibacterial-white-tea-38-berry-hand-soap-refill-50oz/-/A-75566357,Retailer listing,High,2026-08-31
CL-USA-SOFTSOAP-1710,USA,Softsoap,Personal Care,Liquid Hand Soap,Softsoap Hand Soap Refill,Softsoap Antibacterial Liquid Hand Soap Refill - White Tea & Berry - 50 fl oz,Softsoap Antibacterial Liquid Hand Soap with a White Tea and Berry scent comes in a 50 fl oz refill bottle with an easy-pour spout. It eliminates 99.9% of bacteria in handwashing tests against S. aureus and E. coli and is enriched with moisturizers.,n.a.,50 fl oz 1pk,Liquid,074182463236,75566357,Target,https://www.target.com/p/softsoap-antibacterial-liquid-hand-soap-refill-white-tea-38-berry-50-fl-oz/-/A-75566357,Retailer listing,High,2026-08-31
CL-USA-SOFTSOAP-1711,USA,Softsoap,Personal Care,Liquid Hand Soap,Softsoap Hand Soap Refill,"Softsoap Deeply Moisturizing Liquid Hand Soap Refill, Lavender ...",Liquid Hand Soap,Lavender,n.a.,Liquid,035000982223,n.a.,n.a. (brand SmartLabel),https://www.colgatepalmolive.com/en-us/smartlabel/35000982223,Brand site,High,2026-08-31
CL-USA-SOFTSOAP-1712,USA,Softsoap,Personal Care,Liquid Hand Soap,Softsoap Hand Soap Refill,Softsoap Hand Soap Refill,Softsoap hand soap refill for personal hygiene and cleansing. Suitable for all skin types.,n.a.,n.a.,Liquid,n.a.,1020525,CVS,https://www.cvs.com/shop/ingredients/softsoap-hand-soap-refill-prodid-1020525,Retailer listing,High,2026-08-31
CL-USA-SOFTSOAP-1713,USA,Softsoap,Personal Care,Liquid Hand Soap,Softsoap Hand Soap Refill,"Softsoap Hand Soap Refill, Gently Coconut - 32 Fluid Ounce",Hand Soap Refill,Coconut,32 Fluid Ounce,Liquid,035000989192,n.a.,n.a. (brand SmartLabel),https://www.colgatepalmolive.com/en-us/smartlabel/35000989192,Brand site,High,2026-08-31
CL-USA-SOFTSOAP-1714,USA,Softsoap,Personal Care,Liquid Hand Soap,Softsoap Hand Soap Refill,"Softsoap Hand Soap Refill, White Tea and Berry","Softsoap Antibacterial Liquid Hand Soap refill with a refreshing White Tea and Berry scent. It eliminates 99.9% of bacteria, is enriched with moisturizers, paraben free, formulated without phthalates, dermatologist tested, and comes in a recyclable bottle.",n.a.,50 oz,Liquid,n.a.,1020525,CVS,https://www.cvs.com/shop/softsoap-hand-soap-refill-prodid-1020525,Retailer listing,High,2026-08-31
CL-USA-SOFTSOAP-1715,USA,Softsoap,Personal Care,Liquid Hand Soap,Softsoap Hand Soap Refill,Softsoap Liquid Hand Soap Refill,"Softsoap Liquid Hand Soap Refill in a peach scent, offered in a 50 oz size.",n.a.,50 oz,Liquid,n.a.,636413,CVS,https://www.cvs.com/shop/ingredients/softsoap-liquid-hand-soap-refill-peach-50-oz-prodid-636413,Retailer listing,High,2026-08-31
CL-USA-SOFTSOAP-1716,USA,Softsoap,Personal Care,Liquid Hand Soap,Softsoap Hand Soap Refill,Softsoap Liquid Hand Soap Refill Aquarium Series - 56 fluid ounces,Wash away dirt and bacteria with Softsoap Liquid Hand Soap Refill Aquarium Series for good hand hygiene (health care agencies recommend washing hands to wash away dirt and bacteria). This refill hand soap formula is the same Aquarium Series formula you trust to keep your hands clean and soft. Enjoy the delightful and clean fragrance of Softsoap s Aquarium Series.,n.a.,56oz.,Liquid,074182269913,n.a.,n.a. (UPC database),https://www.upcitemdb.com/upc/074182269913,UPC database,Medium,2026-08-31
CL-USA-SOFTSOAP-1717,USA,Softsoap,Personal Care,Liquid Hand Soap,Softsoap Hand Soap Refill,"Softsoap Liquid Hand Soap Refill, Peach, 50 Oz.",Softsoap Juicy Peach liquid hand soap refill formulated without parabens or phthalates and dermatologist-tested. It washes away bacteria while retaining skin's natural moisture and can be used in the bathroom or kitchen.,n.a.,"50 fl oz, 1 refill bottle",Liquid,n.a.,636413,CVS,https://www.cvs.com/shop/softsoap-liquid-hand-soap-refill-peach-50-oz-prodid-636413,Retailer listing,High,2026-08-31
CL-USA-SOFTSOAP-1718,USA,Softsoap,Personal Care,Liquid Hand Soap,Softsoap Hand Soap Refill,"Softsoap Milk & Honey Scented, Liquid Hand Soap Refill",Liquid Hand Soap,Milk & Honey,n.a.,Liquid,074182463298,n.a.,n.a. (brand SmartLabel),https://www.colgatepalmolive.com/en-us/smartlabel/74182463298,Brand site,High,2026-08-31
CL-USA-SOFTSOAP-1719,USA,Softsoap,Personal Care,Liquid Hand Soap,Softsoap Hand Soap Refill,Softsoap Milk and Golden Honey Moisturizing Hand Soap Refill Liquid Hand Cleanser 50 oz,"Softsoap Milk and Golden Honey Moisturizing Hand Soap Refill provides a liquid cleansing format designed to support routine hand washing as part of structured hygiene routines. The 50 oz refill bottle supports extended availability and convenient storage for maintaining soap dispensers in bathrooms, kitchens, or shared spaces.",n.a.,50 fl oz,Liquid,074182269890,1011460974,Target,https://www.target.com/p/softsoap-milk-and-golden-honey-moisturizing-hand-soap-refill-liquid-hand-cleanser-50-oz/-/A-1011460974,Retailer listing,High,2026-08-31
CL-USA-SOFTSOAP-1720,USA,Softsoap,Personal Care,Liquid Hand Soap,Softsoap Hand Soap Refill,Softsoap Moisturizing Liquid Hand Soap Pump Refill - Aquarium Series,"One 50 fl oz refill bottle of Softsoap Aquarium Liquid Hand Soap with an easy pour spout. The dermatologist-tested, paraben-free hand soap is formulated without phthalates and is designed to refill a standard 7.5 oz liquid hand soap pump bottle over 6 times.",n.a.,50 fl oz 1pk,Liquid,074182459932,75566362,Target,https://www.target.com/p/softsoap-liquid-hand-soap-refill-aquarium-series-50-fl-oz/-/A-75566362,Retailer listing,High,2026-08-31
CL-USA-SOFTSOAP-1721,USA,Softsoap,Personal Care,Liquid Hand Soap,Softsoap Hand Soap Refill,Softsoap Moisturizing Liquid Hand Soap Pump Refill - Aquarium Series - 50 fl oz,"Softsoap Aquarium Liquid Hand Soap refill with a new easy pour spout provides a smooth, mess-free refill experience. The dermatologist-tested, paraben-free hand soap is formulated without phthalates and helps retain skin’s natural moisture.",n.a.,50 fl oz 1 count,Liquid,074182459932,75566362,Target,https://www.target.com/p/softsoap-moisturizing-liquid-hand-soap-pump/-/A-94945432,Retailer listing,High,2026-08-31
CL-USA-SOFTSOAP-1722,USA,Softsoap,Personal Care,Liquid Hand Soap,Softsoap Hand Soap Refill,Softsoap Moisturizing Liquid Hand Soap Pump Refill - Soothing Aloe Vera - 50 fl oz,"One 50 fl oz refill bottle of Softsoap Soothing Clean Liquid Hand Soap with a new easy pour spout. The dermatologist-tested, paraben-free and phthalate-free liquid hand soap washes away bacteria, dirt, grease, grime, oil and food while helping retain skin’s natural moisture.",Aloe,"50 fl oz, 1 piece",Liquid,074182459925,75566355,Target,https://www.target.com/p/softsoap-moisturizing-liquid-hand-soap-refill-soothing-aloe-vera-50-fl-oz/-/A-75566355,Retailer listing,High,2026-08-31
CL-USA-SOFTSOAP-1723,USA,Softsoap,Personal Care,Liquid Hand Soap,Softsoap Hand Soap Refill,Softsoap Moisturizing Liquid Hand Soap Refill - Coconut & Hibiscus,Softsoap Coconut and Hibiscus Moisturizing Liquid Hand Soap is a deeply moisturizing liquid hand soap with a sweet and floral scent. The dermatologist-tested formula hydrates dry skin while washing away bacteria and is formulated without parabens and phthalates.,Coconut,50 fl oz 1 count,Liquid,035000982483,80164514,Target,https://www.target.com/p/softsoap-moisturizing-liquid-hand-soap-refill-coconut-38-hibiscus-50-fl-oz/-/A-80164514,Retailer listing,High,2026-08-31
CL-USA-SOFTSOAP-1724,USA,Softsoap,Personal Care,Liquid Hand Soap,Softsoap Hand Soap Refill,Softsoap Moisturizing Liquid Hand Soap Refill - Milk & Honey,One 50 fl oz refill bottle of Softsoap Moisturizing Liquid Hand Soap with a new easy pour spout and Milk & Honey scent. The liquid hand soap is formulated with extracts of milk protein and sweet honey and is proudly formulated without parabens or phthalates.,Milk & Honey,50 fl oz 1pk,Liquid,074182463298,75566361,Target,https://www.target.com/p/softsoap-moisturizing-liquid-hand-soap-refill-milk-38-honey-50-fl-oz/-/A-75566361,Retailer listing,High,2026-08-31
CL-USA-SOFTSOAP-1725,USA,Softsoap,Personal Care,Liquid Hand Soap,Softsoap Hand Soap Refill,Softsoap Moisturizing Liquid Hand Soap Refill - Soothing Aloe Vera - 50 fl oz,Moisturizing liquid hand soap refill with an aloe vera fresh scent that leaves hands feeling smooth and soft. The recyclable bottle contains 35% post-consumer recycled content.,Aloe,50 fl oz,Liquid,074182459925,75566355,Target,https://www.target.com/p/softsoap-liquid-hand-soap-refill-soothing-clean-50-fl-oz/-/A-75566355,Retailer listing,High,2026-08-31
CL-USA-SOFTSOAP-1726,USA,Softsoap,Personal Care,Liquid Hand Soap,Softsoap Hand Soap Refill,Softsoap Soothing Clean Liquid Hand Soap Refill,Liquid Hand Soap Refill,n.a.,n.a.,Liquid,074182459925,n.a.,n.a. (brand SmartLabel),https://www.colgatepalmolive.com/en-us/smartlabel/74182459925,Brand site,High,2026-08-31
CL-USA-SOFTSOAP-1727,USA,Softsoap,Personal Care,Liquid Hand Soap,Softsoap Liquid Hand Soap,9238007 SOFTSOAP ALOE GAL REFL Softsoap Aloe Vera Scent lqd Hand Soap 1 gal (Pack of 4),Give your hands the soothing experience of Softsoap Moisturizing Liquid Hand Soap to keep your hands feeling moisturized. Wash away dirt and bacteria with Softsoap liquid hand soap (health care agencies recommend washing hands in warm water for at least 20 seconds to wash away dirt and bacteria). Bring a moment of joy to your day. Application: Hand; Capacity (Volume): 1 gal; Color(s): White; Packing Type: Bottle; Scent: Aloe Vera Fresh; Soap Type: Liquid Post-Consumer Recycled Content Percent: 0,Aloe,1gal.,Liquid,035110019000,n.a.,n.a. (UPC database),https://www.upcitemdb.com/upc/035110019000,UPC database,Medium,2026-08-31
CL-USA-SOFTSOAP-1728,USA,Softsoap,Personal Care,Liquid Hand Soap,Softsoap Liquid Hand Soap,Antibacterial Clean & Protect Cool Splash Scent Liquid Hand Soap,"Softsoap® Antibacterial Clean & Protect liquid hand soap is clinically proven to eliminate 99.9% of bacteria, leaving your skin feeling clean and protected.",n.a.,11.25 fluid ounces,Liquid,n.a.,n.a.,softsoap.com,https://www.softsoap.com/en-us/products/hand-soap/antibacterial-crisp-clean,Brand site,Medium,2026-08-31
CL-USA-SOFTSOAP-1729,USA,Softsoap,Personal Care,Liquid Hand Soap,Softsoap Liquid Hand Soap,Antibacterial Crisp Clean Scent Liquid Hand Soap,"Softsoap® Antibacterial Crisp Clean Scent liquid hand soap is clinically proven to eliminate 99.9% of bacteria, leaving your skin feeling clean and protected.",n.a.,11.25 fl oz,Liquid,n.a.,n.a.,softsoap.com,https://www.softsoap.com/en-us/products/hand-soap/antibacterial-clean-protect,Brand site,Medium,2026-08-31
CL-USA-SOFTSOAP-1730,USA,Softsoap,Personal Care,Liquid Hand Soap,Softsoap Liquid Hand Soap,Antibacterial Kitchen Fresh Hands Scent Liquid Hand Soap,"Softsoap® Antibacterial Kitchen Fresh Hands Scent liquid hand soap is clinically proven to eliminate 99.9% of bacteria, leaving your skin feeling clean and protected.",n.a.,11.25 fl oz,Liquid,n.a.,n.a.,softsoap.com,https://www.softsoap.com/en-us/products/hand-soap/antibacterial-fresh-citrus,Brand site,Medium,2026-08-31
CL-USA-SOFTSOAP-1731,USA,Softsoap,Personal Care,Liquid Hand Soap,Softsoap Liquid Hand Soap,Antibacterial Liquid Hand Soap Pump - Clean & Protect - Cool Splash - 11.25 fl oz,"Softsoap Antibacterial Hand Soap in Cool Splash scent eliminates 99.9% of bacteria in handwashing tests against S. aureus and E. coli. The paraben-free and phthalate-free liquid soap is pH balanced, enriched with moisturizers, and dispensed from a convenient pump bottle.",n.a.,11.25 fl oz 1pk,Liquid,035000985378,80164512,Target,https://www.target.com/p/softsoap-antibacterial-liquid-hand-soap-pump/-/A-94945434,Retailer listing,High,2026-08-31
CL-USA-SOFTSOAP-1732,USA,Softsoap,Personal Care,Liquid Hand Soap,Softsoap Liquid Hand Soap,Antibacterial Sensitive Rosewater & Aloe Scent Liquid Hand Soap,Softsoap® Antibacterial Sensitive Rosewater & Aloe Scent liquid hand soap is clinically proven to eliminate 99.9% of bacteria while keeping your hands hydrated.,Aloe,n.a.,Liquid,n.a.,n.a.,softsoap.com,https://www.softsoap.com/en-us/products/body-wash/candy-cane-lane,Brand site,Medium,2026-08-31
CL-USA-SOFTSOAP-1733,USA,Softsoap,Personal Care,Liquid Hand Soap,Softsoap Liquid Hand Soap,Aquarium Liquid Hand Soap,"Enjoy Softsoap® Aquarium liquid hand soap for a light, fresh scent that delivers an effective clean.",n.a.,7.5 fluid ounce,Liquid,n.a.,n.a.,softsoap.com,https://www.softsoap.com/en-us/products/hand-soap/soothing-clean,Brand site,Medium,2026-08-31
CL-USA-SOFTSOAP-1734,USA,Softsoap,Personal Care,Liquid Hand Soap,Softsoap Liquid Hand Soap,Aquarium Liquid Hand Soap,"Enjoy Softsoap® Aquarium liquid hand soap for a light, fresh scent that delivers an effective clean.",n.a.,7.5 fluid ounces,Liquid,n.a.,n.a.,softsoap.com,https://www.softsoap.com/en-us/products/hand-soap/milk-honey,Brand site,Medium,2026-08-31
CL-USA-SOFTSOAP-1735,USA,Softsoap,Personal Care,Liquid Hand Soap,Softsoap Liquid Hand Soap,Cherry Blossom Scent Seasonal Liquid Hand Soap,"Brighten your day with the refreshing clean of Softsoap Limited Edition Liquid Hand Soap, Cherry Blossom Scent.",n.a.,n.a.,Liquid,n.a.,n.a.,softsoap.com,https://www.softsoap.com/en-us/products/hand-soap/cherry-blossom,Brand site,Medium,2026-08-31
CL-USA-SOFTSOAP-1736,USA,Softsoap,Personal Care,Liquid Hand Soap,Softsoap Liquid Hand Soap,Coconut Vanilla Scent Seasonal Liquid Hand Soap,"Bring joy to everyday moments with Softsoap Limited Edition Liquid Hand Soap, Coconut Vanilla Scent.",Coconut,n.a.,Liquid,n.a.,n.a.,softsoap.com,https://www.softsoap.com/en-us/products/hand-soap/coconut-vanilla-scent,Brand site,Medium,2026-08-31
CL-USA-SOFTSOAP-1737,USA,Softsoap,Personal Care,Liquid Hand Soap,Softsoap Liquid Hand Soap,Cool Rain Liquid Hand Soap,"Softsoap® Cool Rain liquid hand soap is a luxurious hand soap with a watery, marine fresh, and fruity fragrance.",n.a.,n.a.,Liquid,n.a.,n.a.,softsoap.com,https://www.softsoap.com/en-us/products/hand-soap/fresh-breeze,Brand site,Medium,2026-08-31
CL-USA-SOFTSOAP-1738,USA,Softsoap,Personal Care,Liquid Hand Soap,Softsoap Liquid Hand Soap,Energized Liquid Hand Soap,Softsoap® Energized liquid hand soap features a refreshing raspberry & mandarin scent and is enhanced with AromaLift fragrance technology designed to boost your mood.,n.a.,11.25 fl oz,Liquid,n.a.,n.a.,softsoap.com,https://www.softsoap.com/en-us/products/hand-soap/renewed,Brand site,Medium,2026-08-31
CL-USA-SOFTSOAP-1739,USA,Softsoap,Personal Care,Liquid Hand Soap,Softsoap Liquid Hand Soap,Joyful Liquid Hand Soap,Softsoap® Joyful liquid hand soap features a refreshing cherry & passion fruit scent and is enhanced with AromaLift fragrance technology designed to boost your mood.,n.a.,n.a.,Liquid,n.a.,n.a.,softsoap.com,https://www.softsoap.com/en-us/products/hand-soap/energized,Brand site,Medium,2026-08-31
CL-USA-SOFTSOAP-1740,USA,Softsoap,Personal Care,Liquid Hand Soap,Softsoap Liquid Hand Soap,Juicy Peach Scent Liquid Hand Soap,"Softsoap® Juicy Peach Liquid Hand Soap features a rich, fruity scent and effectively washes away bacteria for clean and fresh hands. It leaves skin feeling soft and smooth and retains skin's natural moisture.",n.a.,n.a.,Liquid,n.a.,n.a.,softsoap.com,https://www.softsoap.com/en-us/products/hand-soap/juicy-peach,Brand site,Medium,2026-08-31
CL-USA-SOFTSOAP-1741,USA,Softsoap,Personal Care,Liquid Hand Soap,Softsoap Liquid Hand Soap,Kiwi Scent Seasonal Liquid Hand Soap,"Brighten your day with the refreshing clean of Softsoap Limited Edition Liquid Hand Soap, Kiwi Scent.",n.a.,n.a.,Liquid,n.a.,n.a.,softsoap.com,https://www.softsoap.com/en-us/products/hand-soap/kiwi-scent,Brand site,Medium,2026-08-31
CL-USA-SOFTSOAP-1742,USA,Softsoap,Personal Care,Liquid Hand Soap,Softsoap Liquid Hand Soap,Lavender & Shea Scent Liquid Hand Soap,Softsoap® Lavender & Shea Scent liquid hand soap washes away bacteria and deeply moisturizes to hydrate dry skin.,Lavender,11 oz,Liquid,n.a.,n.a.,softsoap.com,https://www.softsoap.com/en-us/products/hand-soap/vanilla-coconut-milk,Brand site,Medium,2026-08-31
CL-USA-SOFTSOAP-1743,USA,Softsoap,Personal Care,Liquid Hand Soap,Softsoap Liquid Hand Soap,Lavender & Shea Scent Liquid Hand Soap,Softsoap® Lavender & Shea Scent liquid hand soap washes away bacteria and deeply moisturizes to hydrate dry skin.,Lavender,n.a.,Liquid,n.a.,n.a.,softsoap.com,https://www.softsoap.com/en-us/products/hand-soap/coconut-hibiscus,Brand site,Medium,2026-08-31
CL-USA-SOFTSOAP-1744,USA,Softsoap,Personal Care,Liquid Hand Soap,Softsoap Liquid Hand Soap,Mango Scent Seasonal Liquid Hand Soap,n.a.,n.a.,n.a.,Liquid,n.a.,n.a.,softsoap.com,https://www.softsoap.com/en-us/products/hand-soap/mango-scent,Brand site,Medium,2026-08-31
CL-USA-SOFTSOAP-1745,USA,Softsoap,Personal Care,Liquid Hand Soap,Softsoap Liquid Hand Soap,Meyer Lemon Scent Seasonal Liquid Hand Soap,"Brighten your day with the refreshing clean of Softsoap Limited Edition Liquid Hand Soap, Meyer Lemon Scent.",Lemon,n.a.,Liquid,n.a.,n.a.,softsoap.com,https://www.softsoap.com/en-us/products/hand-soap/meyer-lemon,Brand site,Medium,2026-08-31
CL-USA-SOFTSOAP-1746,USA,Softsoap,Personal Care,Liquid Hand Soap,Softsoap Liquid Hand Soap,"Milk & Honey Scent, Moisturizing Hand Soap","SoftSoap Milk & Honey Moisturizing Hand Soap is designed to gently cleanse while helping to retain skin’s natural moisture. Its rich, creamy formula leaves hands feeling soft, smooth, and refreshed after every wash.",Milk & Honey,7.5 fl oz,Liquid,074182290948,1005497715,Target,https://www.target.com/p/softsoap-milk-honey-scent-moisturizing-hand-soap-7-5-oz/-/A-1005497715,Retailer listing,High,2026-08-31
CL-USA-SOFTSOAP-1747,USA,Softsoap,Personal Care,Liquid Hand Soap,Softsoap Liquid Hand Soap,Morning Blooms Scent Seasonal Liquid Hand Soap,"Bring joy to everyday moments with Softsoap Limited Edition Liquid Hand Soap, Morning Blooms Scent.",n.a.,n.a.,Liquid,n.a.,n.a.,softsoap.com,https://www.softsoap.com/en-us/products/hand-soap/morning-blooms-scent,Brand site,Medium,2026-08-31
CL-USA-SOFTSOAP-1748,USA,Softsoap,Personal Care,Liquid Hand Soap,Softsoap Liquid Hand Soap,Pure Air Liquid Hand Soap,"Softsoap® Pure Air liquid hand soap is a luxurious hand soap with a floral fragrance with crisp airy notes, enhanced with a bit of bergamot for a bright impact.",n.a.,n.a.,Liquid,n.a.,n.a.,softsoap.com,https://www.softsoap.com/en-us/products/hand-soap/aquarium,Brand site,Medium,2026-08-31
CL-USA-SOFTSOAP-1749,USA,Softsoap,Personal Care,Liquid Hand Soap,Softsoap Liquid Hand Soap,Renewed Liquid Hand Soap,Softsoap® Renewed liquid hand soap features a captivating plum & jasmine scent and is enhanced with AromaLift fragrance technology designed to boost your mood.,n.a.,n.a.,Liquid,n.a.,n.a.,softsoap.com,https://www.softsoap.com/en-us/products/hand-soap/joyful,Brand site,Medium,2026-08-31
CL-USA-SOFTSOAP-1750,USA,Softsoap,Personal Care,Liquid Hand Soap,Softsoap Liquid Hand Soap,SoftSoap Hand Soap,n.a.,n.a.,n.a.,Liquid,n.a.,211651,CVS,https://www.cvs.com/shop/softsoap-hand-soap-prodid-211651,Retailer listing,High,2026-08-31
CL-USA-SOFTSOAP-1751,USA,Softsoap,Personal Care,Liquid Hand Soap,Softsoap Liquid Hand Soap,"Softsoap Antibacterial Hand Soap, Crisp Clean, 11.25 oz Pump Bottle",Softsoap Antibacterial Liquid Hand Soap cleans while leaving your skin feeling soft and protected. It is clinically proven to eliminate 99.9% of bacteria in a handwashing test against S. aureus and E. coli.,n.a.,11.25 fl oz,Liquid,074182445713,91575110,Target,https://www.target.com/p/softsoap-antibacterial-hand-soap-crisp-clean-11-25-oz-pump-bottle/-/A-91575110,Retailer listing,High,2026-08-31
CL-USA-SOFTSOAP-1752,USA,Softsoap,Personal Care,Liquid Hand Soap,Softsoap Liquid Hand Soap,Softsoap Antibacterial Liquid Hand Soap Pump,Antibacterial liquid hand soap in a pump bottle. Moisturizing formula for all skin types.,n.a.,11.25 OZ,Liquid,n.a.,1340019,CVS,https://www.cvs.com/shop/ingredients/softsoap-antibacterial-liquid-hand-soap-pump-11-25-oz-prodid-1340019,Retailer listing,High,2026-08-31
CL-USA-SOFTSOAP-1753,USA,Softsoap,Personal Care,Liquid Hand Soap,Softsoap Liquid Hand Soap,Softsoap Antibacterial Liquid Hand Soap Pump,"Antibacterial liquid hand soap in a convenient pump bottle for use in the kitchen or bathroom. The formula eliminates 99.9% of bacteria, is enriched with moisturizers, and is paraben-free and phthalate-free.",n.a.,11.25 fl oz 1pk,Liquid,074182445737,50751090,Target,https://www.target.com/p/softsoap-antibacterial-liquid-hand-soap-pump-clean-38-protect-cool-splash-11-25-fl-oz/-/A-50751090,Retailer listing,High,2026-08-31
CL-USA-SOFTSOAP-1754,USA,Softsoap,Personal Care,Liquid Hand Soap,Softsoap Liquid Hand Soap,Softsoap Antibacterial Liquid Hand Soap Pump - Clean & Protect - Cool Splash - 11.25 fl oz,"Softsoap Antibacterial Hand Soap in Cool Splash scent is an antibacterial liquid hand soap in a convenient pump bottle for use in the kitchen or bathroom. The formula eliminates 99.9% of bacteria in handwashing tests against S. aureus and E. coli, is enriched with moisturizers, and is paraben-free and phthalate-free.",n.a.,11.25 fl oz (1 piece),Liquid,035000985378,80164512,Target,https://www.target.com/p/softsoap-antibacterial-liquid-hand-soap-pump-clean-38-protect-cool-splash-11-25-fl-oz/-/A-80164512,Retailer listing,High,2026-08-31
CL-USA-SOFTSOAP-1755,USA,Softsoap,Personal Care,Liquid Hand Soap,Softsoap Liquid Hand Soap,Softsoap Antibacterial Liquid Hand Soap Pump - Fresh Citrus,"Softsoap Antibacterial Hand Soap in Fresh Citrus scent is an antibacterial liquid hand soap in a convenient pump bottle for use in the kitchen or bathroom. Its formula eliminates 99.9% of bacteria in handwashing tests versus S. aureus and E. coli, is enriched with moisturizers, and is paraben-free, phthalate-free, and pH balanced.",Citrus,11.25 fl oz 1pk,Liquid,074182445720,50751110,Target,https://www.target.com/p/softsoap-antibacterial-liquid-hand-soap-pump-fresh-citrus-11-25-fl-oz/-/A-50751110,Retailer listing,High,2026-08-31
CL-USA-SOFTSOAP-1756,USA,Softsoap,Personal Care,Liquid Hand Soap,Softsoap Liquid Hand Soap,"Softsoap Antibacterial Liquid Hand Soap Pump, 11.25 OZ, Zesty Lemon",Antibacterial liquid hand soap pump.,Lemon,11.25 oz,Liquid,n.a.,1340019,CVS,https://www.cvs.com/shop/softsoap-antibacterial-liquid-hand-soap-pump-11-25-oz-prodid-1340019,Retailer listing,High,2026-08-31
CL-USA-SOFTSOAP-1757,USA,Softsoap,Personal Care,Liquid Hand Soap,Softsoap Liquid Hand Soap,"Softsoap Antibacterial Liquid Hand Soap Pump, Clean & Protect ...",Liquid Hand Soap,n.a.,n.a.,Liquid,035000985378,n.a.,n.a. (brand SmartLabel),https://www.colgatepalmolive.com/en-us/smartlabel/35000985378,Brand site,High,2026-08-31
CL-USA-SOFTSOAP-1758,USA,Softsoap,Personal Care,Liquid Hand Soap,Softsoap Liquid Hand Soap,"Softsoap Antibacterial Liquid Hand Soap Pump, Crisp Clean",Antibacterial Liquid Hand Soap Pump,n.a.,11.25 oz,Liquid,074182445713,n.a.,n.a. (brand SmartLabel),https://www.colgatepalmolive.com/en-us/smartlabel/74182445713,Brand site,High,2026-08-31
CL-USA-SOFTSOAP-1759,USA,Softsoap,Personal Care,Liquid Hand Soap,Softsoap Liquid Hand Soap,"Softsoap Antibacterial Liquid Hand Soap Pump, Fresh Citrus",Liquid Hand Soap,Citrus,n.a.,Liquid,074182445720,n.a.,n.a. (brand SmartLabel),https://www.colgatepalmolive.com/en-us/smartlabel/74182445720,Brand site,High,2026-08-31
CL-USA-SOFTSOAP-1760,USA,Softsoap,Personal Care,Liquid Hand Soap,Softsoap Liquid Hand Soap,"Softsoap Antibacterial Liquid Hand Soap Pump, Gentle Clean ...",Liquid Hand Soap,n.a.,n.a.,Liquid,035000985408,n.a.,n.a. (brand SmartLabel),https://www.colgatepalmolive.com/en-us/smartlabel/35000985408,Brand site,High,2026-08-31
CL-USA-SOFTSOAP-1761,USA,Softsoap,Personal Care,Liquid Hand Soap,Softsoap Liquid Hand Soap,"Softsoap Antibacterial Liquid Hand Soap Pump, Sensitive Rosewater and Aloe",Softsoap antibacterial liquid hand soap in a pump bottle. The product is the Sensitive Rosewater and Aloe variant and has an 11.25 OZ size.,Aloe,11.25 OZ,Liquid,n.a.,1340019,CVS,https://www.cvs.com/shop/softsoap-antibacterial-liquid-hand-soap-pump-sensitive-rosewater-and-aloe-11-25-oz-prodid-1340019,Retailer listing,High,2026-08-31
CL-USA-SOFTSOAP-1762,USA,Softsoap,Personal Care,Liquid Hand Soap,Softsoap Liquid Hand Soap,"Softsoap Antibacterial Liquid Hand Soap Pump, White Tea and ...",n.a.,n.a.,n.a.,Liquid,074182445737,n.a.,n.a. (brand SmartLabel),https://www.colgatepalmolive.com/en-us/smartlabel/74182445737,Brand site,High,2026-08-31
CL-USA-SOFTSOAP-1763,USA,Softsoap,Personal Care,Liquid Hand Soap,Softsoap Liquid Hand Soap,"Softsoap Antibacterial Liquid Hand Soap, Sensitive Rosewater and Aloe scent Hand Soap",Antibacterial Liquid Hand Soap,Aloe,n.a.,Liquid,827854004714,n.a.,n.a. (brand SmartLabel),https://www.colgatepalmolive.com/en-us/smartlabel/827854004714,Brand site,High,2026-08-31
CL-USA-SOFTSOAP-1764,USA,Softsoap,Personal Care,Liquid Hand Soap,Softsoap Liquid Hand Soap,Softsoap Antibacterial Liquid Hand Wash Pump - Rose Scent,"Softsoap Antibacterial Sensitive Liquid Hand Soap is designed to eliminate 99.9% of bacteria in a handwashing test against S. aureus and E. coli. It has a rosewater and aloe scent, contains moisturizers, and is paraben-free, formulated without phthalates, hypoallergenic, and dermatologist tested.",n.a.,11.25 fl oz 1pk,Liquid,827854004714,86947167,Target,https://www.target.com/p/softsoap-antibacterial-sensitive-hand-wash-rose-scent-11-25-fl-oz/-/A-86947167,Retailer listing,High,2026-08-31
CL-USA-SOFTSOAP-1765,USA,Softsoap,Personal Care,Liquid Hand Soap,Softsoap Liquid Hand Soap,Softsoap Aquarium Liquid Hand Soap Kitchen and Bathroom Hand Soap 7.5 Fluid Ounce Bottle,Experience the joy of clean with Softsoap s Aquarium liquid hand soap a fun addition to your sink this season. As the #1 liquid hand soap brand (1) Softsoap delivers an uplifting experience with each use. Whether this soap is used in the kitchen or as a bathroom hand soap you?ll love that it is infused with a fresh scent that keeps hands clean. This clear hand soap is designed to keep on your sink to uplift every small moment. Our hand soap washes away bacteria so you can confidently clean your ,n.a.,7.5oz.,Liquid,074182268008,n.a.,n.a. (UPC database),https://www.upcitemdb.com/upc/074182268008,UPC database,Medium,2026-08-31
CL-USA-SOFTSOAP-1766,USA,Softsoap,Personal Care,Liquid Hand Soap,Softsoap Liquid Hand Soap,Softsoap Coconut and Hibiscus Hydrating Hand Soap with Vitamin E and Aloe 11.25 oz,Softsoap Coconut and Hibiscus Hydrating Hand Soap provides a liquid cleansing format designed to support routine hand washing as part of structured hygiene practices. The coconut and hibiscus fragrance combination offers a tropical scent experience suitable for everyday use.,Coconut,11.25 fl oz,Liquid,035000982407,1011460977,Target,https://www.target.com/p/softsoap-coconut-and-hibiscus-hydrating-hand-soap-with-vitamin-e-and-aloe-11-25-oz/-/A-1011460977,Retailer listing,High,2026-08-31
CL-USA-SOFTSOAP-1767,USA,Softsoap,Personal Care,Liquid Hand Soap,Softsoap Liquid Hand Soap,"Softsoap Deeply Moisturizing Liquid Hand Soap Pump, Warm ...",Liquid Hand Soap,n.a.,n.a.,Liquid,035000981967,n.a.,n.a. (brand SmartLabel),https://www.colgatepalmolive.com/en-us/smartlabel/35000981967,Brand site,High,2026-08-31
CL-USA-SOFTSOAP-1768,USA,Softsoap,Personal Care,Liquid Hand Soap,Softsoap Liquid Hand Soap,"Softsoap Deeply Moisturizing Liquid Hand Soap, Lavender & Shea ...",Liquid Hand Soap,Lavender,n.a.,Liquid,035000981677,n.a.,n.a. (brand SmartLabel),https://www.colgatepalmolive.com/en-us/smartlabel/35000981677,Brand site,High,2026-08-31
CL-USA-SOFTSOAP-1769,USA,Softsoap,Personal Care,Liquid Hand Soap,Softsoap Liquid Hand Soap,Softsoap Hand Soap - Juicy Peach,One 50 fl oz refill bottle of Softsoap Juicy Peach Liquid Hand Soap. It is a paraben-free and phthalate-free gel hand soap with Vitamin E that washes away bacteria and retains skin's natural moisture.,n.a.,50 fl oz 1pk,Liquid,827854020677,93115952,Target,https://www.target.com/p/softsoap-hand-soap-juicy-peach-50oz/-/A-93115952,Retailer listing,High,2026-08-31
CL-USA-SOFTSOAP-1770,USA,Softsoap,Personal Care,Liquid Hand Soap,Softsoap Liquid Hand Soap,Softsoap Hand Soap - Lavender Bloom,"Limited Edition Lavender Bloom scented liquid hand soap in a purple gel formula. The pH-balanced formula is paraben-free, formulated without phthalates, and helps retain skin's natural moisture after every wash.",Lavender,11.25 fl oz 1 bottle,Liquid,827854020820,93115940,Target,https://www.target.com/p/softsoap-hand-soap-lavender-bloom-11-25oz/-/A-93115940,Retailer listing,High,2026-08-31
CL-USA-SOFTSOAP-1771,USA,Softsoap,Personal Care,Liquid Hand Soap,Softsoap Liquid Hand Soap,Softsoap Holiday Seasonal Hand Soap - Berry - 11.25oz,Softsoap Limited Edition Liquid Hand Soap with a Frosted Berry fragrance that helps retain skin's natural moisture. It is pH balanced for the skin and made with biodegradable cleaning ingredients.,n.a.,11.25 fl oz,Liquid,827854020837,94806992,Target,https://www.target.com/p/softsoap-holiday-seasonal-hand-soap-berry-11-25oz/-/A-94806992,Retailer listing,High,2026-08-31
CL-USA-SOFTSOAP-1772,USA,Softsoap,Personal Care,Liquid Hand Soap,Softsoap Liquid Hand Soap,Softsoap Holiday Seasonal Hand Soap - Peppermint - 11.25oz,Softsoap Limited Edition Liquid Hand Soap with a Festive Peppermint scent. The pH-balanced formula helps skin retain its natural moisture and is made with biodegradable cleaning ingredients.,Peppermint,11.25 fl oz,Liquid,827854020585,94806990,Target,https://www.target.com/p/softsoap-holiday-seasonal-hand-soap-peppermint-11-25oz/-/A-94806990,Retailer listing,High,2026-08-31
CL-USA-SOFTSOAP-1773,USA,Softsoap,Personal Care,Liquid Hand Soap,Softsoap Liquid Hand Soap,Softsoap Holiday Seasonal Hand Soap - Winter Pine - 11.25oz,Softsoap Limited Edition Liquid Hand Soap with an enchanting Winter Pine fragrance. The pH-balanced formula helps skin retain its natural moisture and contains biodegradable cleaning ingredients.,n.a.,11.25 fl oz,Liquid,827854020783,94806991,Target,https://www.target.com/p/softsoap-holiday-seasonal-hand-soap-winter-pine-11-25oz/-/A-94806991,Retailer listing,High,2026-08-31
CL-USA-SOFTSOAP-1774,USA,Softsoap,Personal Care,Liquid Hand Soap,Softsoap Liquid Hand Soap,"Softsoap Hydrating Liquid Hand Soap, Coconut & Hibiscus",Liquid Hand Soap,Coconut,n.a.,Liquid,035000982407,n.a.,n.a. (brand SmartLabel),https://www.colgatepalmolive.com/en-us/smartlabel/35000982407,Brand site,High,2026-08-31
CL-USA-SOFTSOAP-1775,USA,Softsoap,Personal Care,Liquid Hand Soap,Softsoap Liquid Hand Soap,Softsoap Lavender and Shea Moisturizing Liquid Hand Soap Deep Hydration Formula,Softsoap Lavender and Shea Moisturizing Liquid Hand Soap provides a liquid cleansing format designed to support routine hand washing. The soap texture lathers easily with water and rinses clean during use while supporting consistent daily cleansing habits.,Lavender,11.25 fl oz,Liquid,035000981677,1011460967,Target,https://www.target.com/p/softsoap-lavender-and-shea-moisturizing-liquid-hand-soap-deep-hydration-formula-11-25-oz/-/A-1011460967,Retailer listing,High,2026-08-31
CL-USA-SOFTSOAP-1776,USA,Softsoap,Personal Care,Liquid Hand Soap,Softsoap Liquid Hand Soap,Softsoap Liquid Hand Soap,"Softsoap Limited Edition Liquid Hand Soap in Fresh Pomegranate Scent has fragrance notes of pomegranate, orange, and apple. The dermatologically tested, paraben-free, and phthalate-free liquid hand soap washes away bacteria, helps retain skin's natural moisture, and is pH balanced for skin.",n.a.,7.5 fl oz 1ct,Liquid,827854029038,95173481,Target,https://www.target.com/p/softsoap-liquid-hand-soap-pomegranate-7-5-fl-oz/-/A-95173481,Retailer listing,High,2026-08-31
CL-USA-SOFTSOAP-1777,USA,Softsoap,Personal Care,Liquid Hand Soap,Softsoap Liquid Hand Soap,Softsoap Liquid Hand Soap - Rose and Violet - 11.25 fl oz,"Softsoap Limited Edition Liquid Hand Soap in Enchanted Blossoms scent washes away bacteria and helps maintain clean hands. The dermatologically tested, paraben-free, and phthalate-free formula helps retain skin's natural moisture and is pH balanced for the skin.",n.a.,"11.25 fl oz, 1 pump bottle",Liquid,827854028888,95173480,Target,https://www.target.com/p/softsoap-liquid-hand-soap-rose-and-violet-11-25-fl-oz/-/A-95173480,Retailer listing,High,2026-08-31
CL-USA-SOFTSOAP-1778,USA,Softsoap,Personal Care,Liquid Hand Soap,Softsoap Liquid Hand Soap,Softsoap Liquid Hand Soap - Salted Caramel - 7.5 fl oz,"Softsoap Limited Edition Liquid Hand Soap in Salted Caramel scent features fragrance notes of caramel, brown sugar, and vanilla. The dermatologically tested, paraben-free, and phthalate-free liquid hand soap is pH balanced and comes in a convenient pump bottle.",n.a.,7.5 fl oz,Liquid,827854029045,95173483,Target,https://www.target.com/p/softsoap-liquid-hand-soap-salted-caramel-7-5-fl-oz/-/A-95173483,Retailer listing,High,2026-08-31
CL-USA-SOFTSOAP-1779,USA,Softsoap,Personal Care,Liquid Hand Soap,Softsoap Liquid Hand Soap,Softsoap Liquid Hand Soap - Vanilla Spice - 11.25 fl oz,"Softsoap Limited Edition Liquid Hand Soap in Vanilla Spice scent features fragrance notes of clove, cardamom, vanilla, and tonka bean. The dermatologically tested, paraben-free, and phthalate-free liquid soap washes away bacteria, helps retain skin's natural moisture, and is pH balanced for your skin.",Vanilla,11.25 fl oz 1pk,Liquid,827854028758,95173482,Target,https://www.target.com/p/softsoap-liquid-hand-soap-vanilla-spice-11-25-fl-oz/-/A-95173482,Retailer listing,High,2026-08-31
CL-USA-SOFTSOAP-1780,USA,Softsoap,Personal Care,Liquid Hand Soap,Softsoap Liquid Hand Soap,"Softsoap Liquid Hand Soap Pump, 7.5 OZ","Softsoap Fresh Breeze liquid hand soap is a clear, dermatologist-tested hand soap for use in the bathroom or kitchen. It is formulated without parabens or phthalates, pH balanced, designed to retain skin's natural moisture, and comes in a recyclable bottle.",n.a.,7.5 fl oz 1pk,Liquid,n.a.,192015,CVS,https://www.cvs.com/shop/softsoap-liquid-hand-soap-pump-7-5-oz-prodid-192015,Retailer listing,High,2026-08-31
CL-USA-SOFTSOAP-1781,USA,Softsoap,Personal Care,Liquid Hand Soap,Softsoap Liquid Hand Soap,"Softsoap Liquid Hand Soap Pump, Aquarium Series",Liquid Hand Soap,n.a.,7.5 oz,Liquid,074182268008,n.a.,n.a. (brand SmartLabel),https://www.colgatepalmolive.com/en-us/smartlabel/74182268008,Brand site,High,2026-08-31
CL-USA-SOFTSOAP-1782,USA,Softsoap,Personal Care,Liquid Hand Soap,Softsoap Liquid Hand Soap,"Softsoap Liquid Hand Soap Pump, Fresh Breeze",Liquid Hand Soap Pump,n.a.,7.5 oz,Liquid,074182270933,n.a.,n.a. (brand SmartLabel),https://www.colgatepalmolive.com/en-us/smartlabel/74182270933,Brand site,High,2026-08-31
CL-USA-SOFTSOAP-1783,USA,Softsoap,Personal Care,Liquid Hand Soap,Softsoap Liquid Hand Soap,"Softsoap Liquid Hand Soap Pump, Soothing Aloe Vera",Liquid Hand Soap Pump,Aloe,7.5 oz,Liquid,074182260125,n.a.,n.a. (brand SmartLabel),https://www.colgatepalmolive.com/en-us/smartlabel/74182260125,Brand site,High,2026-08-31
CL-USA-SOFTSOAP-1784,USA,Softsoap,Personal Care,Liquid Hand Soap,Softsoap Liquid Hand Soap,"Softsoap Liquid Hand Soap, Aquarium","Softsoap Liquid Hand Soap, Aquarium Series has a light, clean fragrance and a rich, creamy lather that cleanses hands, removing dirt and germs. Tested by dermatologists, the formula retains skin's natural moisture and is enriched with moisturizers to help keep skin hydrated and prevent dryness.",n.a.,7.5 OZ,Liquid,n.a.,485926,CVS,https://es-qa2.cvs.com/shop/softsoap-liquid-hand-soap-aquarium-prodid-485926,Retailer listing,High,2026-08-31
CL-USA-SOFTSOAP-1785,USA,Softsoap,Personal Care,Liquid Hand Soap,Softsoap Liquid Hand Soap,"Softsoap Liquid Hand Soap, Aquarium",Liquid hand soap. The full list of product ingredients is available on the product label.,n.a.,n.a.,Liquid,n.a.,485926,CVS,https://es-qa2.cvs.com/shop/ingredients/softsoap-liquid-hand-soap-aquarium-prodid-485926,Retailer listing,High,2026-08-31
CL-USA-SOFTSOAP-1786,USA,Softsoap,Personal Care,Liquid Hand Soap,Softsoap Liquid Hand Soap,"Softsoap Liquid Hand Soap, Aquarium, 7.5 OZ","Softsoap Liquid Hand Soap, Aquarium Series features a light, clean fragrance and a rich, creamy lather that thoroughly cleanses hands, removing dirt and germs. Tested by dermatologists, the formula retains skin’s natural moisture and is enriched with moisturizers to help keep skin hydrated and prevent dryness.",n.a.,7.5 OZ,Liquid,n.a.,485926,CVS,https://www.cvs.com/shop/softsoap-liquid-hand-soap-aquarium-7-5-oz-prodid-485926,Retailer listing,High,2026-08-31
CL-USA-SOFTSOAP-1787,USA,Softsoap,Personal Care,Liquid Hand Soap,Softsoap Liquid Hand Soap,"Softsoap Liquid Hand Soap, Crisp Cucumber and Melon - 7.5 fl oz","Softsoap Crisp Cucumber Melon Liquid Hand Soap, 7.5 Oz:Dermatologist-tested hand soapClinically proven to eliminate 99 percent of germsStrong antibacterial protectionLight moisturizers to keep skin feeling smooth and softSoap type: liquidApplication: handwashingCucumber Melon hand soap bottle capacity (volume): 7.5 ozScent: Cucumber Melon",Cucumber,7.5oz.,Liquid,074182260903,n.a.,n.a. (UPC database),https://www.upcitemdb.com/upc/074182260903,UPC database,Medium,2026-08-31
CL-USA-SOFTSOAP-1788,USA,Softsoap,Personal Care,Liquid Hand Soap,Softsoap Liquid Hand Soap,Softsoap Moisturizing Liquid Hand Soap Pump - Aquarium Series - 7.5 fl oz,"Softsoap Aquarium Liquid Hand Soap is a scented liquid hand wash with crisp notes of melon, pear and apple blended with refreshing aquatic notes. The paraben-free and phthalate-free formula helps retain skin's natural moisture and is pH balanced for the skin.",n.a.,7.5 fl oz 1pk,Liquid,074182268008,13781202,Target,https://www.target.com/p/softsoap-liquid-hand-soap-aquarium-series-7-5-fl-oz/-/A-13781202,Retailer listing,High,2026-08-31
CL-USA-SOFTSOAP-1789,USA,Softsoap,Personal Care,Liquid Hand Soap,Softsoap Liquid Hand Soap,Softsoap Moisturizing Liquid Hand Soap Pump - Fresh Breeze,Softsoap Liquid Hand Soap in Fresh Breeze scent washes away bacteria to help maintain clean hands. The paraben-free and phthalate-free formula helps retain skin's natural moisture and is pH balanced for normal skin.,n.a.,7.5 fl oz 1pk,Liquid,074182270933,51324842,Target,https://www.target.com/p/softsoap-liquid-hand-soap-pump---fresh-breeze---7-5-fl-oz/-/A-51324842,Retailer listing,High,2026-08-31
CL-USA-SOFTSOAP-1790,USA,Softsoap,Personal Care,Liquid Hand Soap,Softsoap Liquid Hand Soap,Softsoap Moisturizing Liquid Hand Soap Pump - Fresh Breeze - 7.5 fl oz,"Softsoap Liquid Hand Soap in Fresh Breeze scent washes away bacteria to help maintain clean hands. The paraben-free and phthalate-free formula is dermatologist tested, pH balanced, and helps retain skin's natural moisture.",n.a.,"7.5 fl oz, 1 bottle",Liquid,074182270933,51324842,Target,https://www.target.com/p/softsoap-liquid-hand-soap-pump-fresh-breeze-7-5-fl-oz/-/A-51324842,Retailer listing,High,2026-08-31
CL-USA-SOFTSOAP-1791,USA,Softsoap,Personal Care,Liquid Hand Soap,Softsoap Liquid Hand Soap,Softsoap Moisturizing Liquid Hand Soap Pump - Juicy Peach - 7.5 fl oz,"Experience the joy of clean with Softsoap's Juicy Peach liquid hand soap, a fun addition to your sink this season. This peach hand soap washes away bacteria while retaining skin's natural moisture, and is proudly formulated without parabens or phthalates.",n.a.,7.5 fl oz,Liquid,035000993953,89622984,Target,https://www.target.com/p/softsoap-hand-soap-juicy-peach-7-5-fl-oz/-/A-89622984,Retailer listing,High,2026-08-31
CL-USA-SOFTSOAP-1792,USA,Softsoap,Personal Care,Liquid Hand Soap,Softsoap Liquid Hand Soap,Softsoap Moisturizing Liquid Hand Soap Pump - Soothing Aloe Vera,"One 7.5 fl oz pump bottle of Softsoap Soothing Clean Moisturizing Hand Soap with an Aloe Vera Fresh scent. The paraben-free and phthalate-free, pH-balanced formula washes away bacteria and helps retain skin's natural moisture.",Aloe,7.5 fl oz 1pk,Liquid,074182260125,14765570,Target,https://www.target.com/p/softsoap-moisturizing-liquid-hand-soap-pump-soothing-aloe-vera-7-5-fl-oz/-/A-14765570,Retailer listing,High,2026-08-31
CL-USA-SOFTSOAP-1793,USA,Softsoap,Personal Care,Liquid Hand Soap,Softsoap Liquid Hand Soap,"Softsoap Moisturizing Liquid Hand Soap Pump, Milk & Golden Honey",Liquid Hand Soap Pump,n.a.,n.a.,Liquid,074182290948,n.a.,n.a. (brand SmartLabel),https://www.colgatepalmolive.com/en-us/smartlabel/74182290948,Brand site,High,2026-08-31
CL-USA-SOFTSOAP-1794,USA,Softsoap,Personal Care,Liquid Hand Soap,Softsoap Liquid Hand Soap,Softsoap Seasonal Summer Lemonade Liquid Hand Soap,"Softsoap Summer Lemonade Limited Edition Liquid Hand Soap is a yellow, pH-balanced formula with hints of summer lemonade. It is paraben free, formulated without phthalates, dermatologist tested, and helps retain skin's natural moisture after every wash.",n.a.,11.25 fl oz 1pk,Liquid,827854020790,94405535,Target,https://www.target.com/p/softsoap-seasonal-summer-lemonade-liquid-hand-soap-11-25-fl-oz/-/A-94405535,Retailer listing,High,2026-08-31
CL-USA-SOFTSOAP-1795,USA,Softsoap,Personal Care,Liquid Hand Soap,Softsoap Liquid Hand Soap,Softsoap Seasonal Summer Watermelon Liquid Hand Soap,"A pink seasonal liquid hand soap with hints of fresh melon. The pH-balanced, paraben-free formula is formulated without phthalates and helps retain the skin's natural moisture after every wash.",Watermelon,11.25 fl oz 1pk,Liquid,827854020806,94405534,Target,https://www.target.com/p/softsoap-seasonal-summer-watermelon-liquid-hand-soap-11-25-fl-oz/-/A-94405534,Retailer listing,High,2026-08-31
CL-USA-SOFTSOAP-1796,USA,Softsoap,Personal Care,Liquid Hand Soap,Softsoap Liquid Hand Soap,Softsoap Soothing Clean Aloe Liquid Hand Soap Kitchen and Bathroom Hand Soap 7.5 fl oz,Experience the joy of clean with Softsoap s Soothing Clean Aloe liquid hand soap a fun addition to your sink this season. As the #1 liquid hand soap brand (1) Softsoap delivers an uplifting experience with each use. Whether this soap is used in the kitchen or as a bathroom hand soap you?ll love that it is infused with an aloe vera fresh scent that keeps hands clean. This hand soap is designed to keep on your sink to uplift every small moment. Our hand soap washes away bacteria so you can confide,Aloe,7.5oz.,Liquid,074182260125,n.a.,n.a. (UPC database),https://www.upcitemdb.com/upc/074182260125,UPC database,Medium,2026-08-31
CL-USA-SOFTSOAP-1797,USA,Softsoap,Personal Care,Liquid Hand Soap,Softsoap Liquid Hand Soap,Softsoap Spring Liquid Hand Soap - Lavender Dreams - 11.25 fl oz,"Softsoap Limited Edition Liquid Hand Soap in Lavender Fields Scent washes away bacteria and helps maintain clean hands with every wash. It has soothing lavender layered over warm vanilla and sandalwood notes and is formulated to be paraben-free, phthalate-free, and pH balanced for skin.",Lavender,11.25 fl oz 1pk,Liquid,827854028765,94846793,Target,https://www.target.com/p/softsoap-spring-liquid-hand-soap-lavender-dreams-11-25-fl-oz/-/A-94846793,Retailer listing,High,2026-08-31
CL-USA-SOFTSOAP-1798,USA,Softsoap,Personal Care,Liquid Hand Soap,Softsoap Liquid Hand Soap,Softsoap Spring Liquid Hand Soap - Lemon Serenade - 11.25 fl oz,"Softsoap Limited Edition Liquid Hand Soap in Lemon Serenade Scent washes away bacteria and helps maintain clean hands with every wash. It has bright citrus and delicate white flower notes, is paraben-free and phthalate-free, and is pH balanced for the skin.",Lemon,11.25 fl oz,Liquid,827854028697,94846797,Target,https://www.target.com/p/softsoap-spring-liquid-hand-soap-lemon-serenade-11-25-fl-oz/-/A-94846797,Retailer listing,High,2026-08-31
CL-USA-SOFTSOAP-1799,USA,Softsoap,Personal Care,Liquid Hand Soap,Softsoap Liquid Hand Soap,Spring Meadows Scent Seasonal Liquid Hand Soap,"Bring joy to everyday moments with Softsoap Limited Edition Liquid Hand Soap, Spring Meadows Scent.",n.a.,n.a.,Liquid,n.a.,n.a.,softsoap.com,https://www.softsoap.com/en-us/products/hand-soap/spring-meadows-scent,Brand site,Medium,2026-08-31
CL-USA-SOFTSOAP-1800,USA,Softsoap,Personal Care,Liquid Hand Soap,Softsoap Liquid Hand Soap,Warm Vanilla & Coconut Milk Scent Liquid Hand Soap,Softsoap® Warm Vanilla & Coconut Milk Scent liquid hand soap washes away bacteria and deeply moisturizes to hydrate dry skin.,Coconut,11.25 fluid ounce,Liquid,n.a.,n.a.,softsoap.com,https://www.softsoap.com/en-us/products/hand-soap/coconut-scent,Brand site,Medium,2026-08-31
CL-USA-SOFTSOAP-1801,USA,Softsoap,Personal Care,Liquid Hand Soap,Softsoap Liquid Hand Soap,Warm Vanilla & Coconut Milk Scent Liquid Hand Soap,Softsoap® Warm Vanilla & Coconut Milk Scent liquid hand soap washes away bacteria and deeply moisturizes to hydrate dry skin.,Coconut,11.25 fluid ounces,Liquid,n.a.,n.a.,softsoap.com,https://www.softsoap.com/en-us/products/body-wash/citrus-bouquet-scent,Brand site,Medium,2026-08-31
CL-USA-SOFTSOAP-1802,USA,Softsoap,Personal Care,Liquid Hand Soap,Softsoap Liquid Hand Soap,Warm Vanilla & Coconut Milk Scent Liquid Hand Soap,Softsoap® Warm Vanilla & Coconut Milk Scent liquid hand soap washes away bacteria and deeply moisturizes to hydrate dry skin.,Coconut,n.a.,Liquid,n.a.,n.a.,softsoap.com,https://www.softsoap.com/en-us/products/body-wash/amalfi-orchards,Brand site,Medium,2026-08-31
CL-USA-SPEEDSTICK-1803,USA,Speed Stick,Personal Care,Body Wash,Speed Stick Gear,"Irish Spring Speed Stick Gear Bundle (TWO Body Washes, ONE Bar Soap, ONE Speed Stick Gear Gel, ONE Body Pouf) (5 Pc. Bundle)",n.a.,n.a.,n.a.,Paste / Gel,724519231648,n.a.,n.a. (UPC database),https://www.upcitemdb.com/upc/724519231648,UPC database,Medium,2026-08-31
CL-USA-SPEEDSTICK-1804,USA,Speed Stick,Personal Care,Deodorant / Antiperspirant,Speed Stick Gear,"Speed Stick Gear Advanced Performance Cool Motion Antiperspirant Deodorant, 2.7 oz",Speed Stick Gear Deodorant Cool Motion DryCore. Drier. Long lasting. Advanced performance.24/7 Protection Drycore? ¢.Uses: Reduces underarm wetness.24 hour protection. Dist by: Colgate-Palmolive Company by Mennen ®.Questions?Call toll-free 1-800-228-7408.Experience www. speedstick.com.,n.a.,n.a.,Stick / Solid,022200967129,n.a.,n.a. (UPC database),https://www.upcitemdb.com/upc/022200967129,UPC database,Medium,2026-08-31
CL-USA-SPEEDSTICK-1805,USA,Speed Stick,Personal Care,Deodorant / Antiperspirant,Speed Stick Gear,"Speed Stick Gear Advanced Performance Fresh Force Deodorant, 3 oz",Product FeaturesLong lasting freshness with freshcoreAdvanced performance24/7 protectionwww. speedstick.com,n.a.,n.a.,Stick / Solid,022200962254,n.a.,n.a. (UPC database),https://www.upcitemdb.com/upc/022200962254,UPC database,Medium,2026-08-31
CL-USA-SPEEDSTICK-1806,USA,Speed Stick,Personal Care,Deodorant / Antiperspirant,Speed Stick Gear,"Speed Stick Gear Antiperspirant, Clean Peak, 2.7 Ounce",n.a.,n.a.,n.a.,Stick / Solid,794437314204,n.a.,n.a. (UPC database),https://www.upcitemdb.com/upc/794437314204,UPC database,Medium,2026-08-31
CL-USA-SPEEDSTICK-1807,USA,Speed Stick,Personal Care,Deodorant / Antiperspirant,Speed Stick Gear,Speed Stick Gear Body Spray Clean Peak 4 oz,FreshCore? Long Lasting Freshness Clean Peak? Scented Body Spray Promotes 24/7 Protection New Speed Stick? Gear? Deodorant Body Spray with FreshCore technology provides long lasting freshness and 24/7 protection. Ingredients: SD Alcohol 40-B (Alcohol Denat.) Hydrofluorocarbon 152a Fragrance,n.a.,n.a.,Stick / Solid,022200962285,n.a.,n.a. (UPC database),https://www.upcitemdb.com/upc/022200962285,UPC database,Medium,2026-08-31
CL-USA-SPEEDSTICK-1808,USA,Speed Stick,Personal Care,Deodorant / Antiperspirant,Speed Stick Gear,Speed Stick Gear Clean Peak / STICK,Active Ingredients: ALUMINUM ZIRCONIUM TETRACHLOROHYDREX GLY 160mg/g,n.a.,n.a.,Stick / Solid,022200962162,n.a.,n.a. (UPC database),https://www.upcitemdb.com/upc/022200962162,UPC database,Medium,2026-08-31
CL-USA-SPEEDSTICK-1809,USA,Speed Stick,Personal Care,Deodorant / Antiperspirant,Speed Stick Gear,Speed Stick Gear Fresh Force / STICK,Active Ingredients: ALUMINUM ZIRCONIUM TETRACHLOROHYDREX GLY 180mg/g,n.a.,n.a.,Stick / Solid,022200962148,n.a.,n.a. (UPC database),https://www.upcitemdb.com/upc/022200962148,UPC database,Medium,2026-08-31
CL-USA-SPEEDSTICK-1810,USA,Speed Stick,Personal Care,Deodorant / Antiperspirant,Speed Stick Gear,Speed Stick Gear Men s Antiperspirant & Deodorant Fresh Force - 2.7 oz,Stay fresher and drier longer with Speed Stick Gear Advanced Performance Fresh Force Antiperspirant Deodorant. Specially formulated with Drycore technology this Fresh Force scented antiperspirant deodorant will keep you dry smelling good and ready to take on any adventure. Gear up with Speed Stick Gear.,n.a.,n.a.,Stick / Solid,022200962131,n.a.,n.a. (UPC database),https://www.upcitemdb.com/upc/022200962131,UPC database,Medium,2026-08-31
CL-USA-SPEEDSTICK-1811,USA,Speed Stick,Personal Care,Deodorant / Antiperspirant,Speed Stick Gear,Speed Stick Gear Overtime Invigorate Antiperspirant Deodorant / STICK,Active Ingredients: ALUMINUM ZIRCONIUM TETRACHLOROHYDREX GLY 153mg/g,n.a.,n.a.,Stick / Solid,022200962377,n.a.,n.a. (UPC database),https://www.upcitemdb.com/upc/022200962377,UPC database,Medium,2026-08-31
CL-USA-SPEEDSTICK-1812,USA,Speed Stick,Personal Care,Deodorant / Antiperspirant,Speed Stick Gear,Speed Stick Gear Overtime Relentless Antiperspirant Deodorant / STICK,Active Ingredients: ALUMINUM ZIRCONIUM TETRACHLOROHYDREX GLY 153mg/g,n.a.,n.a.,Stick / Solid,022200962360,n.a.,n.a. (UPC database),https://www.upcitemdb.com/upc/022200962360,UPC database,Medium,2026-08-31
CL-USA-SPEEDSTICK-1813,USA,Speed Stick,Personal Care,Deodorant / Antiperspirant,Speed Stick Irish Spring,"Irish Spring Speed Stick Deodorant Original Scent, Classic Fresh Odor Protection for Men","Irish Spring Speed Stick Deodorant Original Scent delivers classic, dependable odor protection with a fresh, clean fragrance. The solid stick applies smoothly and helps neutralize odor while providing everyday freshness.",Original,1.8 oz,Stick / Solid,035000970879,1008730154,Target,https://www.target.com/p/irish-spring-speed-stick-deodorant-original-scent-classic-fresh-odor-protection-for-men-1-8-oz/-/A-1008730154,Retailer listing,High,2026-08-31
CL-USA-SPEEDSTICK-1814,USA,Speed Stick,Personal Care,Deodorant / Antiperspirant,Speed Stick Irish Spring,"Speed Stick Irish Spring 72-Hour Antiperspirant & Deodorant, Stick Original",A 72-hour antiperspirant and deodorant in stick form. The active ingredient is aluminum zirconium tetrachlorohydrex gly 16%.,Original,2.7 oz 2 pack,Stick / Solid,n.a.,1780072,CVS,https://www.cvs.com/shop/ingredients/speed-stick-irish-spring-72-hour-antiperspirant-deodorant-stick-original-2-7-oz-2-pack-prodid-1780072,Retailer listing,High,2026-08-31
CL-USA-SPEEDSTICK-1815,USA,Speed Stick,Personal Care,Deodorant / Antiperspirant,Speed Stick Irish Spring,"Speed Stick Irish Spring 72-Hour Antiperspirant & Deodorant, Stick Original, 2.7 OZ, 2 Pack",Speed Stick Antiperspirant Deodorant features an Irish Spring Scent and delivers 72 hour sweat and odor protection. The package includes two 2.7 oz sticks of Speed Stick Antiperspirant Deodorant for Men.,Original,2.7 oz 2pk,Stick / Solid,n.a.,228674,CVS,https://www.cvs.com/shop/speed-stick-irish-spring-72-hour-antiperspirant-deodorant-stick-original-2-7-oz-2-pack-prodid-1780072,Retailer listing,High,2026-08-31
CL-USA-SPEEDSTICK-1816,USA,Speed Stick,Personal Care,Deodorant / Antiperspirant,Speed Stick Irish Spring,"Speed Stick Irish Spring Antiperspirant Deodorant, Original",Antiperspirant Deodorant,Original,n.a.,Stick / Solid,022200950367,n.a.,n.a. (brand SmartLabel),https://www.colgatepalmolive.com/en-us/smartlabel/22200950367,Brand site,High,2026-08-31
CL-USA-SPEEDSTICK-1817,USA,Speed Stick,Personal Care,Deodorant / Antiperspirant,Speed Stick Original,"Mennen Speed Stick Clean Antiperspirant Deodorant, 2.7 oz (Pack of 2)",";p;;b;Mennen Speed Stick Clean Antiperspirant Deodorant, 2.7 oz:;/b;;/p;;ul;;li;2.7 oz dry antiperspirant is formulated to fight yellow stains on shirts;/li;;li;Great fresh scent;/li;;li;Lasts 24 hours;/li;;li;Reduces underarm wetness; 24-hour protection;/li;;li;With stain-defense technology;/li;;/ul;",n.a.,n.a.,Stick / Solid,022200968003,n.a.,n.a. (UPC database),https://www.upcitemdb.com/upc/022200968003,UPC database,Medium,2026-08-31
CL-USA-SPEEDSTICK-1818,USA,Speed Stick,Personal Care,Deodorant / Antiperspirant,Speed Stick Original,"Speed Stick 24-Hour Deodorant Stick, Ocean Surf, 3 OZ, 2 Pack","A solid, 24-hour deodorant stick for odor control with a fresh scent. The product is for men and all skin types.",Ocean,2 pack,Stick / Solid,n.a.,1260233,CVS,https://www.cvs.com/shop/speed-stick-24-hour-deodorant-stick-ocean-surf-3-oz-2-pack-prodid-1260233-reviews,Retailer listing,High,2026-08-31
CL-USA-SPEEDSTICK-1819,USA,Speed Stick,Personal Care,Deodorant / Antiperspirant,Speed Stick Original,"Speed Stick 24-Hour Deodorant Stick, Ocean Surf, 3 OZ, 2 Pack",24-hour deodorant stick in the Ocean Surf scent. The package contains two 3 OZ sticks.,Ocean,"3 OZ, 2 Pack",Stick / Solid,n.a.,1260233,CVS,https://www.cvs.com/shop/ingredients/speed-stick-24-hour-deodorant-stick-ocean-surf-3-oz-2-pack-prodid-1260233,Retailer listing,High,2026-08-31
CL-USA-SPEEDSTICK-1820,USA,Speed Stick,Personal Care,Deodorant / Antiperspirant,Speed Stick Original,"Speed Stick 24-Hour Deodorant Stick, Ocean Surf, 3 OZ, 2 Pack",Speed Stick Deodorant for Men in Ocean Surf scent features an odor-fighting formula that provides 24-hour freshness. It includes a comfort guard applicator for comfort and control.,Ocean,3 oz 2pk,Stick / Solid,n.a.,1260233,CVS,https://www.cvs.com/shop/speed-stick-24-hour-deodorant-stick-ocean-surf-3-oz-2-pack-prodid-1260233,Retailer listing,High,2026-08-31
CL-USA-SPEEDSTICK-1821,USA,Speed Stick,Personal Care,Deodorant / Antiperspirant,Speed Stick Original,"Speed Stick All Day Antiperspirant & Deodorant Stick, Unscented","An antiperspirant and deodorant stick for sweating. It is intended for men, is suitable for all skin types, and is labeled for adults.",Unscented,3 oz,Stick / Solid,n.a.,1011054,CVS,https://www.cvs.com/shop/speed-stick-all-day-antiperspirant-deodorant-stick-unscented-3-oz-prodid-1011054-reviews,Retailer listing,High,2026-08-31
CL-USA-SPEEDSTICK-1822,USA,Speed Stick,Personal Care,Deodorant / Antiperspirant,Speed Stick Original,"Speed Stick All Day Antiperspirant & Deodorant Stick, Unscented, 3 OZ",Speed Stick Power Antiperspirant Deodorant is an unscented solid stick for men that provides 72-hour sweat and odor protection. It includes a comfort guard applicator for smooth application and is designed for active lifestyles.,Unscented,"3 oz, 1 stick",Stick / Solid,n.a.,1011054,CVS,https://www.cvs.com/shop/speed-stick-all-day-antiperspirant-deodorant-stick-unscented-3-oz-prodid-1011054,Retailer listing,High,2026-08-31
CL-USA-SPEEDSTICK-1823,USA,Speed Stick,Personal Care,Deodorant / Antiperspirant,Speed Stick Original,Speed Stick Aluminum Free Deodorant Stick,Aluminum-free solid deodorant for odor control. Suitable for all skin types.,n.a.,Twin pack,Stick / Solid,n.a.,1011048,CVS,https://www.cvs.com/shop/speed-stick-aluminum-free-deodorant-stick-prodid-1011048-reviews,Retailer listing,High,2026-08-31
CL-USA-SPEEDSTICK-1824,USA,Speed Stick,Personal Care,Deodorant / Antiperspirant,Speed Stick Original,"Speed Stick Aluminum Free Deodorant Stick, Regular, Twin Pack, 3 Ounces",Speed Stick aluminum-free deodorant stick in a regular scent variant. Twin pack containing 3 ounces.,n.a.,3 oz 2pk,Stick / Solid,n.a.,1011048,CVS Pharmacy,https://www.cvs.com/shop/speed-stick-aluminum-free-deodorant-stick-prodid-1011048,Retailer listing,High,2026-08-31
CL-USA-SPEEDSTICK-1825,USA,Speed Stick,Personal Care,Deodorant / Antiperspirant,Speed Stick Original,Speed Stick Aluminum Free Men's Deodorant - Regular - 3oz/2pk,"Men's deodorant with an odor-fighting formula that provides 24-hour freshness. It is aluminum-free, has a green-colored solid-gel stick formula, and includes a guard applicator for comfort and control.",n.a.,3 oz 2pk,Stick / Solid,022200941532,14244616,Target,https://www.target.com/p/speed-stick-regular-deodorant-3oz-2pk/-/A-14244616,Retailer listing,High,2026-08-31
CL-USA-SPEEDSTICK-1826,USA,Speed Stick,Personal Care,Deodorant / Antiperspirant,Speed Stick Original,Speed Stick Antiperspirant & Deodorant Solid Unscented 3 oz,Speed Stick Antiperspirant & Deodorant Solid Unscented 3 oz,Unscented,3 Ounce (Pack of 1),Stick / Solid,763423349797,n.a.,n.a. (UPC database),https://www.upcitemdb.com/upc/763423349797,UPC database,Medium,2026-08-31
CL-USA-SPEEDSTICK-1827,USA,Speed Stick,Personal Care,Deodorant / Antiperspirant,Speed Stick Original,Speed Stick Clear Solid Deodorant 24 HR Ocean Surf 3 OZ,It s time to be your own man in a world where the old patterns rules and stages of progression are being redefined. Achieving your dreams takes courage when it counts. Feel clean masculine and confident with Speed Stick deodorant for men. SpeedStick deodorant features an odor fighting formula that provides 24 hour freshness for maximum confidence. Includes comfort guard applicator for comfort and control. Clear powerful deodorant that smells great all day goes on clear and leaves no white residu,Ocean,3oz.,Stick / Solid,022200930086,n.a.,n.a. (UPC database),https://www.upcitemdb.com/upc/022200930086,UPC database,Medium,2026-08-31
CL-USA-SPEEDSTICK-1828,USA,Speed Stick,Personal Care,Deodorant / Antiperspirant,Speed Stick Original,Speed Stick Clear Solid Deodorant 24 HR Ocean Surf 3 OZ - 2 Pack,It s time to be your own man in a world where the old patterns rules and stages of progression are being redefined. Achieving your dreams takes courage when it counts. Feel clean masculine and confident with Speed Stick Deodorant for Men Ocean Surf scent. Odor fighting formula that provides 24 hour freshness for maximum confidence. Includes comfort guard applicator for comfort and control.,Ocean,n.a.,Stick / Solid,022200930130,n.a.,n.a. (UPC database),https://www.upcitemdb.com/upc/022200930130,UPC database,Medium,2026-08-31
CL-USA-SPEEDSTICK-1829,USA,Speed Stick,Personal Care,Deodorant / Antiperspirant,Speed Stick Original,"Speed Stick Deodorant Stick for Men Ocean Surf Scent, Fresh Daily Odor Protection, Solid Stick, 1.8 Oz",Speed Stick Deodorant Stick for Men provides reliable daily odor protection with a refreshing Ocean Surf scent. The solid stick applies smoothly and dries quickly without heavy residue.,Ocean,1.8 oz 1pk,Stick / Solid,022200940238,1008635005,Target,https://www.target.com/p/speed-stick-deodorant-stick-for-men-ocean-surf-scent-fresh-daily-odor-protection-solid-stick-1-8-oz/-/A-1008635005,Retailer listing,High,2026-08-31
CL-USA-SPEEDSTICK-1830,USA,Speed Stick,Personal Care,Deodorant / Antiperspirant,Speed Stick Original,"Speed Stick Deodorant by Mennen Fresh Scent, Daily Odor Protection for Men, Compact Stick, 1.8 Oz","Speed Stick Deodorant by Mennen offers dependable daily odor protection in a compact, solid stick format. Its Fresh Scent provides a clean, light fragrance, and the 1.8 oz size is suitable for travel, gym bags, or on-the-go use.",n.a.,1.8 oz 1pk,Stick / Solid,022200940214,1008635004,Target,https://www.target.com/p/speed-stick-deodorant-by-mennen-fresh-scent-daily-odor-protection-for-men-compact-stick-1-8-oz/-/A-1008635004,Retailer listing,High,2026-08-31
CL-USA-SPEEDSTICK-1831,USA,Speed Stick,Personal Care,Deodorant / Antiperspirant,Speed Stick Original,"Speed Stick Deodorant for Men Musk Scent, Long-Lasting Daily Odor Protection, Solid Stick, 3 Oz","Speed Stick Deodorant for Men delivers reliable daily odor protection with a bold Musk scent. Designed for everyday freshness, this deodorant helps control odor while providing a classic, masculine fragrance that lasts throughout the day.",n.a.,"3 oz, 1 count",Stick / Solid,022200941549,1008634985,Target,https://www.target.com/p/speed-stick-deodorant-for-men-musk-scent-long-lasting-daily-odor-protection-solid-stick-3-oz/-/A-1008634985,Retailer listing,High,2026-08-31
CL-USA-SPEEDSTICK-1832,USA,Speed Stick,Personal Care,Deodorant / Antiperspirant,Speed Stick Original,"Speed Stick Deodorant for Men Ocean Surf Scent, Long-Lasting Daily Odor Protection, Solid Stick, 3 Oz","Speed Stick Deodorant for Men delivers long-lasting daily odor protection with a clean, refreshing Ocean Surf scent. The solid stick applies smoothly and dries comfortably without residue.",Ocean,3 oz 1 count,Stick / Solid,022200930086,1008642038,Target,https://www.target.com/p/speed-stick-deodorant-for-men-ocean-surf-scent-long-lasting-daily-odor-protection-solid-stick-3-oz/-/A-1008642038,Retailer listing,High,2026-08-31
CL-USA-SPEEDSTICK-1833,USA,Speed Stick,Personal Care,Deodorant / Antiperspirant,Speed Stick Original,"Speed Stick Deodorant for Men Regular Scent, Daily Odor Protection with Classic Freshness, 1.8 Oz",Daily deodorant formulated to help manage underarm odor during normal activities and does not contain antiperspirant actives. The solid stick applies smoothly and dries quickly without leaving heavy residue.,n.a.,1.8 oz 1ct,Stick / Solid,022200940207,1008634949,Target,https://www.target.com/p/speed-stick-deodorant-for-men-regular-scent-daily-odor-protection-with-classic-freshness-1-8-oz/-/A-1008634949,Retailer listing,High,2026-08-31
CL-USA-SPEEDSTICK-1834,USA,Speed Stick,Personal Care,Deodorant / Antiperspirant,Speed Stick Original,Speed Stick Men s Antiperspirant Deodorant Regular 3 oz Twin Pack,It s time to be your own man in a world where the old patterns rules and stages of progression are being redefined. Achieving your dreams takes courage when it counts. Feel clean masculine and confident with Speed Stick Deodorant for Men Regular scent. Odor fighting formula that provides 24 hour freshness for maximum confidence. Includes comfort guard applicator for comfort and control.,n.a.,n.a.,Stick / Solid,022200941532,n.a.,n.a. (UPC database),https://www.upcitemdb.com/upc/022200941532,UPC database,Medium,2026-08-31
CL-USA-SPEEDSTICK-1835,USA,Speed Stick,Personal Care,Deodorant / Antiperspirant,Speed Stick Original,Speed Stick Men s Deodorant Fresh - 3 ounce,It s time to be your own man in a world where the old patterns rules and stages of progression are being redefined. Achieving your dreams takes courage when it counts. Feel clean masculine and confident with Speed Stick Deodorant for Men Active Fresh scent. Odor fighting formula that provides 24 hour freshness for maximum confidence. Includes comfort guard applicator for comfort and control.,n.a.,Pack of 12,Stick / Solid,022200930093,n.a.,n.a. (UPC database),https://www.upcitemdb.com/upc/022200930093,UPC database,Medium,2026-08-31
CL-USA-SPEEDSTICK-1836,USA,Speed Stick,Personal Care,Deodorant / Antiperspirant,Speed Stick Original,Speed Stick Men s Deodorant Regular - 1.8 ounce,24 hour odor fighting formula. Feel clean masculine and confident. Comfort Guard applicator for comfort and control.,n.a.,1.8oz. (51g),Stick / Solid,022200940207,n.a.,n.a. (UPC database),https://www.upcitemdb.com/upc/022200940207,UPC database,Medium,2026-08-31
CL-USA-SPEEDSTICK-1837,USA,Speed Stick,Personal Care,Deodorant / Antiperspirant,Speed Stick Original,Speed Stick Men s Deodorant Regular - 3 oz,Feel clean masculine and confident with Speed Stick Deodorant for Men Regular scent. This odor-fighting formula provides 24 hour freshness for maximum confidence. This Speed Stick men?s deodorant includes a comfort guard applicator for comfort and control. This solid stick deodorant for men is aluminum free. The classic scent of Speed Stick Men?s Deodorant Regular scent will help you smell fresh and confident all day. Speed Stick Men?s Deodorant is aluminum free and provides all day freshness. W,n.a.,n.a.,Stick / Solid,022200941525,n.a.,n.a. (UPC database),https://www.upcitemdb.com/upc/022200941525,UPC database,Medium,2026-08-31
CL-USA-SPEEDSTICK-1838,USA,Speed Stick,Personal Care,Deodorant / Antiperspirant,Speed Stick Original,"Speed Stick Men's Deodorant, Musk - 3 ounce","Men's Deodorant with Odor Fighting Formula that Provides 24 Hour Freshness for maximum confidenceFeel clean, masculine and confidentAluminum FreeIncludes guard applicator for comfort and controlSpecial value twin pack",n.a.,n.a.,Stick / Solid,022200941549,n.a.,n.a. (UPC database),https://www.upcitemdb.com/upc/022200941549,UPC database,Medium,2026-08-31
CL-USA-SPEEDSTICK-1839,USA,Speed Stick,Personal Care,Deodorant / Antiperspirant,Speed Stick Original,"Speed Stick Men's Deodorant, Ocean Surf",Men's Deodorant,Ocean,1.8 Ounce,Stick / Solid,022200940238,n.a.,n.a. (brand SmartLabel),https://www.colgatepalmolive.com/en-us/smartlabel/22200940238,Brand site,High,2026-08-31
CL-USA-SPEEDSTICK-1840,USA,Speed Stick,Personal Care,Deodorant / Antiperspirant,Speed Stick Original,Speed Stick Regular Deodorant 4 Pack,Deodorant,n.a.,n.a.,Stick / Solid,022200457064,n.a.,n.a. (brand SmartLabel),https://www.colgatepalmolive.com/en-us/smartlabel/22200457064,Brand site,High,2026-08-31
CL-USA-SPEEDSTICK-1841,USA,Speed Stick,Personal Care,Deodorant / Antiperspirant,Speed Stick Original,Speed Stick Solid Deodorant - Fresh Scent - Aluminum-Free 3oz/2pk,Men's aluminum-free solid deodorant with an odor-fighting formula that provides 24-hour freshness. Includes a comfort guard applicator for comfort and control.,n.a.,3 oz 2pk,Stick / Solid,022200941532,14244616,Target,https://www.target.com/p/speed-stick-aluminum-free-men-39-s-deodorant-regular-3oz-2pk/-/A-14244616,Retailer listing,High,2026-08-31
CL-USA-SPEEDSTICK-1842,USA,Speed Stick,Personal Care,Deodorant / Antiperspirant,Speed Stick Power,"Speed Stick Anti-Perspirant Deodorant Power Fresh, 2 Oz (Pack of 6)",Sears,n.a.,n.a.,Stick / Solid,022200003308,n.a.,n.a. (UPC database),https://www.upcitemdb.com/upc/022200003308,UPC database,Medium,2026-08-31
CL-USA-SPEEDSTICK-1843,USA,Speed Stick,Personal Care,Deodorant / Antiperspirant,Speed Stick Power,"Speed Stick Antiperspirant Deodorant Power Fresh Scent, Strong Sweat Protection for Active Days, 3 Oz","Speed Stick Antiperspirant Deodorant Power Fresh Scent delivers strong sweat and odor protection designed for active days. The solid stick helps reduce wetness, provides a clean and invigorating scent, and applies easily without residue.",n.a.,"3 oz, 1 count",Stick / Solid,022200004909,1008642051,Target,https://www.target.com/p/speed-stick-antiperspirant-deodorant-power-fresh-scent-strong-sweat-protection-for-active-days-3-oz/-/A-1008642051,Retailer listing,High,2026-08-31
CL-USA-SPEEDSTICK-1844,USA,Speed Stick,Personal Care,Deodorant / Antiperspirant,Speed Stick Power,Speed Stick Men s Antiperspirant Deodorant Power Fresh 3 oz,It s time to be your own man in a world where the old patterns rules and stages of progression are being redefined. Achieving your dreams takes courage when it counts. Speed Stick Power Fresh Antiperspirant & Deodorant for Men 3 Oz leaves you feeling cool clean and refreshed all day long. Provides 24-hour odor and wetness protection. Includes comfort guard applicator for comfort and control. Always feel clean masculine and confident with Speed Stick Power Fresh Antiperspirant and Deodorant for M,n.a.,3 oz,Stick / Solid,022200004909,n.a.,n.a. (UPC database),https://www.upcitemdb.com/upc/022200004909,UPC database,Medium,2026-08-31
CL-USA-SPEEDSTICK-1845,USA,Speed Stick,Personal Care,Deodorant / Antiperspirant,Speed Stick Power,"Speed Stick Power Antiperspirant & Deodorant, Ultimate Sport 1.8 oz",Speed Stick Power Ultimate Sport Antiperspirant Deodorant Stick:24HR ProtectionPowerful odor protectionMaximum confidencekeep you feeling fresh and 24HR ProtectionReduces underarm wetness,n.a.,Pack of 1,Stick / Solid,022200951616,n.a.,n.a. (UPC database),https://www.upcitemdb.com/upc/022200951616,UPC database,Medium,2026-08-31
CL-USA-SPEEDSTICK-1846,USA,Speed Stick,Personal Care,Deodorant / Antiperspirant,Speed Stick Power,Speed Stick Power Antiperspirant Deodorant For Men Unscented - 3 oz 2-Pack,It s time to be your own man in a world where the old patterns rules and stages of progression are being redefined. Achieving your dreams takes courage when it counts. Speed Stick Power Unscented Antiperspirant & Deodorant for Men leaves you feeling cool clean and refreshed all day long. Speed Stick Power Antiperspirant and Men s Deodorant provide 24-hour odor and wetness protection. Includes comfort guard applicator for comfort and control. Apply antiperspirant deodorant to underarms only. Grea,Unscented,n.a.,Stick / Solid,631113269178,n.a.,n.a. (UPC database),https://www.upcitemdb.com/upc/631113269178,UPC database,Medium,2026-08-31
CL-USA-SPEEDSTICK-1847,USA,Speed Stick,Personal Care,Deodorant / Antiperspirant,Speed Stick Power,Speed Stick Power Antiperspirant Deodorant For Men Unscented 3 oz 8-Pack,It s time to be your own man in a world where the old patterns rules and stages of progression are being redefined. Achieving your dreams takes courage when it counts. Speed Stick Power Unscented Antiperspirant & Deodorant for Men leave you feeling cool clean and refreshed all day long. Speed Stick Power Antiperspirant and Men s Deodorant provide 24-hour odor and wetness protection. Includes comfort guard applicator for comfort and control. Apply antiperspirant deodorant to underarms only.Great ,Unscented,n.a.,Stick / Solid,607963725508,n.a.,n.a. (UPC database),https://www.upcitemdb.com/upc/607963725508,UPC database,Medium,2026-08-31
CL-USA-SPEEDSTICK-1848,USA,Speed Stick,Personal Care,Deodorant / Antiperspirant,Speed Stick Power,Speed Stick Power Antiperspirant Deodorant Fresh - 3 ounce (6 Pack),Protection you can count on. Great clean scent.,n.a.,Pack of 6,Stick / Solid,609132537547,n.a.,n.a. (UPC database),https://www.upcitemdb.com/upc/609132537547,UPC database,Medium,2026-08-31
CL-USA-SPEEDSTICK-1849,USA,Speed Stick,Personal Care,Deodorant / Antiperspirant,Speed Stick Power,"Speed Stick Power Antiperspirant Deodorant, Fresh",Antiperspirant Deodorant,n.a.,3 ounce,Stick / Solid,022200004909,n.a.,n.a. (brand SmartLabel),https://www.colgatepalmolive.com/en-us/smartlabel/22200004909,Brand site,High,2026-08-31
CL-USA-SPEEDSTICK-1850,USA,Speed Stick,Personal Care,Deodorant / Antiperspirant,Speed Stick Power,"Speed Stick Power Clear Gel Antiperspirant Deodorant, Strong Sweat Control with Clean Finish","Speed Stick Power Clear Gel Antiperspirant Deodorant provides strong sweat control in a clean, fast-drying gel formula. Designed to go on clear, it helps prevent white marks while keeping underarms dry and comfortable throughout the day.",n.a.,3 oz 1 count,Paste / Gel,022200951043,1008634975,Target,https://www.target.com/p/speed-stick-power-clear-gel-antiperspirant-deodorant-strong-sweat-control-with-clean-finish-3-oz/-/A-1008634975,Retailer listing,High,2026-08-31
CL-USA-SPEEDSTICK-1851,USA,Speed Stick,Personal Care,Deodorant / Antiperspirant,Speed Stick Power,"Speed Stick Power Fresh Antiperspirant Deodorant for Men, All-Day Sweat and Odor Protection",Speed Stick Power Fresh Antiperspirant Deodorant for Men delivers all-day sweat and odor protection designed to keep up with active lifestyles. Its solid stick formula applies smoothly and dries quickly while helping reduce underarm wetness.,n.a.,1.8 oz 1 count,Stick / Solid,022200940221,1008634983,Target,https://www.target.com/p/speed-stick-power-fresh-antiperspirant-deodorant-for-men-all-day-sweat-and-odor-protection-1-8-oz/-/A-1008634983,Retailer listing,High,2026-08-31
CL-USA-SPEEDSTICK-1852,USA,Speed Stick,Personal Care,Deodorant / Antiperspirant,Speed Stick Power,"Speed Stick Power Ultimate Sport Antiperspirant Deodorant for Men, All-Day Odor and Sweat Control","Speed Stick Power Ultimate Sport Antiperspirant Deodorant is built for men who need strong, all-day sweat and odor control. Its solid stick formula helps reduce wetness while providing long-lasting freshness in a convenient 3 oz size.",n.a.,3 oz 1ct,Stick / Solid,022200004923,1008634973,Target,https://www.target.com/p/speed-stick-power-ultimate-sport-antiperspirant-deodorant-for-men-all-day-odor-and-sweat-control-3-oz/-/A-1008634973,Retailer listing,High,2026-08-31
CL-USA-SPEEDSTICK-1853,USA,Speed Stick,Personal Care,Deodorant / Antiperspirant,Speed Stick Power,"Speed Stick Power Ultimate Sport Antiperspirant Deodorant, 3 oz (Pack of, 2)",Speed Stick Power Ultimate Sport Antiperspirant Deodorant: Reduces underarm wetnessTwin packSport deodorantBuy two and save,n.a.,n.a.,Stick / Solid,022200951296,n.a.,n.a. (UPC database),https://www.upcitemdb.com/upc/022200951296,UPC database,Medium,2026-08-31
CL-USA-SPEEDSTICK-1854,USA,Speed Stick,Personal Care,Deodorant / Antiperspirant,Speed Stick Power,"Speed Stick Power Unscented Antiperspirant Deodorant, Strong Sweat and Odor Protection, Gentle Formula, 3 Oz",Speed Stick Power Unscented Antiperspirant Deodorant delivers strong sweat and odor protection without added fragrance. The solid stick applies smoothly and dries quickly without irritation or residue.,Unscented,"3 oz, 1 count",Stick / Solid,022200004916,1008634960,Target,https://www.target.com/p/speed-stick-power-unscented-antiperspirant-deodorant-strong-sweat-and-odor-protection-gentle-formula-3-oz/-/A-1008634960,Retailer listing,High,2026-08-31
CL-USA-SPEEDSTICK-1855,USA,Speed Stick,Personal Care,Deodorant / Antiperspirant,Speed Stick Stainguard,Speed Stick Stainguard Anti-Perspirant Deodorant Fresh 2.70 oz,Speed Stick Stainguard Anti-Perspirant Deodorant Fresh 2.70 oz condition: New Brand: Speed Stick MPN: Does not apply Code: 3a7-007165000252994,n.a.,n.a.,Stick / Solid,695977581753,n.a.,n.a. (UPC database),https://www.upcitemdb.com/upc/695977581753,UPC database,Medium,2026-08-31
CL-USA-SPEEDSTICK-1856,USA,Speed Stick,Personal Care,Deodorant / Antiperspirant,Speed Stick Stainguard,Speed Stick Stainguard Anti-Perspirant Deodorant Fresh 2.70 oz (Pack of 2),Speed Stick Stainguard Anti-Perspirant Deodorant Fresh 2.70 oz (Pack of 2) condition: New Brand: Speed Stick MPN: Does not apply Code: bab-141237000252994,n.a.,10 D - Medium,Stick / Solid,696454764324,n.a.,n.a. (UPC database),https://www.upcitemdb.com/upc/696454764324,UPC database,Medium,2026-08-31
CL-USA-SPEEDSTICK-1857,USA,Speed Stick,Personal Care,Deodorant / Antiperspirant,Speed Stick Stainguard,Speed Stick Stainguard Anti-Perspirant Deodorant Fresh 2.70 oz (Pack of 4),Speed Stick Stainguard Anti-Perspirant Deodorant Fresh 2.70 oz (Pack of 4) condition: New Brand: Speed Stick MPN: Does not apply Code: a71-994556000252993,n.a.,10 D - Medium,Stick / Solid,696454761163,n.a.,n.a. (UPC database),https://www.upcitemdb.com/upc/696454761163,UPC database,Medium,2026-08-31
CL-USA-SPEEDSTICK-1858,USA,Speed Stick,Personal Care,Deodorant / Antiperspirant,Speed Stick Stainguard,Speed Stick Stainguard Anti-Perspirant Deodorant Fresh 2.70 oz (Pack of 5),Speed Stick Stainguard Anti-Perspirant Deodorant Fresh 2.70 oz (Pack of 5) condition: New Brand: Speed Stick MPN: Does not apply Code: f47-994629000252993,n.a.,10 D - Medium,Stick / Solid,696454760258,n.a.,n.a. (UPC database),https://www.upcitemdb.com/upc/696454760258,UPC database,Medium,2026-08-31
CL-USA-SPEEDSTICK-1859,USA,Speed Stick,Personal Care,Deodorant / Antiperspirant,Speed Stick Stainguard,Speed Stick Stainguard Anti-Perspirant Deodorant Fresh 2.70 oz (Pack of 6),Speed Stick Stainguard Anti-Perspirant Deodorant Fresh 2.70 oz (Pack of 6) condition: New Brand: Speed Stick MPN: Does not apply Code: 8c9-994748000252993,n.a.,10 D - Medium,Stick / Solid,696454761484,n.a.,n.a. (UPC database),https://www.upcitemdb.com/upc/696454761484,UPC database,Medium,2026-08-31
CL-USA-SPEEDSTICK-1860,USA,Speed Stick,Personal Care,Deodorant / Antiperspirant,Speed Stick Stainguard,Speed Stick Stainguard Anti-Perspirant Deodorant Fresh 2.70 oz (Pack of 7),Speed Stick Stainguard Anti-Perspirant Deodorant Fresh 2.70 oz (Pack of 7) condition: New Brand: Speed Stick MPN: Does not apply Code: e40-946772000332265,n.a.,n.a.,Stick / Solid,695977585935,n.a.,n.a. (UPC database),https://www.upcitemdb.com/upc/695977585935,UPC database,Medium,2026-08-31
CL-USA-SPEEDSTICK-1861,USA,Speed Stick,Personal Care,Deodorant / Antiperspirant,Speed Stick Stainguard,Speed Stick Stainguard Anti-Perspirant Deodorant Fresh 2.70 oz (Pack of 8),Speed Stick Stainguard Anti-Perspirant Deodorant Fresh 2.70 oz (Pack of 8) condition: New Brand: Speed Stick MPN: Does not apply Code: 657-926188000232373,n.a.,10 D - Medium,Stick / Solid,696454761538,n.a.,n.a. (UPC database),https://www.upcitemdb.com/upc/696454761538,UPC database,Medium,2026-08-31
CL-USA-SPEEDSTICK-1862,USA,Speed Stick,Personal Care,Deodorant / Antiperspirant,Speed Stick Stainguard,Speed Stick Stainguard Anti-Perspirant Deodorant Fresh 2.70 oz (Pack of 9),Speed Stick Stainguard Anti-Perspirant Deodorant Fresh 2.70 oz (Pack of 9) condition: New Brand: Speed Stick MPN: Does not apply Code: f8c-824251000332265,n.a.,10 D - Medium,Stick / Solid,696454763549,n.a.,n.a. (UPC database),https://www.upcitemdb.com/upc/696454763549,UPC database,Medium,2026-08-31
CL-USA-TOMSOFMAINE-1863,USA,Tom's of Maine,Toothpaste,Fluoride toothpaste (OTC anticavity),Colgate (core),Simply White Clean Mint,"US FDA OTC drug listing. NDC 51009-248-40. Dosage form: PASTE, DENTIFRICE. Package: 1 TUBE in 1 CARTON (51009-248-40) / 113 g in 1 TUBE",Clean Mint,113 g,Paste / Gel,n.a.,n.a.,n.a. (FDA NDC product listing),https://api.fda.gov/drug/ndc.json?search=labeler_name:%22Tom%27s+of+Maine%22&limit=100&skip=0,UPC database,Medium,2026-08-31
CL-USA-TOMSOFMAINE-1864,USA,Tom's of Maine,Toothpaste,Fluoride toothpaste (OTC anticavity),Colgate (core),Tom Whole Care Peppermint fights cavities whitening fresh breath helps fight tartar,"US FDA OTC drug listing. NDC 51009-202-04. Dosage form: PASTE, DENTIFRICE. Package: 1 TUBE in 1 CARTON (51009-202-04) / 113 g in 1 TUBE",Peppermint,113 g,Paste / Gel,n.a.,n.a.,n.a. (FDA NDC product listing),https://api.fda.gov/drug/ndc.json?search=labeler_name:%22Tom%27s+of+Maine%22&limit=100&skip=0,UPC database,Medium,2026-08-31
CL-USA-TOMSOFMAINE-1865,USA,Tom's of Maine,Mouthwash & Rinse,Fluoride / therapeutic rinse,Colgate (core),Toms Childrens Anticavity Mouthwash Silly Strawberry,US FDA OTC drug listing. NDC 51009-840-52. Dosage form: RINSE. Package: 473 mL in 1 BOTTLE (51009-840-52),Strawberry,473 mL,Liquid Rinse,n.a.,n.a.,n.a. (FDA NDC product listing),https://api.fda.gov/drug/ndc.json?search=labeler_name:%22Tom%27s+of+Maine%22&limit=100&skip=0,UPC database,Medium,2026-08-31
CL-USA-TOMSOFMAINE-1866,USA,Tom's of Maine,Toothpaste,Fluoride toothpaste (OTC anticavity),Colgate (core),Toms Whole Care Cinnamon Clove FIGHTS CAVITIES WHITENING FRESH BREATH HELPS FIGHT TARTAR,"US FDA OTC drug listing. NDC 51009-219-04. Dosage form: PASTE, DENTIFRICE. Package: 1 TUBE in 1 CARTON (51009-219-04) / 113 g in 1 TUBE",Cinnamon,113 g,Paste / Gel,n.a.,n.a.,n.a. (FDA NDC product listing),https://api.fda.gov/drug/ndc.json?search=labeler_name:%22Tom%27s+of+Maine%22&limit=100&skip=0,UPC database,Medium,2026-08-31
CL-USA-TOMSOFMAINE-1867,USA,Tom's of Maine,Mouthwash & Rinse,Fluoride / therapeutic rinse,Colgate (core),Toms Whole Care Mouthwash Fresh Mint,US FDA OTC drug listing. NDC 51009-837-52. Dosage form: RINSE. Package: 473 mL in 1 BOTTLE (51009-837-52),Fresh Mint,473 mL,Liquid Rinse,n.a.,n.a.,n.a. (FDA NDC product listing),https://api.fda.gov/drug/ndc.json?search=labeler_name:%22Tom%27s+of+Maine%22&limit=100&skip=0,UPC database,Medium,2026-08-31
CL-USA-TOMSOFMAINE-1868,USA,Tom's of Maine,Toothpaste,Fluoride toothpaste (OTC anticavity),Colgate (core),Toms Whole Care Spearmint fights cavities whitening fresh breath helps fight tartar,"US FDA OTC drug listing. NDC 51009-203-04. Dosage form: PASTE, DENTIFRICE. Package: 1 TUBE in 1 CARTON (51009-203-04) / 113 g in 1 TUBE",Spearmint,113 g,Paste / Gel,n.a.,n.a.,n.a. (FDA NDC product listing),https://api.fda.gov/drug/ndc.json?search=labeler_name:%22Tom%27s+of+Maine%22&limit=100&skip=0,UPC database,Medium,2026-08-31
CL-USA-TOMSOFMAINE-1869,USA,Tom's of Maine,Toothpaste,Fluoride toothpaste (OTC anticavity),Colgate Cavity Protection,Natural Fluoride Fresh Mint cavity protection whitening fresh breath,"US FDA OTC drug listing. NDC 51009-238-59. Dosage form: PASTE, DENTIFRICE. Package: 85 g in 1 TUBE (51009-238-59)",Fresh Mint,85 g,Paste / Gel,n.a.,n.a.,n.a. (FDA NDC product listing),https://api.fda.gov/drug/ndc.json?search=labeler_name:%22Tom%27s+of+Maine%22&limit=100&skip=0,UPC database,Medium,2026-08-31
CL-USA-TOMSOFMAINE-1870,USA,Tom's of Maine,Toothpaste,Fluoride toothpaste (OTC anticavity),Colgate Cavity Protection,Toms Luminous White Fluoride Clean Mint cavity protection / whitening,"US FDA OTC drug listing. NDC 51009-218-40. Dosage form: PASTE, DENTIFRICE. Package: 1 TUBE in 1 CARTON (51009-218-40) / 113 g in 1 TUBE",Clean Mint,113 g,Paste / Gel,n.a.,n.a.,n.a. (FDA NDC product listing),https://api.fda.gov/drug/ndc.json?search=labeler_name:%22Tom%27s+of+Maine%22&limit=100&skip=0,UPC database,Medium,2026-08-31
CL-USA-TOMSOFMAINE-1871,USA,Tom's of Maine,Toothpaste,Fluoride toothpaste (OTC anticavity),Colgate Cavity Protection,Toms Wicked Fresh Cool Peppermint fresh breath / cavity protection,"US FDA OTC drug listing. NDC 51009-205-40. Dosage form: PASTE, DENTIFRICE. Package: 1 TUBE in 1 CARTON (51009-205-40) / 113 g in 1 TUBE",Peppermint,113 g,Paste / Gel,n.a.,n.a.,n.a. (FDA NDC product listing),https://api.fda.gov/drug/ndc.json?search=labeler_name:%22Tom%27s+of+Maine%22&limit=100&skip=0,UPC database,Medium,2026-08-31
CL-USA-TOMSOFMAINE-1872,USA,Tom's of Maine,Toothpaste,Fluoride toothpaste (OTC anticavity),Colgate Cavity Protection,Toms Wicked Fresh Spearmint Ice fresh breath / cavity protection,"US FDA OTC drug listing. NDC 51009-206-40. Dosage form: PASTE, DENTIFRICE. Package: 1 TUBE in 1 CARTON (51009-206-40) / 113 g in 1 TUBE",Spearmint,113 g,Paste / Gel,n.a.,n.a.,n.a. (FDA NDC product listing),https://api.fda.gov/drug/ndc.json?search=labeler_name:%22Tom%27s+of+Maine%22&limit=100&skip=0,UPC database,Medium,2026-08-31
CL-USA-TOMSOFMAINE-1873,USA,Tom's of Maine,Toothpaste,Fluoride toothpaste (OTC anticavity),Colgate Kids,Toms Kids Watermelon Wiggle,"US FDA OTC drug listing. NDC 51009-854-51. Dosage form: PASTE, DENTIFRICE. Package: 144 g in 1 TUBE (51009-854-51)",Watermelon,144 g,Paste / Gel,n.a.,n.a.,n.a. (FDA NDC product listing),https://api.fda.gov/drug/ndc.json?search=labeler_name:%22Tom%27s+of+Maine%22&limit=100&skip=0,UPC database,Medium,2026-08-31
CL-USA-TOMSOFMAINE-1874,USA,Tom's of Maine,Toothbrush,Manual toothbrush,Tom's of Maine,Adult Holiday Brush & Rinse Bundle,"1x Fluoride-Free Antiplaque & Whitening Fennel Toothpaste 1x Fresh Mint Whole Care Anticavity Natural Mouthwash 1x Naturally Clean Soft Toothbrush Twin Pack This set brings together three everyday essentials to help support a simple and consistent oral care routine during a busy time of year. With a subtly sweet fennel toothpaste, a refreshing mint mouthwash, and a pair of soft-bristle toothbrushe",n.a.,n.a.,Brush,n.a.,adultholidaykit,Tom's of Maine brand site (DTC),https://www.tomsofmaine.com/products/adult-holiday-brush-and-rinse-bundle,Brand site,Medium,2026-08-31
CL-USA-TOMSOFMAINE-1875,USA,Tom's of Maine,Toothpaste,Toothpaste,Tom's of Maine,Best Sellers Toothpaste Trio,"Get a complete clean with this carefully curated toothpaste bundle. Featuring Whole Care, Antiplaque & Whitening, and Fluoride-Free formulas, this set is designed to support a healthy mouth with every brush. Whether you’re looking for cavity protection, fresh breath, or a naturally whiter smile, this bundle has your routine covered. WHAT'S INCLUDED: Includes one (1) 4.5 oz tube of Tom's of Maine A",n.a.,n.a.,Paste / Gel,n.a.,tpkit,Tom's of Maine brand site (DTC),https://www.tomsofmaine.com/products/best-sellers-toothpaste-trio,Brand site,Medium,2026-08-31
CL-USA-TOMSOFMAINE-1876,USA,Tom's of Maine,Oral Care,Other oral care,Tom's of Maine,Everyday Essentials Starter Pack,"The perfect way to start fresh. This Starter Pack includes everything you need for a natural, well-rounded routine—from oral care to body care. Inside, you’ll find Fluoride-Free Antiplaque & Whitening Fennel Toothpaste for a clean, refreshed smile, Fresh Mint Whole Care Anticavity Mouthwash for a final rinse, and a Gentle Charcoal Ultra-Soft Toothbrush for a thorough yet gentle clean. For body car",n.a.,n.a.,n.a.,n.a.,essentialskit,Tom's of Maine brand site (DTC),https://www.tomsofmaine.com/products/everyday-essentials-starter-pack,Brand site,Medium,2026-08-31
CL-USA-TOMSOFMAINE-1877,USA,Tom's of Maine,Toothbrush,Manual toothbrush,Tom's of Maine,Extra Soft Kid's Toothbrush,"Make a great choice for your whole family with Tom's of Maine Children's Toothbrush. This kid-sized toothbrush features extra-soft dye-free bristles and an angled neck to help with hard-to-reach places. The plant-based handle is 99% made from renewable castor oil plants and colored with mineral-based pigments. Plus, the toothbrush can be recycled through Tom's of Maine TerraCycle collection progra",n.a.,n.a.,Brush,n.a.,CH01614A,Tom's of Maine brand site (DTC),https://www.tomsofmaine.com/products/extra-soft-childrens-toothbrush,Brand site,Medium,2026-08-31
CL-USA-TOMSOFMAINE-1878,USA,Tom's of Maine,Oral Care Kits,Gift set / bundle,Tom's of Maine,Fresh Start Bundle,"A fresh start from head to toe. This bundle brings together Clean Coast Deodorant, Lemon Bergamot Natural Beauty Bar, and Fluoride-Free Antiplaque & Whitening Peppermint Toothpaste—a collection designed to cleanse, refresh, and invigorate your daily routine. With crisp, coastal and botanical-inspired scents, this trio is a simple way to bring a breath of fresh air to your everyday essentials. WHAT",n.a.,n.a.,n.a.,n.a.,freshkit,Tom's of Maine brand site (DTC),https://www.tomsofmaine.com/products/fresh-start-bundle,Brand site,Medium,2026-08-31
CL-USA-TOMSOFMAINE-1879,USA,Tom's of Maine,Toothbrush,Manual toothbrush,Tom's of Maine,Gentle Charcoal Ultra Soft Toothbrush,"What's behind that confident smile? The Tom's of Maine Gentle Charcoal Toothbrush. The charcoal-infused bristles are two times softer than an ordinary flat trim toothbrush, so this ultra soft toothbrush can effectively remove surface stains and clean teeth while being gentle on gums. Plus, each handle is made from 5% post-consumer recycled plastic, and the ultra soft bristles are BPA-free — so you",Charcoal,n.a.,Brush,n.a.,CH02182A,Tom's of Maine brand site (DTC),https://www.tomsofmaine.com/products/gentle-charcoal-ultra-soft-toothbrush,Brand site,Medium,2026-08-31
CL-USA-TOMSOFMAINE-1880,USA,Tom's of Maine,Toothpaste,Toothpaste,Tom's of Maine,Green Planet Films Curiosity Quest Tom S Of Maine Toothpaste,Target.com retailer listing.,n.a.,n.a.,Paste / Gel,n.a.,TCIN 1012488451,Target,https://www.target.com/p/green-planet-films-curiosity-quest-tom-s-of-maine-toothpaste/-/A-1012488451,Retailer listing,High,2026-08-31
CL-USA-TOMSOFMAINE-1881,USA,Tom's of Maine,Toothpaste,Fluoride toothpaste (OTC anticavity),Tom's of Maine,TOMS OF MAINE ACTIVATED CHARCOAL PEPPERMINT,"US FDA OTC drug listing. NDC 51009-900-40. Dosage form: PASTE, DENTIFRICE. Package: 1 TUBE in 1 CARTON (51009-900-40) / 113 g in 1 TUBE",Peppermint,113 g,Paste / Gel,n.a.,n.a.,n.a. (FDA NDC product listing),https://api.fda.gov/drug/ndc.json?search=labeler_name:%22Tom%27s+of+Maine%22&limit=100&skip=0,UPC database,Medium,2026-08-31
CL-USA-TOMSOFMAINE-1882,USA,Tom's of Maine,Toothpaste,Fluoride toothpaste (OTC anticavity),Tom's of Maine,TOMS OF MAINE ANTICAVITY FRESHMINT,"US FDA OTC drug listing. NDC 51009-862-63. Dosage form: PASTE, DENTIFRICE. Package: 85 g in 1 TUBE (51009-862-63)",n.a.,85 g,Paste / Gel,n.a.,n.a.,n.a. (FDA NDC product listing),https://api.fda.gov/drug/ndc.json?search=labeler_name:%22Tom%27s+of+Maine%22&limit=100&skip=0,UPC database,Medium,2026-08-31
CL-USA-TOMSOFMAINE-1883,USA,Tom's of Maine,Toothpaste,Fluoride toothpaste (OTC anticavity),Tom's of Maine,TOMS OF MAINE WHITEN PLUS DEEP CLEAN SPEARMINT,"US FDA OTC drug listing. NDC 51009-921-40. Dosage form: PASTE, DENTIFRICE. Package: 1 TUBE in 1 CARTON (51009-921-40) / 113 g in 1 TUBE",Spearmint,113 g,Paste / Gel,n.a.,n.a.,n.a. (FDA NDC product listing),https://api.fda.gov/drug/ndc.json?search=labeler_name:%22Tom%27s+of+Maine%22&limit=100&skip=0,UPC database,Medium,2026-08-31
CL-USA-TOMSOFMAINE-1884,USA,Tom's of Maine,Toothpaste,Toothpaste,Tom's of Maine,Toms Of Maine Whiten Deep Clean Anticavity Toothpaste Peppermint 4 Oz,CVS.com retailer listing.,Peppermint,4 oz,Paste / Gel,n.a.,prodid 638416,CVS Pharmacy,https://www.cvs.com/shop/toms-of-maine-whiten-deep-clean-anticavity-toothpaste-peppermint-4-oz-prodid-638416,Retailer listing,High,2026-08-31
CL-USA-TOMSOFMAINE-1885,USA,Tom's of Maine,Toothpaste,Fluoride toothpaste (OTC anticavity),Tom's of Maine,Toms of Maine Whiten Plus Deep Clean Peppermint,"US FDA OTC drug listing. NDC 51009-920-40. Dosage form: PASTE, DENTIFRICE. Package: 1 TUBE in 1 CARTON (51009-920-40) / 113 g in 1 TUBE",Peppermint,113 g,Paste / Gel,n.a.,n.a.,n.a. (FDA NDC product listing),https://api.fda.gov/drug/ndc.json?search=labeler_name:%22Tom%27s+of+Maine%22&limit=100&skip=0,UPC database,Medium,2026-08-31
CL-USA-TOMSOFMAINE-1886,USA,Tom's of Maine,Toothpaste,Fluoride toothpaste (OTC anticavity),Tom's of Maine,Toms of Maine Whiten Plus Deep Clean Peppermint,"US FDA OTC drug listing. NDC 51009-920-63. Dosage form: PASTE, DENTIFRICE. Package: 85 g in 1 TUBE (51009-920-63)",Peppermint,85 g,Paste / Gel,n.a.,n.a.,n.a. (FDA NDC product listing),https://api.fda.gov/drug/ndc.json?search=labeler_name:%22Tom%27s+of+Maine%22&limit=100&skip=0,UPC database,Medium,2026-08-31
CL-USA-TOMSOFMAINE-1887,USA,Tom's of Maine,Personal Care,Deodorant / Antiperspirant,Tom's of Maine Antiperspirant,North Woods Antiperspirant,"Tom’s of Maine antiperspirant is designed with inclusivity in mind, offering options for men, women, and really, it's for everyone, because feeling fresh and confident knows no gender boundaries. Get protection you can count on with Tom’s of Maine North Woods antiperspirant, which offers 48 hour sweat and odor protection to keep you feeling fresh and confident. Smell good, feel good. WHAT YOU'LL G",n.a.,North Woods,Stick / Solid,n.a.,61028978,www.tomsofmaine.com,https://www.tomsofmaine.com/products/north-woods-antiperspirant,Brand site,High,2026-08-31
CL-USA-TOMSOFMAINE-1888,USA,Tom's of Maine,Personal Care,Deodorant / Antiperspirant,Tom's of Maine Antiperspirant,Tropical Island Antiperspirant,"Tom’s of Maine Tropical Island Antiperspirant i s crafted for men and women seeking reliable 48-hour odor and sweat protection. Experience a sun-kissed paradise of pineapple, coconut, and mango breezing through palm trees every time you apply. The formula is vegan, baking soda-free, and paraben-free, with no artificial fragrances, dyes, or preservatives, making it perfect for everyday use. Our sti",n.a.,Tropical Island,Stick / Solid,n.a.,61054118,www.tomsofmaine.com,https://www.tomsofmaine.com/products/tropical-island-antiperspirant,Brand site,High,2026-08-31
CL-USA-TOMSOFMAINE-1889,USA,Tom's of Maine,Toothbrush,Manual toothbrush,Tom's of Maine Antiplaque & Whitening,Antiplaque Adult Medium Toothbrush,"Tom’s of Maine Antiplaque Adult Medium Toothbrush, 1 Count Product Description US en-US Experience a deep clean you can feel good about with the Tom’s of Maine Antiplaque Adult Medium Toothbrush. Thoughtfully crafted with multi-height, plant-based BPA free bristles, this medium bristle toothbrush for adults is designed for deep cleaning. This adult toothbrush features a raised power tip and compac",n.a.,1 ct,Brush,n.a.,61053599,Tom's of Maine brand site (DTC),https://www.tomsofmaine.com/products/medium-adult-manual-naturally-clean-toothbrush,Brand site,Medium,2026-08-31
CL-USA-TOMSOFMAINE-1890,USA,Tom's of Maine,Toothbrush,Manual toothbrush,Tom's of Maine Antiplaque & Whitening,Antiplaque Adult Soft Toothbrush,"Experience a deep clean you can feel good about with the Tom’s of Maine Antiplaque Adult Soft Toothbrush. Thoughtfully crafted with multi-height, plant-based BPA free bristles, this soft bristle toothbrush for adults is designed for deep cleaning. This adult toothbrush features a raised power tip and compact head for better reach* on those tricky spots for a complete brushing experience. Plus, thi",n.a.,n.a.,Brush,n.a.,61053597,Tom's of Maine brand site (DTC),https://www.tomsofmaine.com/products/antiplaque-adult-soft-toothbrush,Brand site,Medium,2026-08-31
CL-USA-TOMSOFMAINE-1891,USA,Tom's of Maine,Toothbrush,Manual toothbrush,Tom's of Maine Antiplaque & Whitening,"Antiplaque Adult Soft Toothbrush, 2 Pack","Experience a deep clean you can feel good about with the Tom’s of Maine Antiplaque Adult Soft Toothbrush 2-Pack. Thoughtfully crafted with multi-height, plant-based BPA free bristles, these soft bristle toothbrushes are designed for deep cleaning. Each adult toothbrush features a raised power tip and compact head for better reach* on those tricky spots for a complete brushing experience. Plus, the",n.a.,2 ct,Brush,n.a.,61053595,Tom's of Maine brand site (DTC),https://www.tomsofmaine.com/products/antiplaque-adult-soft-toothbrush-2-pack,Brand site,Medium,2026-08-31
CL-USA-TOMSOFMAINE-1892,USA,Tom's of Maine,Floss & Interdental,Floss / picks,Tom's of Maine Antiplaque & Whitening,Antiplaque Spearmint Natural Floss - Spearmint,"Strong between teeth yet gentle on gums, Tom's of Maine Naturally Waxed Antiplaque Flat Floss helps keep teeth and gums healthy. The naturally waxed nylon filaments prevent snapping or fraying and remove particles efficiently and thoroughly. Removes plaque: Natural dental floss removes food particles and plaque efficiently and thoroughly. Natural & responsible: Contains no artificial preservatives",Spearmint,n.a.,Floss / Pick,n.a.,683030,Tom's of Maine brand site (DTC),https://www.tomsofmaine.com/products/spearmint-antiplaque-flat-floss,Brand site,Medium,2026-08-31
CL-USA-TOMSOFMAINE-1893,USA,Tom's of Maine,Toothpaste,Toothpaste,Tom's of Maine Antiplaque & Whitening,Fluoride-Free Antiplaque & Whitening Fennel Toothpaste - Fennel,Experience a bright smile using naturally derived and sourced ingredients with the Tom’s of Maine Antiplaque and Whitening Fluoride Free Toothpaste. This natural toothpaste comes in a sweet Fennel flavor and gently whitens your teeth by removing surface stains with regular brushing. Freshen your breath and prevent plaque and tartar buildup with regular brushing with this anti plaque toothpaste. In,n.a.,n.a.,Paste / Gel,n.a.,61038022,Tom's of Maine brand site (DTC),https://www.tomsofmaine.com/products/fluoride-free-antiplaque-whitening-fennel-toothpaste,Brand site,Medium,2026-08-31
CL-USA-TOMSOFMAINE-1894,USA,Tom's of Maine,Toothpaste,Toothpaste,Tom's of Maine Antiplaque & Whitening,Fluoride-Free Antiplaque & Whitening Peppermint Natural Toothpaste (2 Pack),Experience a bright smile using naturally derived and sourced ingredients with the Tom’s of Maine Antiplaque and Whitening Fluoride Free Toothpaste. This natural toothpaste comes in a fresh Peppermint flavor and gently whitens your teeth by removing surface stains with regular brushing. Freshen your breath and prevent plaque and tartar buildup with the anti plaque toothpaste. Includes two (2) 4.5 ,Peppermint,2 ct,Paste / Gel,n.a.,61040164,Tom's of Maine brand site (DTC),https://www.tomsofmaine.com/products/fluoride-free-antiplaque-whitening-peppermint-toothpaste-2-pack,Brand site,Medium,2026-08-31
CL-USA-TOMSOFMAINE-1895,USA,Tom's of Maine,Toothpaste,Toothpaste,Tom's of Maine Antiplaque & Whitening,Fluoride-Free Antiplaque & Whitening Peppermint Natural Toothpaste - Peppermint,"Experience a bright smile using naturally derived and sourced ingredients with the Tom’s of Maine Antiplaque and Whitening Fluoride Free Toothpaste. This toothpaste, now with an improved formula, comes in a fresh Peppermint flavor and gently whitens your teeth by removing surface stains with regular brushing. Freshen your breath and prevent plaque and tartar buildup with regular brushing with this",Peppermint,n.a.,Paste / Gel,n.a.,61053564,Tom's of Maine brand site (DTC),https://www.tomsofmaine.com/products/fluoride-free-antiplaque-whitening-peppermint-natural-toothpaste,Brand site,Medium,2026-08-31
CL-USA-TOMSOFMAINE-1896,USA,Tom's of Maine,Toothpaste,Toothpaste,Tom's of Maine Antiplaque & Whitening,Fluoride-Free Antiplaque & Whitening Spearmint Natural Toothpaste - Spearmint,"Enjoy a naturally radiant smile with Tom’s of Maine Antiplaque and Whitening Fluoride Free Toothpaste, an SLS free toothpaste that features an improved formula* for a better brushing experience. Crafted with naturally derived and naturally sourced ingredients, this fluoride free whitening toothpaste delivers a stronger* mint toothpaste flavor and gently whitens teeth by removing surface stains wit",Spearmint,n.a.,Paste / Gel,n.a.,61053537,Tom's of Maine brand site (DTC),https://www.tomsofmaine.com/products/fluoride-free-antiplaque-whitening-spearmint-natural-toothpaste,Brand site,Medium,2026-08-31
CL-USA-TOMSOFMAINE-1897,USA,Tom's of Maine,Toothpaste,Toothpaste,Tom's of Maine Antiplaque & Whitening,Fluoride-Free Antiplaque & Whitening Spearmint Natural Toothpaste Gel - Spearmint Gel,Experience a bright smile using naturally derived and sourced ingredients with Tom’s of Maine Antiplaque and Whitening Fluoride Free Toothpaste Gel. This natural toothpaste comes in a fresh Spearmint flavor and gently whitens your teeth by removing surface stains with regular brushing. Freshen your breath and prevent plaque and tartar buildup with regular brushing with this anti plaque toothpaste.,Spearmint,n.a.,Paste / Gel,n.a.,61038011,Tom's of Maine brand site (DTC),https://www.tomsofmaine.com/products/fluoride-free-antiplaque-whitening-spearmint-toothpaste-gel,Brand site,Medium,2026-08-31
CL-USA-TOMSOFMAINE-1898,USA,Tom's of Maine,Toothpaste,Toothpaste,Tom's of Maine Antiplaque & Whitening,Tom S Of Maine Antiplaque And Whitening Fluoride Free Natural Toothpaste Peppermint 5 Oz,CVS.com retailer listing.,Peppermint,5 oz,Paste / Gel,n.a.,prodid 234405,CVS Pharmacy,https://www.cvs.com/shop/tom-s-of-maine-antiplaque-and-whitening-fluoride-free-natural-toothpaste-peppermint-5-5-oz-prodid-234405,Retailer listing,High,2026-08-31
CL-USA-TOMSOFMAINE-1899,USA,Tom's of Maine,Toothpaste,Toothpaste,Tom's of Maine Antiplaque & Whitening,Tom S Of Maine Antiplaque And Whitening Natural Toothpaste,Target.com retailer listing.,n.a.,n.a.,Paste / Gel,n.a.,TCIN 94600731,Target,https://www.target.com/p/tom-s-of-maine-antiplaque-and-whitening-natural-toothpaste/-/A-94600731,Retailer listing,High,2026-08-31
CL-USA-TOMSOFMAINE-1900,USA,Tom's of Maine,Toothpaste,Toothpaste,Tom's of Maine Antiplaque & Whitening,Tom's of Maine Antiplaque & Whitening Toothpaste,Open barcode database record (barcode 0827854013761); brands field: Tom's of Maine.,n.a.,n.a.,Paste / Gel,827854013761,n.a.,n.a. (open barcode database),"https://world.openbeautyfacts.org/api/v2/search?brands_tags=tom-s-of-maine&countries_tags=en%3Aunited-states&fields=code,product_name,generic_name,brands,quantity,categories_tags,product_quantity,labels_tags,url&page_size=100&page=1",UPC database,Medium,2026-08-31
CL-USA-TOMSOFMAINE-1901,USA,Tom's of Maine,Toothpaste,Toothpaste,Tom's of Maine Antiplaque & Whitening,Toms Of Maine Antiplaque And Whitening Fluoride Free Mint Toothpaste 4 Pk45 Oz,BJ's Wholesale Club retailer listing.,Mint,45 oz,Paste / Gel,n.a.,BJ's article 3000000000004983829,BJ's Wholesale Club,https://www.bjs.com/product/toms-of-maine-antiplaque-and-whitening-fluoride-free-mint-toothpaste-4-pk45-oz/3000000000004983829/,Retailer listing,High,2026-08-31
CL-USA-TOMSOFMAINE-1902,USA,Tom's of Maine,Toothpaste,Toothpaste,Tom's of Maine Antiplaque & Whitening,Toms Of Maine Fluoride Free Antiplaque Whitening Toothpaste 4 5 Ounces 4 Pack,Sam's Club retailer listing.,n.a.,"5 oz, 4 ct",Paste / Gel,n.a.,Sam's Club item 13872750558,Sam's Club,https://www.samsclub.com/ip/toms-of-maine-fluoride-free-antiplaque-whitening-toothpaste-4-5-ounces-4-pack/13872750558,Retailer listing,High,2026-08-31
CL-USA-TOMSOFMAINE-1903,USA,Tom's of Maine,Mouthwash & Rinse,Mouthwash / rinse,Tom's of Maine Fluoride-Free,Cool Mountain Mint Wicked Fresh! Fluoride-Free Natural Mouthwash - Cool Mountain Mint,"When you need long-lasting fresh breath without the burn, choose Tom's of Maine Wicked Fresh! Natural Mouthwash in Cool Mountain Mint. WHAT YOU'LL GET: 16-ounce bottle of Tom's of Maine Wicked Fresh Natural Mouthwash in Cool Mountain Mint Flavor FRESHENS BREATH: This natural mouth rinse is clinically proven to provide long-lasting fresh breath WICKED FRESH: Uses zinc to neutralize odor caused by b",Mint,16 oz,Liquid Rinse,n.a.,US04907A,Tom's of Maine brand site (DTC),https://www.tomsofmaine.com/products/cool-mountain-mint-wicked-fresh-fluoride-free-mouthwash,Brand site,Medium,2026-08-31
CL-USA-TOMSOFMAINE-1904,USA,Tom's of Maine,Toothpaste,Toothpaste,Tom's of Maine Fluoride-Free,Fluoride-Free Toddler Training Natural Toothpaste,"Introduce your little one to good brushing habits with the Tom’s of Maine Fluoride Free Toddler Training Toothpaste. Tom’s of Maine Fluoride Free Training Toothpaste for Toddlers is designed for children ages 3 months to 24 months and gently cleans your little one’s teeth without using fluoride. Plus, this Toms training toothpaste is vegan, gluten free, and not tested on animals. Includes one (1) ",n.a.,n.a.,Paste / Gel,n.a.,683435,Tom's of Maine brand site (DTC),https://www.tomsofmaine.com/products/natural-fluoride-free-toddler-training-toothpaste,Brand site,Medium,2026-08-31
CL-USA-TOMSOFMAINE-1905,USA,Tom's of Maine,Toothpaste,Toothpaste,Tom's of Maine Fluoride-Free,Grab n' Go Travel Size Fluoride-Free Fresh Mint Natural Toothpaste - Fluoride-Free Fresh Mint,"Take Tom's on the road. This great-tasting, everyday natural toothpaste whitens teeth with naturally sourced silicas and freshens breath with pure peppermint leaf oil. And it's fluoride-free. Comes in a 3. ounce, TSA Accepted Travel size, making it the perfect travel companion. We produce this toothpaste without fluoride because we respect our customers' diverse needs and interests. Fluoride-free ",Fresh Mint,n.a.,Paste / Gel,n.a.,683260,Tom's of Maine brand site (DTC),https://www.tomsofmaine.com/products/grab-n-go-travel-size-fluoride-free-fresh-mint-toothpaste,Brand site,Medium,2026-08-31
CL-USA-TOMSOFMAINE-1906,USA,Tom's of Maine,Mouthwash & Rinse,Mouthwash / rinse,Tom's of Maine Fluoride-Free,Refreshing Mint Sea Salt Fluoride-Free Natural Mouthwash - Refreshing Mint,"Rinse away those bad breath germs with Tom's of Maine Sea Salt Natural Mouthwash. WHAT YOU'LL GET: Six 16-ounce bottles of Tom's of Maine Sea Salt Natural Mouthwash in Refreshing Mint Flavor PURIFIED SEA SALT: Made with sea salt to leave a fresh, clean feeling with a minty finish NOW, THAT'S FRESH: Help reach areas your toothbrush misses to fight bad breath germs BOOST CONFIDENCE: Swish this alcoh",Mint,16 oz,Liquid Rinse,n.a.,US05684A,Tom's of Maine brand site (DTC),https://www.tomsofmaine.com/products/refreshing-mint-sea-salt-fluoride-free-mouthwash,Brand site,Medium,2026-08-31
CL-USA-TOMSOFMAINE-1907,USA,Tom's of Maine,Toothpaste,Toothpaste,Tom's of Maine Fluoride-Free,Silly Strawberry Kids Fluoride-Free Natural Toothpaste,"Goodbye artificial sparkles and bubble gum flavors. Hello clean teeth! Tom's of Maine Natural Kids Fluoride-Free Toothpaste uses calcium and silica to gently clean your little one's teeth, while the yummy Silly Strawberry flavor of this natural children's toothpaste makes brushing more fun. Plus, with this fluoride-free toothpaste, you don't have to worry if more toothpaste ends up in their tummy ",Strawberry,n.a.,Paste / Gel,n.a.,US06380A,Tom's of Maine brand site (DTC),https://www.tomsofmaine.com/products/silly-strawberry-kids-fluoride-free-toothpaste,Brand site,Medium,2026-08-31
CL-USA-TOMSOFMAINE-1908,USA,Tom's of Maine,Toothpaste,Toothpaste,Tom's of Maine Fluoride-Free,Tom S Of Maine Kids Fluoride Free Toothpaste Silly Strawberry 5.1 Oz,CVS.com retailer listing.,Strawberry,1 oz,Paste / Gel,n.a.,prodid 404787,CVS Pharmacy,https://www.cvs.com/shop/tom-s-of-maine-kids-fluoride-free-toothpaste-silly-strawberry-5-1-oz-prodid-404787,Retailer listing,High,2026-08-31
CL-USA-TOMSOFMAINE-1909,USA,Tom's of Maine,Toothpaste,Toothpaste,Tom's of Maine Fluoride-Free,Tom S Of Maine Silly Children S Fluoride Free Toothpaste 5.1 Oz,Target.com retailer listing.,n.a.,1 oz,Paste / Gel,n.a.,TCIN 85920157,Target,https://www.target.com/p/tom-s-of-maine-silly-children-s-fluoride-free-toothpaste-5-1oz/-/A-85920157,Retailer listing,High,2026-08-31
CL-USA-TOMSOFMAINE-1910,USA,Tom's of Maine,Mouthwash & Rinse,Mouthwash / rinse,Tom's of Maine Fluoride-Free,Tom S Of Maine Wicked Fresh Fluoride Free Mouthwash Alcohol Free Cool Mountain Mint 16 Oz,CVS.com retailer listing.,Mint,16 oz,Liquid Rinse,n.a.,prodid 978594,CVS Pharmacy,https://www.cvs.com/shop/tom-s-of-maine-wicked-fresh-fluoride-free-mouthwash-alcohol-free-cool-mountain-mint-16-oz-prodid-978594,Retailer listing,High,2026-08-31
CL-USA-TOMSOFMAINE-1911,USA,Tom's of Maine,Toothpaste,Toothpaste,Tom's of Maine Fluoride-Free,Toms Of Maine Whiten Coconut Oil Fluoride Free Toothpaste Gentle Mint 4 Oz,CVS.com retailer listing.,Coconut,4 oz,Paste / Gel,n.a.,prodid 638415,CVS Pharmacy,https://www.cvs.com/shop/toms-of-maine-whiten-coconut-oil-fluoride-free-toothpaste-gentle-mint-4-oz-prodid-638415,Retailer listing,High,2026-08-31
CL-USA-TOMSOFMAINE-1912,USA,Tom's of Maine,Toothpaste,Toothpaste,Tom's of Maine Fluoride-Free,Whiten Plus Coconut Oil Fluoride Free Gentle Mint Natural Toothpaste - Gentle Mint,"Discover a whiter smile with Tom’s of Maine Whiten Plus Coconut Oil Fluoride Free Toothpaste. This fluoride free, enamel safe whitening toothpaste helps whiten without causing sensitivity and removes up to 95% of surface stains*. This minty vegan toothpaste also contains no peroxide, SLS, artificial flavors, or artificial dyes and is not tested on animals. What's Inside: Includes one (1) 4.0 oz tu",Coconut,n.a.,Paste / Gel,n.a.,61046035,Tom's of Maine brand site (DTC),https://www.tomsofmaine.com/products/whiten-plus-coconut-oil-fluoride-free-toothpaste-gentle-mint,Brand site,Medium,2026-08-31
CL-USA-TOMSOFMAINE-1913,USA,Tom's of Maine,Toothbrush,Manual toothbrush,Tom's of Maine Kids,Kids Holiday Brush & Rinse Bundle,"2x Extra Soft Kid’s Toothbrush 2x Silly Strawberry Fluoride-Free Natural Toothpaste 1x Silly Strawberry Children’s Anticavity Fluoride Rinse The holiday season is filled with treats, excitement, and routines that can look a little different. This bundle helps support healthy habits for small smiles, even when things get a bit more festive than usual. With fruity toothpaste, a kid-friendly rinse, a",n.a.,n.a.,Brush,n.a.,kidsholidaykit,Tom's of Maine brand site (DTC),https://www.tomsofmaine.com/products/kids-holiday-brush-and-rine-kids-bundle,Brand site,Medium,2026-08-31
CL-USA-TOMSOFMAINE-1914,USA,Tom's of Maine,Toothpaste,Toothpaste,Tom's of Maine Kids,Kids Natural Toothpaste Variety Pack,"Make brushing fun and help fight cavities with the Tom’s of Maine Anticavity Kids Toothpaste Variety Pack. This colorful anticavity kids toothpaste pack comes with 3 delightful kid toothpaste flavors including Silly Strawberry, Outrageous Orange Mango, and Watermelon Wiggle. These fun strawberry, orange mango, and watermelon toothpaste flavors are made with natural flavors and are specially formul",n.a.,n.a.,Paste / Gel,n.a.,kidsnaturaltpkit,Tom's of Maine brand site (DTC),https://www.tomsofmaine.com/products/kids-natural-toothpaste-variety-pack,Brand site,Medium,2026-08-31
CL-USA-TOMSOFMAINE-1915,USA,Tom's of Maine,Toothpaste,Toothpaste,Tom's of Maine Kids,Outrageous Orange Mango Kids Fluoride Natural Toothpaste - Orange Mango,"Goodbye artificial sparkles and bubble gum flavors. Hello natural cavity protection! Tom's of Maine Natural Kids Fluoride Toothpaste uses calcium and silica to gently clean your little one's teeth. Plus, the yummy Outrageous Orange Mango flavor of this natural children's toothpaste makes brushing more fun. With no artificial flavors, colors or preservatives, this fluoride toothpaste is silly enoug",n.a.,n.a.,Paste / Gel,n.a.,US06381A,Tom's of Maine brand site (DTC),https://www.tomsofmaine.com/products/outrageous-orange-mango-kids-fluoride-natural-toothpaste,Brand site,Medium,2026-08-31
CL-USA-TOMSOFMAINE-1916,USA,Tom's of Maine,Toothpaste,Toothpaste,Tom's of Maine Kids,Silly Strawberry Anticavity Kids Natural Toothpaste - Silly Strawberry,"Goodbye artificial sparkles and bubble gum flavors. Hello natural cavity protection! Tom's of Maine Natural Kids Fluoride Toothpaste uses calcium and silica to gently clean your little one's teeth. Plus, the yummy Silly Strawberry flavor of this natural children's toothpaste makes brushing fun. With no artificial flavors, colors or preservatives, this fluoride toothpaste is silly enough for kids a",Strawberry,n.a.,Paste / Gel,n.a.,US06379A,Tom's of Maine brand site (DTC),https://www.tomsofmaine.com/products/silly-strawberry-kids-anticavity-toothpaste,Brand site,Medium,2026-08-31
CL-USA-TOMSOFMAINE-1917,USA,Tom's of Maine,Mouthwash & Rinse,Mouthwash / rinse,Tom's of Maine Kids,Silly Strawberry Children's Anticavity Fluoride Rinse Natural Mouthwash - Silly Strawberry,Give your little brushers' teeth cavity protection with Tom's of Maine Anticavity Fluoride Mouth Rinse. This natural mouthwash for kids helps prevent cavities while freshening breath and protecting your favorite little smiles. WHAT YOU'LL GET: One 16-ounce bottle of Tom's of Maine Children's Anticavity Mouth Rinse in Silly Strawberry Flavor FIGHT CAVITIES: Fluoride mouthwash for kids helps clean h,Strawberry,16 oz,Liquid Rinse,n.a.,US05685A,Tom's of Maine brand site (DTC),https://www.tomsofmaine.com/products/silly-strawberry-childrens-anticavity-fluoride-rinse,Brand site,Medium,2026-08-31
CL-USA-TOMSOFMAINE-1918,USA,Tom's of Maine,Toothpaste,Fluoride toothpaste (OTC anticavity),Tom's of Maine Kids,TOMS OF MAINE KIDS OUTRAGEOUS ORANGE MANGO,"US FDA OTC drug listing. NDC 51009-911-51. Dosage form: PASTE, DENTIFRICE. Package: 144 g in 1 TUBE (51009-911-51)",n.a.,144 g,Paste / Gel,n.a.,n.a.,n.a. (FDA NDC product listing),https://api.fda.gov/drug/ndc.json?search=labeler_name:%22Tom%27s+of+Maine%22&limit=100&skip=0,UPC database,Medium,2026-08-31
CL-USA-TOMSOFMAINE-1919,USA,Tom's of Maine,Toothpaste,Fluoride toothpaste (OTC anticavity),Tom's of Maine Kids,TOMS OF MAINE KIDS SILLY STRAWBERRY,"US FDA OTC drug listing. NDC 51009-910-42. Dosage form: PASTE, DENTIFRICE. Package: 119 g in 1 TUBE (51009-910-42)",Strawberry,119 g,Paste / Gel,n.a.,n.a.,n.a. (FDA NDC product listing),https://api.fda.gov/drug/ndc.json?search=labeler_name:%22Tom%27s+of+Maine%22&limit=100&skip=0,UPC database,Medium,2026-08-31
CL-USA-TOMSOFMAINE-1920,USA,Tom's of Maine,Toothpaste,Fluoride toothpaste (OTC anticavity),Tom's of Maine Kids,TOMS OF MAINE KIDS SILLY STRAWBERRY,"US FDA OTC drug listing. NDC 51009-910-51. Dosage form: PASTE, DENTIFRICE. Package: 144 g in 1 TUBE (51009-910-51)",Strawberry,144 g,Paste / Gel,n.a.,n.a.,n.a. (FDA NDC product listing),https://api.fda.gov/drug/ndc.json?search=labeler_name:%22Tom%27s+of+Maine%22&limit=100&skip=0,UPC database,Medium,2026-08-31
CL-USA-TOMSOFMAINE-1921,USA,Tom's of Maine,Toothpaste,Fluoride toothpaste (OTC anticavity),Tom's of Maine Kids,TOMS OF MAINE KIDS SILLY STRAWBERRY,"US FDA OTC drug listing. NDC 51009-910-53. Dosage form: PASTE, DENTIFRICE. Package: 3 TUBE in 1 CARTON (51009-910-53) / 150 g in 1 TUBE",Strawberry,150 g,Paste / Gel,n.a.,n.a.,n.a. (FDA NDC product listing),https://api.fda.gov/drug/ndc.json?search=labeler_name:%22Tom%27s+of+Maine%22&limit=100&skip=0,UPC database,Medium,2026-08-31
CL-USA-TOMSOFMAINE-1922,USA,Tom's of Maine,Toothpaste,Fluoride toothpaste (OTC anticavity),Tom's of Maine Kids,TOMS OF MAINE WICKED COOL MILD MINT,"US FDA OTC drug listing. NDC 51009-912-51. Dosage form: PASTE, DENTIFRICE. Package: 144 g in 1 TUBE (51009-912-51)",Mint,144 g,Paste / Gel,n.a.,n.a.,n.a. (FDA NDC product listing),https://api.fda.gov/drug/ndc.json?search=labeler_name:%22Tom%27s+of+Maine%22&limit=100&skip=0,UPC database,Medium,2026-08-31
CL-USA-TOMSOFMAINE-1923,USA,Tom's of Maine,Toothpaste,Fluoride toothpaste (OTC anticavity),Tom's of Maine Kids,TOMS OF MAINE WICKED FRESH COOL PEPPERMINT,"US FDA OTC drug listing. NDC 51009-859-07. Dosage form: PASTE, DENTIFRICE. Package: 1 TUBE in 1 CARTON (51009-859-07) / 113 g in 1 TUBE",Peppermint,113 g,Paste / Gel,n.a.,n.a.,n.a. (FDA NDC product listing),https://api.fda.gov/drug/ndc.json?search=labeler_name:%22Tom%27s+of+Maine%22&limit=100&skip=0,UPC database,Medium,2026-08-31
CL-USA-TOMSOFMAINE-1924,USA,Tom's of Maine,Toothpaste,Fluoride toothpaste (OTC anticavity),Tom's of Maine Kids,TOMS OF MAINE WICKED FRESH SPEARMINT ICE,"US FDA OTC drug listing. NDC 51009-860-07. Dosage form: PASTE, DENTIFRICE. Package: 1 TUBE in 1 CARTON (51009-860-07) / 113 g in 1 TUBE",Spearmint,113 g,Paste / Gel,n.a.,n.a.,n.a. (FDA NDC product listing),https://api.fda.gov/drug/ndc.json?search=labeler_name:%22Tom%27s+of+Maine%22&limit=100&skip=0,UPC database,Medium,2026-08-31
CL-USA-TOMSOFMAINE-1925,USA,Tom's of Maine,Toothpaste,Toothpaste,Tom's of Maine Kids,Tom S Of Maine Children S Fluoride Toothpaste Silly Strawberry,CVS.com retailer listing.,Strawberry,n.a.,Paste / Gel,n.a.,prodid 1420014 / skuId 996842,CVS Pharmacy,https://www.cvs.com/shop/tom-s-of-maine-children-s-fluoride-toothpaste-silly-strawberry-prodid-1420014?skuId=996842,Retailer listing,High,2026-08-31
CL-USA-TOMSOFMAINE-1926,USA,Tom's of Maine,Toothpaste,Toothpaste,Tom's of Maine Kids,Tom S Of Maine Kids Anticavity Fluoride Natural Toothpaste Silly Strawberry 5.1 Oz,Target.com retailer listing.,Strawberry,1 oz,Paste / Gel,n.a.,TCIN 1011582160,Target,https://www.target.com/p/tom-s-of-maine-kids-anticavity-fluoride-natural-toothpaste-silly-strawberry-5-1oz/-/A-1011582160,Retailer listing,High,2026-08-31
CL-USA-TOMSOFMAINE-1927,USA,Tom's of Maine,Toothpaste,Toothpaste,Tom's of Maine Kids,Tom S Of Maine Kids Toothpaste With Fluoride 5.1 Oz,Target.com retailer listing.,n.a.,1 oz,Paste / Gel,n.a.,TCIN 94882788,Target,https://www.target.com/p/tom-s-of-maine-kids-toothpaste-with-fluoride-5-1oz/-/A-94882788,Retailer listing,High,2026-08-31
CL-USA-TOMSOFMAINE-1928,USA,Tom's of Maine,Toothpaste,Toothpaste,Tom's of Maine Kids,Tom S Of Maine Mild Mint Wicked Cool Anti Cavity Toothpaste 5.1 Oz,Target.com retailer listing.,Mint,1 oz,Paste / Gel,n.a.,TCIN 85920154,Target,https://www.target.com/p/tom-s-of-maine-mild-mint-wicked-cool-anti-cavity-toothpaste-5-1oz/-/A-85920154,Retailer listing,High,2026-08-31
CL-USA-TOMSOFMAINE-1929,USA,Tom's of Maine,Toothpaste,Toothpaste,Tom's of Maine Kids,Tom S Of Maine Silly Strawberry Children S Anticavity Toothpaste 5.1 Oz,Target.com retailer listing.,Strawberry,1 oz,Paste / Gel,n.a.,TCIN 85920143,Target,https://www.target.com/p/tom-s-of-maine-silly-strawberry-children-s-anticavity-toothpaste-5-1oz/-/A-85920143,Retailer listing,High,2026-08-31
CL-USA-TOMSOFMAINE-1930,USA,Tom's of Maine,Toothpaste,Toothpaste,Tom's of Maine Kids,Tom S Of Maine Wicked Fresh Fluoride Anticavity Toothpaste Spearmint Ice 4 Oz,CVS.com retailer listing.,Spearmint,4 oz,Paste / Gel,n.a.,prodid 767382,CVS Pharmacy,https://www.cvs.com/shop/tom-s-of-maine-wicked-fresh-fluoride-anticavity-toothpaste-spearmint-ice-4-oz-prodid-767382,Retailer listing,High,2026-08-31
CL-USA-TOMSOFMAINE-1931,USA,Tom's of Maine,Toothpaste,Toothpaste,Tom's of Maine Kids,Tom's of Maine Kid's Natural Silly Strawberry Fluoride Anticavity Toothpaste,"Open barcode database record (barcode 0035000971234); brands field: Colgate-Palmolive, Tom's of Maine.",Strawberry,n.a.,Paste / Gel,035000971234,n.a.,n.a. (open barcode database),"https://world.openbeautyfacts.org/api/v2/search?brands_tags=tom-s-of-maine&countries_tags=en%3Aunited-states&fields=code,product_name,generic_name,brands,quantity,categories_tags,product_quantity,labels_tags,url&page_size=100&page=1",UPC database,Medium,2026-08-31
CL-USA-TOMSOFMAINE-1932,USA,Tom's of Maine,Toothpaste,Toothpaste,Tom's of Maine Kids,Watermelon Wiggle Natural Kids Toothpaste with Fluoride - Watermelon,"Tom’s of Maine Watermelon Wiggle Kids Toothpaste is a natural kids toothpaste with fluoride for children ages 2 and up that makes brushing fun and helps fight cavities. Made with a blend of natural flavors, this kids watermelon toothpaste blends the flavors of watermelon and bubble gum together. This kids anticavity toothpaste uses a naturally derived silica to gently clean teeth. WHAT YOU'LL GET:",Watermelon,n.a.,Paste / Gel,n.a.,61040113,Tom's of Maine brand site (DTC),https://www.tomsofmaine.com/products/watermelon-wiggle-kids-toothpaste-with-fluoride,Brand site,Medium,2026-08-31
CL-USA-TOMSOFMAINE-1933,USA,Tom's of Maine,Toothpaste,Toothpaste,Tom's of Maine Kids,Wicked Cool! Natural Mild Mint Toothpaste for Kids with Fluoride,"Too old for fruity flavors. Not ready for the strong taste of mint. Make one part of the transition to adulthood a little easier with Tom's of Maine Wicked Cool! Natural Toothpaste for Kids. This fluoride toothpaste helps strengthen enamel, freshen breath and prevent cavities — all with the natural taste of Mild Mint. Now, that's fresh! And when you're done using your toothpaste, you can recycle t",Mint,n.a.,Paste / Gel,n.a.,US06382A,Tom's of Maine brand site (DTC),https://www.tomsofmaine.com/products/wicked-cool-natural-mild-mint-toothpaste-for-kids-with-fluoride,Brand site,Medium,2026-08-31
CL-USA-TOMSOFMAINE-1934,USA,Tom's of Maine,Oral Care Kits,Gift set / bundle,Tom's of Maine Kids,Wicked Fresh Essentials Bundle,"A duo that brings next-level freshness. This Wicked Fresh! bundle features Cool Mountain Mint Fluoride-Free Mouthwash and Cool Peppermint Fluoride Toothpaste, two minty essentials designed to keep your routine fresh. With bold, invigorating flavors, this set is perfect for anyone who loves a cool, clean feel with every rinse and brush. WHAT'S INCLUDED: One (1) 16-ounce bottle of Tom's of Maine Wic",n.a.,n.a.,n.a.,n.a.,wickedfreshkit,Tom's of Maine brand site (DTC),https://www.tomsofmaine.com/products/wicked-fresh-essentials-bundle,Brand site,Medium,2026-08-31
CL-USA-TOMSOFMAINE-1935,USA,Tom's of Maine,Toothpaste,Toothpaste,Tom's of Maine Kids,Wicked Fresh! Cool Peppermint Fluoride Natural Toothpaste - Cool Peppermint,Fresh breath is only a brush away with Tom’s of Maine Wicked Fresh! Natural Anticavity Toothpaste with Fluoride. The Toothpaste features an updated formula that tastes great and leaves your mouth clean and fresh with its Cool Peppermint flavor. It’s a natural toothpaste that fights cavities and helps freshen breath and is specially formulated to help block bad breath germs from producing odor. Thi,Peppermint,n.a.,Paste / Gel,n.a.,61053528,Tom's of Maine brand site (DTC),https://www.tomsofmaine.com/products/wicked-fresh-cool-peppermint-fluoride-natural-toothpaste-new-sku,Brand site,Medium,2026-08-31
CL-USA-TOMSOFMAINE-1936,USA,Tom's of Maine,Toothpaste,Toothpaste,Tom's of Maine Kids,Wicked Fresh! Spearmint Ice Fluoride Natural Toothpaste - Spearmint Ice,Fresh breath is only a brush away with Tom’s of Maine Wicked Fresh! Natural Fluoride Toothpaste. This natural toothpaste with fluoride is a bad breath toothpaste that is clinically proven to help freshen breath and comes in a refreshing Spearmint Ice flavor. This spearmint toothpaste contains naturally derived fluoride which helps fight cavities and blocks bad breath to promote a healthy smile. In,Spearmint,n.a.,Paste / Gel,n.a.,61038013,Tom's of Maine brand site (DTC),https://www.tomsofmaine.com/products/wicked-fresh-spearmint-ice-natural-fluoride-toothpaste,Brand site,Medium,2026-08-31
CL-USA-TOMSOFMAINE-1937,USA,Tom's of Maine,Toothpaste,Toothpaste,Tom's of Maine Natural,Activated Charcoal Peppermint Natural Toothpaste with Fluoride,"Experience a bright smile and help prevent cavities with the Tom’s of Maine Natural Activated Charcoal Toothpaste with Fluoride. This fluoride toothpaste uses naturally sourced and derived ingredients and comes in a refreshing Peppermint flavor to keep your breath minty fresh. Plus, this natural whitening toothpaste gently whitens your teeth by removing surface stains with regular brushing.- Natur",Peppermint,n.a.,Paste / Gel,n.a.,61038016,Tom's of Maine brand site (DTC),https://www.tomsofmaine.com/products/natural-activated-charcoal-peppermint-toothpaste-with-fluoride,Brand site,Medium,2026-08-31
CL-USA-TOMSOFMAINE-1938,USA,Tom's of Maine,Toothpaste,Toothpaste,Tom's of Maine Natural,Grab n' Go Travel Size Anticavity Fresh Mint Natural Toothpaste - Fresh Mint,"Take Tom's on the road. This great-tasting, everyday natural toothpaste whitens teeth with naturally sourced silicas, helps fight cavities with naturally derived fluoride, and freshens breath with pure peppermint leaf oil. Comes in a 3. ounce, TSA Accepted Travel size, making it the perfect travel companion. No artificial flavors, colors, or preservatives Vegan - no animal ingredients Not tested o",Fresh Mint,n.a.,Paste / Gel,n.a.,683259,Tom's of Maine brand site (DTC),https://www.tomsofmaine.com/products/grab-n-go-travel-size-anticavity-fresh-mint-toothpaste,Brand site,Medium,2026-08-31
CL-USA-TOMSOFMAINE-1939,USA,Tom's of Maine,Toothbrush,Manual toothbrush,Tom's of Maine Natural,Naturally Clean Medium Toothbrush,"Tom's of Maine uses naturally sourced, naturally derived ingredients to create personal care products that work. Tom's of Maine natural toothbrush is a toothbrush that is BPA-free and recyclable through the TerraCycle collection program.",n.a.,n.a.,Brush,n.a.,683293,Tom's of Maine brand site (DTC),https://www.tomsofmaine.com/products/medium-naturally-clean-toothbrush,Brand site,Medium,2026-08-31
CL-USA-TOMSOFMAINE-1940,USA,Tom's of Maine,Toothbrush,Manual toothbrush,Tom's of Maine Natural,Naturally Clean Soft Toothbrush,"Tom's of Maine uses naturally sourced, naturally derived ingredients to create personal care products that work. Tom's of Maine natural toothbrush is a soft toothbrush that is BPA-free and recyclable through the TerraCycle collection program./liliOur toothbrushes are soft and efficient enough to ensure a clean mouth. Our soft toothbrush works to naturally clean teeth and along the gum line.",n.a.,n.a.,Brush,n.a.,683292,Tom's of Maine brand site (DTC),https://www.tomsofmaine.com/products/soft-naturally-clean-toothbrush,Brand site,Medium,2026-08-31
CL-USA-TOMSOFMAINE-1941,USA,Tom's of Maine,Toothbrush,Manual toothbrush,Tom's of Maine Natural,Naturally Clean Soft Toothbrush (Twin Pack),"Our Naturally Clean toothbrush gives you lots of reasons to smile. The handle is made from renewable castor oil plants and is recyclable through our TerraCycle collection program. An angled neck and mineral-colored, multi-height bristles are precisely designed for effective cleaning. It's BPA-free, free of artificial colors and a good choice for you and your family.",n.a.,n.a.,Brush,n.a.,CH02062A,Tom's of Maine brand site (DTC),https://www.tomsofmaine.com/products/soft-naturally-clean-toothbrush-twin-pack,Brand site,Medium,2026-08-31
CL-USA-TOMSOFMAINE-1942,USA,Tom's of Maine,Toothpaste,Toothpaste,Tom's of Maine Natural,Tom S Of Maine Mild Fruit Natural Toddler Training Toothpaste 1 75Oz,Target.com retailer listing.,n.a.,75 oz,Paste / Gel,n.a.,TCIN 85920159,Target,https://www.target.com/p/tom-s-of-maine-mild-fruit-natural-toddler-training-toothpaste-1-75oz/-/A-85920159,Retailer listing,High,2026-08-31
CL-USA-TOMSOFMAINE-1943,USA,Tom's of Maine,Toothpaste,Toothpaste,Tom's of Maine Natural,Tom's of Maine Natural Flouride-Free Toothpaste Fresh Mint,Open barcode database record (barcode 0077326832608); brands field: Tom’s of Maine.,Fresh Mint,3.0oz,Paste / Gel,077326832608,n.a.,n.a. (open barcode database),"https://world.openbeautyfacts.org/api/v2/search?brands_tags=tom-s-of-maine&countries_tags=en%3Aunited-states&fields=code,product_name,generic_name,brands,quantity,categories_tags,product_quantity,labels_tags,url&page_size=100&page=1",UPC database,Medium,2026-08-31
CL-USA-TOMSOFMAINE-1944,USA,Tom's of Maine,Toothpaste,Toothpaste,Tom's of Maine Natural,Whiten Plus Deep Clean Natural Whitening Peppermint Toothpaste - Peppermint,"Discover a whiter smile with Tom’s of Maine Whiten Plus Deep Clean Whitening Toothpaste. This enamel safe whitening toothpaste helps whiten without causing sensitivity, removes up to 95% of surface stains* and doubles as an anticavity toothpaste. This vegan toothpaste contains no peroxide, SLS, artificial flavors, or artificial dyes and is not tested on animals. What's Inside: Includes one (1) 4.0",Peppermint,n.a.,Paste / Gel,n.a.,61046078,Tom's of Maine brand site (DTC),https://www.tomsofmaine.com/products/whiten-plus-deep-clean-whitening-toothpaste-peppermint,Brand site,Medium,2026-08-31
CL-USA-TOMSOFMAINE-1945,USA,Tom's of Maine,Toothpaste,Toothpaste,Tom's of Maine Natural,Whiten Plus Deep Clean Whitening Spearmint Natural Toothpaste - Spearmint,"Discover a whiter smile with Tom’s of Maine Whiten Plus Deep Clean Whitening Toothpaste. This enamel-safe whitening toothpaste helps whiten without causing sensitivity, removes up to 95% of surface stains*, and doubles as an anticavity toothpaste. This vegan toothpaste contains no peroxide, SLS, artificial flavors, or artificial dyes and is not tested on animals. What's Inside: Includes one (1) 4.",Spearmint,n.a.,Paste / Gel,n.a.,61046077,Tom's of Maine brand site (DTC),https://www.tomsofmaine.com/products/whiten-plus-deep-clean-whitening-toothpaste-spearmint,Brand site,Medium,2026-08-31
CL-USA-TOMSOFMAINE-1946,USA,Tom's of Maine,Personal Care,Bar Soap,Tom's of Maine Natural Bar Soap,Creamy Coconut Natural Beauty Bar Soap,"Elevate your daily routine with Tom's of Maine Creamy Coconut Natural Beauty Bar Soap. This dermatologist-tested soap effectively washes away bacteria while maintaining your skin’s natural moisture, ensuring it is gentle on your skin. Breathe in the refreshing fragrance of Creamy Coconut with every wash. One 5 oz bar of Tom's of Maine Creamy Coconut Natural Beauty Bar Soap For Men and Women; Made",Coconut,Creamy Coconut,Bar,n.a.,US04255A,www.tomsofmaine.com,https://www.tomsofmaine.com/products/creamy-coconut-natural-beauty-bar-soap-with-virgin-coconut-oil,Brand site,High,2026-08-31
CL-USA-TOMSOFMAINE-1947,USA,Tom's of Maine,Personal Care,Bar Soap,Tom's of Maine Natural Bar Soap,Creamy Coconut Natural Beauty Bar Soap (3 Pack),"Elevate your daily routine with Tom's of Maine Creamy Coconut Natural Beauty Bar Soap. This dermatologist tested soap effectively washes away bacteria while maintaining your skin’s natural moisture, ensuring it is gentle on your skin. Breathe in the refreshing fragrance of Creamy Coconut with every wash. Three 5 oz bars of Tom's of Maine Creamy Coconut Natural Beauty Bar Soap For Men and Women; Ma",Coconut,Creamy Coconut,Bar,n.a.,CoconutBar3pk,www.tomsofmaine.com,https://www.tomsofmaine.com/products/creamy-coconut-natural-beauty-bar-soap-3-pack,Brand site,High,2026-08-31
CL-USA-TOMSOFMAINE-1948,USA,Tom's of Maine,Personal Care,Bar Soap,Tom's of Maine Natural Bar Soap,"Fragrance Free, Sensitive Skin Natural Beauty Bar Soap","Elevate your daily routine with Tom's of Maine Fragrance Free Natural Beauty Bar Soap. Made with aloe vera, this fragrance free soap is great for sensitive skin. This dermatologist tested soap effectively washes away bacteria while maintaining your skin’s natural moisture, ensuring it is gentle on your skin. One 5 oz bar of Tom's of Maine Fragrance Free Natural Beauty Bar Soap For Men and Women Ma",Fragrance Free,Unscented,Bar,n.a.,US04259A,www.tomsofmaine.com,https://www.tomsofmaine.com/products/fragrance-free-sensitive-skin-natural-beauty-bar-soap-for-woman-and-men,Brand site,High,2026-08-31
CL-USA-TOMSOFMAINE-1949,USA,Tom's of Maine,Personal Care,Bar Soap,Tom's of Maine Natural Bar Soap,"Fragrance Free, Sensitive Skin Natural Beauty Bar Soap (3 Pack)","Elevate your daily routine with Tom's of Maine Fragrance Free Natural Beauty Bar Soap. Made with aloe vera, this fragrance free soap is great for sensitive skin. This dermatologist tested soap effectively washes away bacteria while maintaining your skin’s natural moisture, ensuring it is gentle on your skin. Three 5 oz bars of Tom's of Maine Fragrance Free Natural Beauty Bar Soap For Men and Women",Fragrance Free,Unscented,Bar,n.a.,SensitiveBar3pk,www.tomsofmaine.com,https://www.tomsofmaine.com/products/fragrance-free-sensitive-skin-natural-beauty-bar-soap-3-pack,Brand site,High,2026-08-31
CL-USA-TOMSOFMAINE-1950,USA,Tom's of Maine,Personal Care,Bar Soap,Tom's of Maine Natural Bar Soap,Fresh Eucalyptus Natural Beauty Bar Soap (3 Pack),"Elevate your daily routine with Tom's of Maine Fresh Eucalyptus Natural Beauty Bar Soap. This bar soap effectively washes away bacteria while maintaining your skin’s natural moisture. Each wash releases the refreshing scent of eucalyptus, made with shea butter for a deeply moisturizing experience. Our vegan bar soap is crafted with no artificial fragrances and no parabens. Three 5 oz bars of Tom's",Eucalyptus,Fresh Eucalyptus,Bar,n.a.,EucalyptusBar3pk,www.tomsofmaine.com,https://www.tomsofmaine.com/products/fresh-eucalyptus-natural-beauty-bar-soap-3-pack,Brand site,High,2026-08-31
CL-USA-TOMSOFMAINE-1951,USA,Tom's of Maine,Personal Care,Bar Soap,Tom's of Maine Natural Bar Soap,Lavender & Shea Natural Beauty Bar Soap (3 Pack),"Elevate your daily routine with Tom's of Maine Natural Lavender & Shea Beauty Bar Soap. This dermatologist tested soap effectively washes away bacteria while maintaining your skin’s natural moisture, ensuring it is gentle on your skin. Each wash releases the calming scent of lavender and made with shea butter for a soothing experience. Three 5 oz bars of Tom's of Maine Lavender & Shea Natural Beau",Lavender,Lavender & Shea,Bar,n.a.,LavenderBar3pk,www.tomsofmaine.com,https://www.tomsofmaine.com/products/lavender-shea-natural-beauty-bar-soap-3-pack,Brand site,High,2026-08-31
CL-USA-TOMSOFMAINE-1952,USA,Tom's of Maine,Personal Care,Bar Soap,Tom's of Maine Natural Bar Soap,Lavender & Shea Natural Beauty Bar Soap For Women and Men,"Elevate your daily routine with Tom's of Maine Natural Lavender & Shea Beauty Bar Soap. This dermatologist tested soap effectively washes away bacteria while maintaining your skin’s natural moisture, ensuring it is gentle on your skin. Each wash releases the calming scent of lavender and made with shea butter for a soothing experience. One 5 oz bar of Tom's of Maine Lavender & Shea Natural Beauty",Lavender,Lavender & Shea,Bar,n.a.,US04253A,www.tomsofmaine.com,https://www.tomsofmaine.com/products/lavender-shea-natural-beauty-bar-soap-for-women-and-men,Brand site,High,2026-08-31
CL-USA-TOMSOFMAINE-1953,USA,Tom's of Maine,Personal Care,Bar Soap,Tom's of Maine Natural Bar Soap,Lemon Bergamot Natural Beauty Bar Soap For Women and Men,"Elevate your daily routine with Tom’s of Maine Lemon Bergamot Natural Bar Soap that washes away bacteria while maintaining your skin’s natural moisture. Enjoy an invigorating blend of bergamot, lemon, and floral fragrance notes, creating a bright and uplifting scent experience. Our dermatologically tested and paraben-free formula is gentle on skin and can be used as a body soap. Crafted using a tr",Lemon,Lemon Bergamot,Bar,n.a.,61053494,www.tomsofmaine.com,https://www.tomsofmaine.com/products/lemon-bergamot-natural-beauty-bar-soap,Brand site,High,2026-08-31
CL-USA-TOMSOFMAINE-1954,USA,Tom's of Maine,Personal Care,Bar Soap,Tom's of Maine Natural Bar Soap,Orange Blossom Natural Beauty Bar Soap,"Elevate your daily routine with Tom's of Maine Natural Orange Blossom Beauty Bar Soap. This dermatologist tested soap effectively washes away bacteria while maintaining your skin’s natural moisture, ensuring it is gentle on your skin. Each wash releases the invigorating scent of Orange Blossoms for a soothing experience. One 5 oz bar of Tom's of Maine Orange Blossoms Natural Beauty Bar Soap For Me",n.a.,Lemon Bergamot,Bar,n.a.,US04254A,www.tomsofmaine.com,https://www.tomsofmaine.com/products/orange-blossom-natural-beauty-bar-soap-with-moroccan-argan-oil,Brand site,High,2026-08-31
CL-USA-TOMSOFMAINE-1955,USA,Tom's of Maine,Personal Care,Bar Soap,Tom's of Maine Natural Bar Soap,Orange Blossom Natural Beauty Bar Soap (3 Pack),"Elevate your daily routine with Tom's of Maine Natural Orange Blossom Beauty Bar Soap. This dermatologist tested soap effectively washes away bacteria while maintaining your skin’s natural moisture, ensuring it is gentle on your skin. Each wash releases the invigorating scent of Orange Blossoms for a soothing experience. Three 5 oz bars of Tom's of Maine Orange Blossoms Natural Beauty Bar Soap For",n.a.,Lemon Bergamot,Bar,n.a.,OrangeBar3pk,www.tomsofmaine.com,https://www.tomsofmaine.com/products/orange-blossom-natural-beauty-bar-soap-3-pack,Brand site,High,2026-08-31
CL-USA-TOMSOFMAINE-1956,USA,Tom's of Maine,Personal Care,Bar Soap,Tom's of Maine Natural Bar Soap,Tom's Of Maine Creamy Coconut With Virgin Coconut Oil Soap Bar,A case of six 5 oz soap bars made with creamy coconut and virgin coconut oil. The soap is designed to provide a gentle and moisturizing cleanse and is suitable for hand and body use.,Coconut,5 oz 6pk,Bar,077326450895,91258538,Target,https://www.target.com/p/tom-s-of-maine-creamy-coconut-with-virgin-coconut-oil-soap-bar-case-of-6-5-oz/-/A-91258538,Retailer listing,High,2026-08-31
CL-USA-TOMSOFMAINE-1957,USA,Tom's of Maine,Personal Care,Bar Soap,Tom's of Maine Natural Bar Soap,Tom's Of Maine Fragrance Free Sensitive Aloe Vera Soap Bar,"The Tom's Of Maine Fragrance Free Sensitive Aloe Vera Soap Bar comes in a case of six bars, each weighing 5 oz. It is fragrance-free and designed for individuals with sensitive skin, with aloe vera described as providing a soothing and moisturizing effect.",Fragrance Free,5 oz 6pk,Bar,077326450871,91258603,Target,https://www.target.com/p/tom-s-of-maine-fragrance-free-sensitive-aloe-vera-soap-bar-case-of-6-5-oz/-/A-91258603,Retailer listing,High,2026-08-31
CL-USA-TOMSOFMAINE-1958,USA,Tom's of Maine,Personal Care,Bar Soap,Tom's of Maine Natural Bar Soap,Tom's Of Maine Orange Blossom With Moroccan Argan Oil Soap Bar,"The Tom's Of Maine Orange Blossom With Moroccan Argan Oil Soap Bar comes in a case of six bars, each weighing 5 oz. It is designed to gently cleanse and nourish the skin, leaving it feeling soft and moisturized.",n.a.,"Case of 6 bars, each 5 oz",Bar,077326450918,91258441,Target,https://www.target.com/p/tom-s-of-maine-orange-blossom-with-moroccan-argan-oil-soap-bar-case-of-6-5-oz/-/A-91258441,Retailer listing,High,2026-08-31
CL-USA-TOMSOFMAINE-1959,USA,Tom's of Maine,Personal Care,Bar Soap,Tom's of Maine Natural Bar Soap,"Tom's of Maine Bar Soap, Coconut, 5 OZ",n.a.,Coconut,5 OZ,Bar,n.a.,228222,CVS Pharmacy,https://www.cvs.com/shop/tom-s-of-maine-bar-soap-coconut-5-oz-prodid-228222,Retailer listing,High,2026-08-31
CL-USA-TOMSOFMAINE-1960,USA,Tom's of Maine,Personal Care,Bar Soap,Tom's of Maine Natural Bar Soap,"Tom's of Maine Bar Soap, Lavender, 5 OZ","Tom's of Maine Bar Soap in Lavender, 5 OZ.",Lavender,5 OZ,Bar,n.a.,228223,CVS,https://www.cvs.com/shop/tom-s-of-maine-bar-soap-lavender-5-oz-prodid-228223,Retailer listing,High,2026-08-31
CL-USA-TOMSOFMAINE-1961,USA,Tom's of Maine,Personal Care,Deodorant / Antiperspirant,Tom's of Maine Natural Deodorant,Clean Coast Aluminum Free Deodorant,"Tom’s of Maine Natural Deodorant is a breakthrough in odor and wetness protection. Powered by naturally derived, moisture-locking ingredients that keep you feeling confident all day long. Designed for a smooth glide, our deodorant goes on clear and stays clear, ensuring a seamless application every time. WHAT'S INCLUDED: One (1) 3.25 oz Tom's of Maine Clean Coast natural underarm deodorant for wom",n.a.,Clean Coast,Stick / Solid,n.a.,61028968,www.tomsofmaine.com,https://www.tomsofmaine.com/products/clean-coast-deodorant,Brand site,High,2026-08-31
CL-USA-TOMSOFMAINE-1962,USA,Tom's of Maine,Personal Care,Deodorant / Antiperspirant,Tom's of Maine Natural Deodorant,Cucumber Aloe Aluminum Free Deodorant,"Embrace the refreshing, aromatic scent of Cucumber Aloe with Tom’s of Maine Natural Deodorant. Our stick deodorant is a breakthrough in odor and wetness protection, powered by naturally derived, moisture-locking ingredients that keep you feeling confident all day long. Designed for a smooth glide, our deodorant goes on clear and stays clear, ensuring a seamless application every time. WHAT'S INCLU",Cucumber,Tropical Island,Stick / Solid,n.a.,61028967,www.tomsofmaine.com,https://www.tomsofmaine.com/products/cucumber-aloe-deodorant,Brand site,High,2026-08-31
CL-USA-TOMSOFMAINE-1963,USA,Tom's of Maine,Personal Care,Deodorant / Antiperspirant,Tom's of Maine Natural Deodorant,Deep Forest Aluminum Free Deodorant,"Tom’s of Maine Deep Forest Deodorant is crafted for men and women seeking natural odor protection. This dermatologist-tested, aluminum-free deodorant uses naturally sourced and derived moisture-locking ingredients for 48-hour odor protection. The formula is vegan, cruelty-free, baking soda-free, and paraben-free, with no artificial fragrances, dyes, or preservatives, making it perfect for everyday",n.a.,Twilight Breeze,Stick / Solid,n.a.,61054284,www.tomsofmaine.com,https://www.tomsofmaine.com/products/deep-forest-aluminum-free-deodorant,Brand site,High,2026-08-31
CL-USA-TOMSOFMAINE-1964,USA,Tom's of Maine,Personal Care,Deodorant / Antiperspirant,Tom's of Maine Natural Deodorant,Moonlit Meadow Aluminum Free Deodorant,"Tom’s of Maine Moonlit Meadow Deodorant is crafted for men and women seeking natural odor protection. This dermatologist tested, aluminum free deodorant uses naturally sourced and derived moisture locking ingredients for 48-hour odor protection. The formula is vegan, cruelty free, baking soda free, and paraben free, with no artificial fragrances, dyes, or preservatives; making it perfect for every",n.a.,Moonlit Meadow,Stick / Solid,n.a.,61054111,www.tomsofmaine.com,https://www.tomsofmaine.com/products/moonlit-meadow-aluminum-free-deodorant,Brand site,High,2026-08-31
CL-USA-TOMSOFMAINE-1965,USA,Tom's of Maine,Personal Care,Deodorant / Antiperspirant,Tom's of Maine Natural Deodorant,Most-Loved Deodorant Bundle,"Our most-loved deodorants, all in one bundle. This best-sellers set features North Woods, Mountain Spring, and Unscented—three aluminum-free formulas crafted with naturally sourced and derived ingredients for long-lasting odor protection. Whether you prefer fresh, woodsy scents or a fragrance-free option, these tried-and-true favorites keep you feeling confident all day long. WHAT'S INCLUDED: One",n.a.,n.a.,Stick / Solid,n.a.,bestdeokit,www.tomsofmaine.com,https://www.tomsofmaine.com/products/most-loved-deodorant-bundle,Brand site,High,2026-08-31
CL-USA-TOMSOFMAINE-1966,USA,Tom's of Maine,Personal Care,Deodorant / Antiperspirant,Tom's of Maine Natural Deodorant,Mountain Spring Aluminum Free Deodorant,"Embrace the refreshing, aromatic scent of Mountain Spring with Tom’s of Maine Natural Deodorant. Our stick deodorant is a breakthrough in odor and wetness protection, powered by naturally derived, moisture-locking ingredients that keep you feeling confident all day long. Designed for a smooth glide, our deodorant goes on clear and stays clear, ensuring a seamless application every time. WHAT'S INC",n.a.,Mountain Spring,Stick / Solid,n.a.,61028957,www.tomsofmaine.com,https://www.tomsofmaine.com/products/mountain-spring-deodorant,Brand site,High,2026-08-31
CL-USA-TOMSOFMAINE-1967,USA,Tom's of Maine,Personal Care,Deodorant / Antiperspirant,Tom's of Maine Natural Deodorant,North Woods Aluminum Free Deodorant,"Embrace the refreshing, aromatic scent of North Woods with Tom’s of Maine Natural Deodorant. Our stick deodorant is a breakthrough in odor and wetness protection, powered by naturally derived, moisture-locking ingredients that keep you feeling confident all day long. Designed for a smooth glide, our deodorant goes on clear and stays clear, ensuring a seamless application every time. WHAT'S INCLUDE",n.a.,North Woods,Stick / Solid,n.a.,61028964,www.tomsofmaine.com,https://www.tomsofmaine.com/products/north-woods-deodorant,Brand site,High,2026-08-31
CL-USA-TOMSOFMAINE-1968,USA,Tom's of Maine,Personal Care,Deodorant / Antiperspirant,Tom's of Maine Natural Deodorant,"Tom's Deodorant for Men, Deep Forest",Deodorant,n.a.,2.8oz,Stick / Solid,035000968401,n.a.,n.a. (brand SmartLabel),https://www.colgatepalmolive.com/en-us/smartlabel/35000968401,Brand site,High,2026-08-31
CL-USA-TOMSOFMAINE-1969,USA,Tom's of Maine,Personal Care,Deodorant / Antiperspirant,Tom's of Maine Natural Deodorant,"Tom's of Maine 24-Hour Long Lasting Deodorant Stick, Beautiful Earth",24-Hour Long Lasting Deodorant Stick.,n.a.,2.25 oz,Stick / Solid,n.a.,922312,CVS,https://www.cvs.com/shop/tom-s-of-maine-24-hour-long-lasting-deodorant-stick-beautiful-earth-2-25-oz-prodid-922312,Retailer listing,High,2026-08-31
CL-USA-TOMSOFMAINE-1970,USA,Tom's of Maine,Personal Care,Deodorant / Antiperspirant,Tom's of Maine Natural Deodorant,Tom's of Maine Clean Coast Deodorant,"Aluminum-free natural underarm deodorant for women and men that offers odor and wetness protection. It has a natural fragrance with light citrus notes and watery aloe florals, goes on clear and stays clear, and is dermatologist tested.",n.a.,3.25 oz 1pk,Stick / Solid,827854005926,89510751,Target,https://www.target.com/p/tom-39-s-of-maine-clean-coast-deodorant-3-25oz/-/A-89510751,Retailer listing,High,2026-08-31
CL-USA-TOMSOFMAINE-1971,USA,Tom's of Maine,Personal Care,Deodorant / Antiperspirant,Tom's of Maine Natural Deodorant,"Tom's of Maine Deodorant, Mountain Spring, 3.25 OZ","An aluminum-free natural underarm deodorant offering odor and wetness protection with a refreshing, aromatic Mountain Spring scent featuring fruity notes of peach, apricot, and patchouli. It goes on clear and stays clear, is dermatologist tested, and is free from artificial fragrances, dyes, preservatives, and baking soda.",n.a.,3.25 oz 1 count,Stick / Solid,n.a.,238212,CVS Pharmacy,https://www.cvs.com/shop/tom-s-of-maine-deodorant-mountain-spring-3-25-oz-prodid-238212,Retailer listing,High,2026-08-31
CL-USA-TOMSOFMAINE-1972,USA,Tom's of Maine,Personal Care,Deodorant / Antiperspirant,Tom's of Maine Natural Deodorant,"Tom's of Maine Deodorant, Unscented, 3.25 OZ","Tom’s of Maine Unscented Natural Deodorant provides odor and wetness protection with naturally derived ingredients. The aluminum-free, dermatologist-tested formula goes on clear and stays clear and is free from artificial fragrances, dyes, preservatives, and baking soda.",Unscented,3.25 oz 1pk,Stick / Solid,n.a.,237917,CVS,https://www.cvs.com/shop/tom-s-of-maine-deodorant-unscented-3-25-oz-prodid-237917,Retailer listing,High,2026-08-31
CL-USA-TOMSOFMAINE-1973,USA,Tom's of Maine,Personal Care,Deodorant / Antiperspirant,Tom's of Maine Natural Deodorant,"Tom's of Maine Long Lasting Deodorant, Lavender",Deodorant,Lavender,2.25oz,Stick / Solid,077326612255,n.a.,n.a. (brand SmartLabel),https://www.colgatepalmolive.com/en-us/smartlabel/77326612255,Brand site,High,2026-08-31
CL-USA-TOMSOFMAINE-1974,USA,Tom's of Maine,Personal Care,Deodorant / Antiperspirant,Tom's of Maine Natural Deodorant,"Tom's of Maine Long Lasting Deodorant, Unscented",Deodorant,Unscented,2.25oz,Stick / Solid,077326614259,n.a.,n.a. (brand SmartLabel),https://www.colgatepalmolive.com/en-us/smartlabel/77326614259,Brand site,High,2026-08-31
CL-USA-TOMSOFMAINE-1975,USA,Tom's of Maine,Personal Care,Deodorant / Antiperspirant,Tom's of Maine Natural Deodorant,"Tom's of Maine Men's Long Lasting Deodorant, North Woods",Deodorant,n.a.,2.8 oz,Stick / Solid,035000968494,n.a.,n.a. (brand SmartLabel),https://www.colgatepalmolive.com/en-us/smartlabel/35000968494,Brand site,High,2026-08-31
CL-USA-TOMSOFMAINE-1976,USA,Tom's of Maine,Personal Care,Deodorant / Antiperspirant,Tom's of Maine Natural Deodorant,"Tom's of Maine Natural Strength Deodorant, Fresh Coconut",Deodorant,Coconut,2.1oz,Stick / Solid,077326142233,n.a.,n.a. (brand SmartLabel),https://www.colgatepalmolive.com/en-us/smartlabel/77326142233,Brand site,High,2026-08-31
CL-USA-TOMSOFMAINE-1977,USA,Tom's of Maine,Personal Care,Deodorant / Antiperspirant,Tom's of Maine Natural Deodorant,"Tom's of Maine Natural Strength Deodorant, Rugged Coast ...",Deodorant,n.a.,n.a.,Stick / Solid,035000985347,n.a.,n.a. (brand SmartLabel),https://www.colgatepalmolive.com/en-us/smartlabel/35000985347,Brand site,High,2026-08-31
CL-USA-TOMSOFMAINE-1978,USA,Tom's of Maine,Personal Care,Deodorant / Antiperspirant,Tom's of Maine Natural Deodorant,Tom's of Maine Original Care Deodorant - Unscented 2.25 oz Stick(S),An aluminum-free deodorant stick offering 24-hour protection with natural ingredients and clinically proven odor protection. The product is cruelty-free and made in the USA or imported.,Unscented,2.25 oz 1pk,Stick / Solid,077326619254,90942171,Target,https://www.target.com/p/tom-s-of-maine-original-care-deodorant-unscented-2-25-oz-stick-s/-/A-90942171,Retailer listing,High,2026-08-31
CL-USA-TOMSOFMAINE-1979,USA,Tom's of Maine,Personal Care,Deodorant / Antiperspirant,Tom's of Maine Natural Deodorant,"Tom's of Maine Original Care Deodorant, Unscented, 2.25 oz",Deodorant,Unscented,2.25 oz,Stick / Solid,077326619254,n.a.,n.a. (brand SmartLabel),https://www.colgatepalmolive.com/en-us/smartlabel/77326619254,Brand site,High,2026-08-31
CL-USA-TOMSOFMAINE-1980,USA,Tom's of Maine,Personal Care,Deodorant / Antiperspirant,Tom's of Maine Natural Deodorant,"Tom's of Maine Simply Natural Deodorant, Powder",Deodorant,n.a.,1.6oz,Stick / Solid,035000985385,n.a.,n.a. (brand SmartLabel),https://www.colgatepalmolive.com/en-us/smartlabel/35000985385,Brand site,High,2026-08-31
CL-USA-TOMSOFMAINE-1981,USA,Tom's of Maine,Personal Care,Deodorant / Antiperspirant,Tom's of Maine Natural Deodorant,Tropical Island Aluminum Free Deodorant,"Tom’s of Maine Tropical Island Deodorant is crafted for men and women seeking natural odor protection. This dermatologist tested, aluminum free deodorant uses naturally sourced and derived moisture locking ingredients for 48-hour odor protection. The formula is vegan, cruelty free, baking soda free, and paraben free, with no artificial fragrances, dyes, or preservatives; making it perfect for ever",n.a.,Tropical Island,Stick / Solid,n.a.,61054110,www.tomsofmaine.com,https://www.tomsofmaine.com/products/tropical-island-aluminum-free-deodorant,Brand site,High,2026-08-31
CL-USA-TOMSOFMAINE-1982,USA,Tom's of Maine,Personal Care,Deodorant / Antiperspirant,Tom's of Maine Natural Deodorant,Twilight Breeze Aluminum Free Deodorant,"Tom’s of Maine Twilight Breeze Deodorant is crafted for men and women seeking natural odor protection. This dermatologist tested, aluminum free deodorant uses naturally sourced and derived moisture locking ingredients for 48-hour odor protection. The formula is vegan, cruelty free, baking soda free, and paraben free, with no artificial fragrances, dyes, or preservatives; making it perfect for ever",n.a.,Twilight Breeze,Stick / Solid,n.a.,61045587,www.tomsofmaine.com,https://www.tomsofmaine.com/products/twilight-breeze-aluminum-free-deodorant,Brand site,High,2026-08-31
CL-USA-TOMSOFMAINE-1983,USA,Tom's of Maine,Personal Care,Deodorant / Antiperspirant,Tom's of Maine Natural Deodorant,Unscented Aluminum Free Deodorant,"Tom’s of Maine Natural Deodorant is a breakthrough in odor and wetness protection. Powered by naturally derived, moisture-locking ingredients that keep you feeling confident all day long. Designed for a smooth glide, our deodorant goes on clear and stays clear, ensuring a seamless application every time. WHAT'S INCLUDED: One (1) 3.25 oz Tom's of Maine Unscented natural underarm deodorant for women",Unscented,Unscented,Stick / Solid,n.a.,61028962,www.tomsofmaine.com,https://www.tomsofmaine.com/products/unscented-deodorant,Brand site,High,2026-08-31
CL-USA-TOMSOFMAINE-1984,USA,Tom's of Maine,Personal Care,Deodorant / Antiperspirant,Tom's of Maine Natural Deodorant,Wild Lavender Aluminum Free Deodorant,"Embrace the refreshing, aromatic scent of Wild Lavender with Tom’s of Maine Natural Deodorant. Our stick deodorant is a breakthrough in odor and wetness protection, powered by naturally derived, moisture-locking ingredients that keep you feeling confident all day long. Designed for a smooth glide, our deodorant goes on clear and stays clear, ensuring a seamless application every time. WHAT'S INCLU",Lavender,Wild Lavender,Stick / Solid,n.a.,61028956,www.tomsofmaine.com,https://www.tomsofmaine.com/products/wild-lavender-deodorant,Brand site,High,2026-08-31
CL-USA-TOMSOFMAINE-1985,USA,Tom's of Maine,Toothpaste,Toothpaste,Tom's of Maine Rapid Relief Sensitive,Fluoride-Free Rapid Relief Sensitive Gentle Mint Natural Toothpaste,Experience clinically proven rapid sensitivity relief in 1 minute* with Tom’s of Maine Rapid Relief Sensitive Toothpaste. This natural fluoride free toothpaste for sensitive teeth features an improved great taste and helps deliver fast sensitivity relief for sensitive teeth within 1 minute*. This Tom’s of Maine sensitive teeth toothpaste uses mineral-derived Calcium Carbonate and plant-based Argin,Mint,n.a.,Paste / Gel,n.a.,61053729,Tom's of Maine brand site (DTC),https://www.tomsofmaine.com/products/fluoride-free-rapid-relief-sensitive-fresh-mint-natural-toothpaste-new-sku,Brand site,Medium,2026-08-31
CL-USA-TOMSOFMAINE-1986,USA,Tom's of Maine,Toothpaste,Toothpaste,Tom's of Maine Rapid Relief Sensitive,Toms Of Maine Rapid Relief Sensitive Fluoride Free Toothpaste Gentle Mint 4.5 Oz,CVS.com retailer listing.,Mint,5 oz,Paste / Gel,n.a.,prodid 447381,CVS Pharmacy,https://www.cvs.com/shop/toms-of-maine-rapid-relief-sensitive-fluoride-free-toothpaste-gentle-mint-4-5-oz-prodid-447381,Retailer listing,High,2026-08-31
CL-USA-TOMSOFMAINE-1987,USA,Tom's of Maine,Toothpaste,Toothpaste,Tom's of Maine Sensitive,Sensitive + Whitening Fluoride-Free Refreshing Mint Natural Toothpaste,"For a sensitive toothpaste that helps whiten teeth, choose the Tom’s of Maine Sensitive and Whitening Toothpaste. This natural fluoride free toothpaste comes in a Refreshing Mint flavor and offers clinically proven sensitivity relief in 60 seconds.* Includes one (1) 4.5 oz tube of Tom's of Maine Sensitive and Whitening Toothpaste, Fluoride Free Toothpaste For rapid relief, apply the product direct",Mint,4.5 oz,Paste / Gel,n.a.,61054142,Tom's of Maine brand site (DTC),https://www.tomsofmaine.com/products/sensitive-whitening-fluoride-free-soothing-mint-natural-toothpaste-copy,Brand site,Medium,2026-08-31
CL-USA-TOMSOFMAINE-1988,USA,Tom's of Maine,Mouthwash & Rinse,Mouthwash / rinse,Tom's of Maine Whole Care,Fresh Mint Whole Care Anticavity Natural Mouthwash - Fresh Mint,"Tackle bad breath, cavities and more with Tom's of Maine Whole Care Natural Mouthwash. This fluoride mouthwash gives six benefits in one: It fights cavities, restores minerals, freshens breath, cleans between teeth, strengthens enamel and is alcohol free*. Plus, it contains no artificial colors, sweeteners or preservatives. Enjoy the clean taste of Fresh Mint with every swish. *Product does not co",Fresh Mint,n.a.,Liquid Rinse,n.a.,US05033A,Tom's of Maine brand site (DTC),https://www.tomsofmaine.com/products/fresh-mint-whole-care-anticavity-mouthwash,Brand site,Medium,2026-08-31
CL-USA-TOMSOFMAINE-1989,USA,Tom's of Maine,Toothpaste,Fluoride toothpaste (OTC anticavity),Tom's of Maine Whole Care,TOMS OF MAINE WHOLE CARE SPEARMINT,"US FDA OTC drug listing. NDC 51009-857-69. Dosage form: PASTE, DENTIFRICE. Package: 1 TUBE in 1 CARTON (51009-857-69) / 113 g in 1 TUBE",Spearmint,113 g,Paste / Gel,n.a.,n.a.,n.a. (FDA NDC product listing),https://api.fda.gov/drug/ndc.json?search=labeler_name:%22Tom%27s+of+Maine%22&limit=100&skip=0,UPC database,Medium,2026-08-31
CL-USA-TOMSOFMAINE-1990,USA,Tom's of Maine,Toothpaste,Fluoride toothpaste (OTC anticavity),Tom's of Maine Whole Care,TOMS OF MAINE WHOLE CARE WINTERMINT,"US FDA OTC drug listing. NDC 51009-902-40. Dosage form: PASTE, DENTIFRICE. Package: 1 TUBE in 1 CARTON (51009-902-40) / 113 g in 1 TUBE",n.a.,113 g,Paste / Gel,n.a.,n.a.,n.a. (FDA NDC product listing),https://api.fda.gov/drug/ndc.json?search=labeler_name:%22Tom%27s+of+Maine%22&limit=100&skip=0,UPC database,Medium,2026-08-31
CL-USA-TOMSOFMAINE-1991,USA,Tom's of Maine,Toothpaste,Toothpaste,Tom's of Maine Whole Care,Tom S Of Maine Whole Care Fluoride Anticavity Toothpaste Peppermint,CVS.com retailer listing.,Peppermint,n.a.,Paste / Gel,n.a.,prodid 978592,CVS Pharmacy,https://www.cvs.com/shop/tom-s-of-maine-whole-care-fluoride-anticavity-toothpaste-peppermint-prodid-978592,Retailer listing,High,2026-08-31
CL-USA-TOMSOFMAINE-1992,USA,Tom's of Maine,Toothpaste,Toothpaste,Tom's of Maine Whole Care,Tom S Of Maine Whole Care Peppermint Toothpaste 4Oz,Target.com retailer listing.,Peppermint,4 oz,Paste / Gel,n.a.,TCIN 85907185,Target,https://www.target.com/p/tom-s-of-maine-whole-care-peppermint-toothpaste-4oz/-/A-85907185,Retailer listing,High,2026-08-31
CL-USA-TOMSOFMAINE-1993,USA,Tom's of Maine,Toothpaste,Toothpaste,Tom's of Maine Whole Care,Tom's of Maine Whole Care Anticavity Toothpaste,Open barcode database record (barcode 0077326470176); brands field: Tom's of Maine.,n.a.,4 oz,Paste / Gel,077326470176,n.a.,n.a. (open barcode database),"https://world.openbeautyfacts.org/api/v2/search?brands_tags=tom-s-of-maine&countries_tags=en%3Aunited-states&fields=code,product_name,generic_name,brands,quantity,categories_tags,product_quantity,labels_tags,url&page_size=100&page=1",UPC database,Medium,2026-08-31
CL-USA-TOMSOFMAINE-1994,USA,Tom's of Maine,Toothpaste,Toothpaste,Tom's of Maine Whole Care,Whole Care Cinnamon Clove Natural Toothpaste with Fluoride - Cinnamon Clove,"Promote a clean, bright, healthy smile with the Tom’s of Maine Whole Care Natural Toothpaste with Fluoride. The fluoride toothpaste prevents cavities, strengthens enamel, and whitens teeth by removing surface stains. Plus, this cinnamon toothpaste leaves your mouth feeling clean and fresh with its Cinnamon Clove flavor. Includes one (1) 4.0 oz tube of Tom’s of Maine Whole Care Natural Toothpaste w",Cinnamon,n.a.,Paste / Gel,n.a.,US05802A,Tom's of Maine brand site (DTC),https://www.tomsofmaine.com/products/whole-care-natural-cinnamon-clove-toothpaste-with-fluoride,Brand site,Medium,2026-08-31
CL-USA-TOMSOFMAINE-1995,USA,Tom's of Maine,Oral Care Kits,Gift set / bundle,Tom's of Maine Whole Care,Whole Care Oral Health Bundle,"Everything you need for a fresh, complete clean—morning and night. This Whole Care bundle brings together three essentials for a well-rounded routine: Whole Care Natural Peppermint Toothpaste with Fluoride for a refreshing brush, Fresh Mint Whole Care Anticavity Mouthwash to rinse and reach where brushing can’t, and a Soft Whole Care Toothbrush designed for a gentle yet thorough clean. With fluori",n.a.,n.a.,n.a.,n.a.,wholecarekit,Tom's of Maine brand site (DTC),https://www.tomsofmaine.com/products/whole-care-oral-health-bundle,Brand site,Medium,2026-08-31
CL-USA-TOMSOFMAINE-1996,USA,Tom's of Maine,Toothpaste,Toothpaste,Tom's of Maine Whole Care,Whole Care Peppermint Natural Toothpaste with Fluoride (2-Pack),"Promote a clean, bright, healthy smile with the Tom’s of Maine Whole Care Natural Toothpaste with Fluoride. The fluoride toothpaste pack prevents cavities, strengthens enamel, and whitens teeth by removing surface stains. Plus, this mint toothpaste leaves your mouth feeling clean and fresh with its Peppermint flavor. Includes two (2) 4.0 oz tubes of Tom’s of Maine Whole Care Natural Toothpaste wit",Peppermint,2 ct,Paste / Gel,n.a.,61056160,Tom's of Maine brand site (DTC),https://www.tomsofmaine.com/products/whole-care-peppermint-natural-toothpaste-with-fluoride-2-pack-new-sku,Brand site,Medium,2026-08-31
CL-USA-TOMSOFMAINE-1997,USA,Tom's of Maine,Toothpaste,Toothpaste,Tom's of Maine Whole Care,Whole Care Peppermint Natural Toothpaste with Fluoride - Peppermint,"Promote a clean, bright, healthy smile with the Tom’s of Maine Whole Care Natural Toothpaste with Fluoride. The fluoride toothpaste prevents cavities, strengthens enamel, and whitens teeth by removing surface stains. Plus, this mint toothpaste leaves your mouth feeling clean and fresh with its Peppermint flavor. Includes one (1) 4.0 oz tube of Tom’s of Maine Whole Care Natural Toothpaste with Fluo",Peppermint,n.a.,Paste / Gel,n.a.,US05800A,Tom's of Maine brand site (DTC),https://www.tomsofmaine.com/products/whole-care-natural-peppermint-toothpaste-with-fluoride,Brand site,Medium,2026-08-31
CL-USA-TOMSOFMAINE-1998,USA,Tom's of Maine,Toothbrush,Manual toothbrush,Tom's of Maine Whole Care,Whole Care Soft Toothbrush,"What's behind that confident smile? The Tom's of Maine Whole Care Natural Toothbrush. Each soft toothbrush contains angled bristles to remove plaque and gently clean all those hard-to-reach areas. Plus, the handle is made from 8% post-consumer recycled plastic and the soft bristles are BPA-free — so you can brush with the best. When those bristles start to wear, you can take this recyclable toothb",n.a.,n.a.,Brush,n.a.,CH02063A,Tom's of Maine brand site (DTC),https://www.tomsofmaine.com/products/soft-whole-care-toothbrush,Brand site,Medium,2026-08-31
CL-USA-TOMSOFMAINE-1999,USA,Tom's of Maine,Toothpaste,Toothpaste,Tom's of Maine Whole Care,Whole Care Spearmint Natural Toothpaste with Fluoride - Spearmint,"Promote a clean, bright, healthy smile with the Tom’s of Maine Whole Care Natural Toothpaste with Fluoride. The fluoride toothpaste prevents cavities, strengthens enamel, and whitens teeth by removing surface stains. Plus, this mint toothpaste leaves your mouth feeling clean and fresh with its Spearmint flavor. Includes one (1) 4.0 oz tube of Tom’s of Maine Whole Care Natural Toothpaste with Fluor",Spearmint,n.a.,Paste / Gel,n.a.,US05801A,Tom's of Maine brand site (DTC),https://www.tomsofmaine.com/products/whole-care-natural-spearmint-toothpaste-with-fluoride,Brand site,Medium,2026-08-31
CL-USA-TOMSOFMAINE-2000,USA,Tom's of Maine,Toothpaste,Toothpaste,Tom's of Maine Whole Care,Whole Care Wintermint Natural Toothpaste with Fluoride - Wintermint,"Promote a clean, bright, healthy smile with the Tom’s of Maine Whole Care Natural Toothpaste with Fluoride. The fluoride toothpaste prevents cavities, strengthens enamel, and whitens teeth by removing surface stains. Plus, this mint toothpaste leaves your mouth feeling clean and fresh with its Wintermint flavor. Includes one (1) 4.0 oz tube of Tom’s of Maine Whole Care Natural Toothpaste with Fluo",n.a.,n.a.,Paste / Gel,n.a.,US05803A,Tom's of Maine brand site (DTC),https://www.tomsofmaine.com/products/whole-care-natural-wintermint-toothpaste-with-fluoride,Brand site,Medium,2026-08-31
CL-USA-ULTRABRITE-2001,USA,Ultra Brite,Toothpaste,Fluoride toothpaste (OTC anticavity),Colgate Baking Soda & Peroxide,ULTRA BRITE Baking Soda and Peroxide Whitening Cool Mint,"US FDA OTC drug listing. NDC 35000-916-71. Dosage form: PASTE, DENTIFRICE. Package: 1 TUBE in 1 CARTON (35000-916-71) / 119 g in 1 TUBE",Cool Mint,119 g,Paste / Gel,n.a.,n.a.,n.a. (FDA NDC product listing),https://api.fda.gov/drug/ndc.json?search=labeler_name:%22Colgate%22&limit=100&skip=0,UPC database,Medium,2026-08-31
CL-USA-ULTRABRITE-2002,USA,Ultra Brite,Toothpaste,Fluoride toothpaste (OTC anticavity),Colgate Baking Soda & Peroxide,ULTRA BRITE Baking Soda and Peroxide Whitening Cool Mint,"US FDA OTC drug listing. NDC 35000-916-60. Dosage form: PASTE, DENTIFRICE. Package: 1 TUBE in 1 CARTON (35000-916-60) / 170 g in 1 TUBE",Cool Mint,170 g,Paste / Gel,n.a.,n.a.,n.a. (FDA NDC product listing),https://api.fda.gov/drug/ndc.json?search=labeler_name:%22Colgate%22&limit=100&skip=0,UPC database,Medium,2026-08-31
CL-USA-ULTRABRITE-2003,USA,Ultra Brite,Toothpaste,Fluoride toothpaste (OTC anticavity),Ultra Brite,COLGATE ULTRA BRITE ADVANCED WHITENING ALL IN ONE CLEAN MINT,"US FDA OTC drug listing. NDC 35000-917-71. Dosage form: PASTE, DENTIFRICE. Package: 1 TUBE in 1 CARTON (35000-917-71) / 119 g in 1 TUBE",Clean Mint,119 g,Paste / Gel,n.a.,n.a.,n.a. (FDA NDC product listing),https://api.fda.gov/drug/ndc.json?search=labeler_name:%22Colgate%22&limit=100&skip=0,UPC database,Medium,2026-08-31
CL-USA-ULTRABRITE-2004,USA,Ultra Brite,Toothpaste,Fluoride toothpaste (OTC anticavity),Ultra Brite,COLGATE ULTRA BRITE ADVANCED WHITENING ALL IN ONE CLEAN MINT,"US FDA OTC drug listing. NDC 35000-917-60. Dosage form: PASTE, DENTIFRICE. Package: 1 TUBE in 1 CARTON (35000-917-60) / 170 g in 1 TUBE",Clean Mint,170 g,Paste / Gel,n.a.,n.a.,n.a. (FDA NDC product listing),https://api.fda.gov/drug/ndc.json?search=labeler_name:%22Colgate%22&limit=100&skip=0,UPC database,Medium,2026-08-31
CL-USA-ULTRABRITE-2005,USA,Ultra Brite,Toothpaste,Toothpaste,Ultra Brite,Ultra Brite Advanced Whitening Toothpaste Clean Mint 6 Oz,Target.com retailer listing.,Clean Mint,6 oz,Paste / Gel,n.a.,TCIN 1006087887,Target,https://www.target.com/p/ultra-brite-advanced-whitening-toothpaste-clean-mint-6-oz/-/A-1006087887,Retailer listing,High,2026-08-31
CL-USA-HELLO-2006,USA,hello,Mouthwash & Rinse,Fluoride / therapeutic rinse,Colgate (core),Hello Clean Mint with aloe vera,US FDA OTC drug listing. NDC 35000-510-12. Dosage form: MOUTHWASH. Package: 520 mL in 1 BOTTLE (35000-510-12),Clean Mint,520 mL,Liquid Rinse,n.a.,n.a.,n.a. (FDA NDC product listing),https://api.fda.gov/drug/ndc.json?search=labeler_name:%22Colgate%22&limit=100&skip=100,UPC database,Medium,2026-08-31
CL-USA-HELLO-2007,USA,hello,Toothpaste,Fluoride toothpaste (OTC anticavity),Colgate (core),Hello Dragon Dazzle Dragon Dazzle Fluoride,"US FDA OTC drug listing. NDC 35000-679-10. Dosage form: PASTE, DENTIFRICE. Package: 1 TUBE in 1 CARTON (35000-679-10) / 119 g in 1 TUBE",n.a.,119 g,Paste / Gel,n.a.,n.a.,n.a. (FDA NDC product listing),https://api.fda.gov/drug/ndc.json?search=labeler_name:%22Colgate%22&limit=100&skip=100,UPC database,Medium,2026-08-31
CL-USA-HELLO-2008,USA,hello,Mouthwash & Rinse,Fluoride / therapeutic rinse,Colgate (core),Hello Extra Minty with extra cooling,US FDA OTC drug listing. NDC 35000-511-12. Dosage form: MOUTHWASH. Package: 520 mL in 1 BOTTLE (35000-511-12),n.a.,520 mL,Liquid Rinse,n.a.,n.a.,n.a. (FDA NDC product listing),https://api.fda.gov/drug/ndc.json?search=labeler_name:%22Colgate%22&limit=100&skip=100,UPC database,Medium,2026-08-31
CL-USA-HELLO-2009,USA,hello,Toothpaste,Fluoride toothpaste (OTC anticavity),Colgate (core),Hello Magical Mermaid,"US FDA OTC drug listing. NDC 35000-680-10. Dosage form: GEL, DENTIFRICE. Package: 119 g in 1 TUBE (35000-680-10)",n.a.,119 g,Paste / Gel,n.a.,n.a.,n.a. (FDA NDC product listing),https://api.fda.gov/drug/ndc.json?search=labeler_name:%22Colgate%22&limit=100&skip=100,UPC database,Medium,2026-08-31
CL-USA-HELLO-2010,USA,hello,Toothpaste,Fluoride toothpaste (OTC anticavity),Colgate (core),Hello Mighty Multi tasker,"US FDA OTC drug listing. NDC 35000-681-10. Dosage form: PASTE, DENTIFRICE. Package: 1 TUBE in 1 CARTON (35000-681-10) / 113 g in 1 TUBE",n.a.,113 g,Paste / Gel,n.a.,n.a.,n.a. (FDA NDC product listing),https://api.fda.gov/drug/ndc.json?search=labeler_name:%22Colgate%22&limit=100&skip=100,UPC database,Medium,2026-08-31
CL-USA-HELLO-2011,USA,hello,Toothpaste,Fluoride toothpaste (OTC anticavity),Colgate (core),Hello Naturally Whitening,"US FDA OTC drug listing. NDC 35000-682-10. Dosage form: PASTE, DENTIFRICE. Package: 1 TUBE in 1 CARTON (35000-682-10) / 133 g in 1 TUBE",n.a.,133 g,Paste / Gel,n.a.,n.a.,n.a. (FDA NDC product listing),https://api.fda.gov/drug/ndc.json?search=labeler_name:%22Colgate%22&limit=100&skip=100,UPC database,Medium,2026-08-31
CL-USA-HELLO-2012,USA,hello,Toothpaste,Fluoride toothpaste (OTC anticavity),Colgate (core),Hello Naturally Whitening,"US FDA OTC drug listing. NDC 35000-682-12. Dosage form: PASTE, DENTIFRICE. Package: 1 TUBE in 1 CARTON (35000-682-12) / 141 g in 1 TUBE",n.a.,141 g,Paste / Gel,n.a.,n.a.,n.a. (FDA NDC product listing),https://api.fda.gov/drug/ndc.json?search=labeler_name:%22Colgate%22&limit=100&skip=100,UPC database,Medium,2026-08-31
CL-USA-HELLO-2013,USA,hello,Mouthwash & Rinse,Fluoride / therapeutic rinse,Colgate (core),"Hello Peace Out Plaque peace out, plaque antigingivitis",US FDA OTC drug listing. NDC 35000-683-10. Dosage form: MOUTHWASH. Package: 473 mL in 1 BOTTLE (35000-683-10),n.a.,473 mL,Liquid Rinse,n.a.,n.a.,n.a. (FDA NDC product listing),https://api.fda.gov/drug/ndc.json?search=labeler_name:%22Colgate%22&limit=100&skip=100,UPC database,Medium,2026-08-31
CL-USA-HELLO-2014,USA,hello,Toothpaste,Fluoride toothpaste (OTC anticavity),Colgate (core),Hello Penguin Chill,"US FDA OTC drug listing. NDC 35000-693-12. Dosage form: PASTE, DENTIFRICE. Package: 1 TUBE in 1 CARTON (35000-693-12) / 119 g in 1 TUBE",n.a.,119 g,Paste / Gel,n.a.,n.a.,n.a. (FDA NDC product listing),https://api.fda.gov/drug/ndc.json?search=labeler_name:%22Colgate%22&limit=100&skip=100,UPC database,Medium,2026-08-31
CL-USA-HELLO-2015,USA,hello,Toothpaste,Fluoride toothpaste (OTC anticavity),Colgate (core),Hello Vitamin C Whitening,"US FDA OTC drug listing. NDC 35000-689-10. Dosage form: PASTE, DENTIFRICE. Package: 1 TUBE in 1 CARTON (35000-689-10) / 113 g in 1 TUBE",n.a.,113 g,Paste / Gel,n.a.,n.a.,n.a. (FDA NDC product listing),https://api.fda.gov/drug/ndc.json?search=labeler_name:%22Colgate%22&limit=100&skip=100,UPC database,Medium,2026-08-31
CL-USA-HELLO-2016,USA,hello,Toothpaste,Fluoride toothpaste (OTC anticavity),Colgate (core),Hello Whipped Mellow Mint Dream Flavor,"US FDA OTC drug listing. NDC 35000-513-10. Dosage form: PASTE, DENTIFRICE. Package: 1 TUBE in 1 CARTON (35000-513-10) / 113 g in 1 TUBE",Mint,113 g,Paste / Gel,n.a.,n.a.,n.a. (FDA NDC product listing),https://api.fda.gov/drug/ndc.json?search=labeler_name:%22Colgate%22&limit=100&skip=100,UPC database,Medium,2026-08-31
CL-USA-HELLO-2017,USA,hello,Toothpaste,Fluoride toothpaste (OTC anticavity),Colgate (core),Hello Whipped Peppermint Stick Flavor,"US FDA OTC drug listing. NDC 35000-512-10. Dosage form: PASTE, DENTIFRICE. Package: 1 TUBE in 1 CARTON (35000-512-10) / 113 g in 1 TUBE",Peppermint,113 g,Paste / Gel,n.a.,n.a.,n.a. (FDA NDC product listing),https://api.fda.gov/drug/ndc.json?search=labeler_name:%22Colgate%22&limit=100&skip=100,UPC database,Medium,2026-08-31
CL-USA-HELLO-2018,USA,hello,Mouthwash & Rinse,Fluoride / therapeutic rinse,Colgate (core),Hello Wild Strawberry,US FDA OTC drug listing. NDC 35000-685-10. Dosage form: MOUTHWASH. Package: 473 mL in 1 BOTTLE (35000-685-10),Strawberry,473 mL,Liquid Rinse,n.a.,n.a.,n.a. (FDA NDC product listing),https://api.fda.gov/drug/ndc.json?search=labeler_name:%22Colgate%22&limit=100&skip=100,UPC database,Medium,2026-08-31
CL-USA-HELLO-2019,USA,hello,Mouthwash & Rinse,Fluoride / therapeutic rinse,Colgate (core),Hello empower mint,US FDA OTC drug listing. NDC 35000-690-10. Dosage form: MOUTHWASH. Package: 473 mL in 1 BOTTLE (35000-690-10),Mint,473 mL,Liquid Rinse,n.a.,n.a.,n.a. (FDA NDC product listing),https://api.fda.gov/drug/ndc.json?search=labeler_name:%22Colgate%22&limit=100&skip=100,UPC database,Medium,2026-08-31
CL-USA-HELLO-2020,USA,hello,Toothpaste,Fluoride toothpaste (OTC anticavity),Colgate Kids,Hello Kids Wild Strawberry Wild Strawberry,"US FDA OTC drug listing. NDC 35000-688-10. Dosage form: PASTE, DENTIFRICE. Package: 1 TUBE in 1 BOX (35000-688-10) / 119 g in 1 TUBE",Strawberry,119 g,Paste / Gel,n.a.,n.a.,n.a. (FDA NDC product listing),https://api.fda.gov/drug/ndc.json?search=labeler_name:%22Colgate%22&limit=100&skip=100,UPC database,Medium,2026-08-31
CL-USA-HELLO-2021,USA,hello,Toothpaste,Fluoride toothpaste (OTC anticavity),Colgate Kids,Hello Unicorn Sparkle,"US FDA OTC drug listing. NDC 35000-686-10. Dosage form: GEL, DENTIFRICE. Package: 1 TUBE in 1 CARTON (35000-686-10) / 119 g in 1 TUBE",n.a.,119 g,Paste / Gel,n.a.,n.a.,n.a. (FDA NDC product listing),https://api.fda.gov/drug/ndc.json?search=labeler_name:%22Colgate%22&limit=100&skip=100,UPC database,Medium,2026-08-31
CL-USA-HELLO-2022,USA,hello,Mouthwash & Rinse,Fluoride / therapeutic rinse,Colgate Kids,Hello Unicorn Splash unicorn splash anticavity fluoride rinse,US FDA OTC drug listing. NDC 35000-687-10. Dosage form: MOUTHWASH. Package: 473 mL in 1 BOTTLE (35000-687-10),n.a.,473 mL,Liquid Rinse,n.a.,n.a.,n.a. (FDA NDC product listing),https://api.fda.gov/drug/ndc.json?search=labeler_name:%22Colgate%22&limit=100&skip=100,UPC database,Medium,2026-08-31
CL-USA-HELLO-2023,USA,hello,Mouthwash & Rinse,Fluoride / therapeutic rinse,Colgate Kids,Hello Unicorn Splash unicorn splash anticavity fluoride rinse,US FDA OTC drug listing. NDC 35000-687-12. Dosage form: MOUTHWASH. Package: 520 mL in 1 BOTTLE (35000-687-12),n.a.,520 mL,Liquid Rinse,n.a.,n.a.,n.a. (FDA NDC product listing),https://api.fda.gov/drug/ndc.json?search=labeler_name:%22Colgate%22&limit=100&skip=100,UPC database,Medium,2026-08-31
CL-USA-HELLO-2024,USA,hello,Toothpaste,Toothpaste,hello,Hello 8 In 1 Mighty Multi Tasker Fluoride Toothpaste Natural Mint Blend 4.0 Oz Tube,Dollar General retailer listing.,Mint,4.0 oz,Paste / Gel,n.a.,Dollar General item 819156023616,Dollar General,https://www.dollargeneral.com/p/hello-8-in-1-mighty-multi-tasker-fluoride-toothpaste-natural-mint-blend-4-0-oz-tube/819156023616,Retailer listing,High,2026-08-31
CL-USA-HELLO-2025,USA,hello,Mouthwash & Rinse,Mouthwash / rinse,hello,Hello Antigingivitis Mouthwash Clean Mint 17.6 Oz,CVS.com retailer listing.,Clean Mint,6 oz,Liquid Rinse,n.a.,prodid 447448,CVS Pharmacy,https://www.cvs.com/shop/hello-antigingivitis-mouthwash-clean-mint-17-6-oz-prodid-447448,Retailer listing,High,2026-08-31
CL-USA-HELLO-2026,USA,hello,Toothpaste,Toothpaste,hello,Hello Floride Free Toothpaste Superfresh Peppermint 5 Oz,CVS.com retailer listing.,Peppermint,5 oz,Paste / Gel,n.a.,prodid 440464,CVS Pharmacy,https://www.cvs.com/shop/hello-floride-free-toothpaste-superfresh-peppermint-5-oz-prodid-440464,Retailer listing,High,2026-08-31
CL-USA-HELLO-2027,USA,hello,Toothpaste,Toothpaste,hello,Hello Floride Free Toothpaste Superfresh Spearmint 5 Oz,CVS.com retailer listing.,Spearmint,5 oz,Paste / Gel,n.a.,prodid 447415,CVS Pharmacy,https://www.cvs.com/shop/hello-floride-free-toothpaste-superfresh-spearmint-5-oz-prodid-447415,Retailer listing,High,2026-08-31
CL-USA-HELLO-2028,USA,hello,Mouthwash & Rinse,Mouthwash / rinse,hello,Hello Mouthwash Chill Mint 17 6 Fl Oz,Target.com retailer listing.,Mint,6 fl oz,Liquid Rinse,n.a.,TCIN 94823723,Target,https://www.target.com/p/hello-mouthwash-chill-mint-17-6-fl-oz/-/A-94823723,Retailer listing,High,2026-08-31
CL-USA-HELLO-2029,USA,hello,Mouthwash & Rinse,Mouthwash / rinse,hello,Hello Mouthwash Clean Mint 17 6 Fl Oz,Target.com retailer listing.,Clean Mint,6 fl oz,Liquid Rinse,n.a.,TCIN 94823743,Target,https://www.target.com/p/hello-mouthwash-clean-mint-17-6-fl-oz/-/A-94823743,Retailer listing,High,2026-08-31
CL-USA-HELLO-2030,USA,hello,Toothbrush,Manual toothbrush,hello,Hello Soft Bristle Adult Charcoal Toothbrush Black 1 Ct,Dollar General retailer listing.,Charcoal,1 ct,Brush,n.a.,Dollar General item 819156020042,Dollar General,https://www.dollargeneral.com/p/hello-soft-bristle-adult-charcoal-toothbrush-black-1-ct/819156020042,Retailer listing,High,2026-08-31
CL-USA-HELLO-2031,USA,hello,Toothpaste,Toothpaste,hello,Hello Super Fresh Toothpaste 5Oz,Target.com retailer listing.,n.a.,5 oz,Paste / Gel,n.a.,TCIN 94832528,Target,https://www.target.com/p/hello-super-fresh-toothpaste-5oz/-/A-94832528,Retailer listing,High,2026-08-31
CL-USA-HELLO-2032,USA,hello,Toothpaste,Toothpaste,hello,Hello Whipped Dream Toothpaste Mellow Mint 4Oz,Target.com retailer listing.,Mint,4 oz,Paste / Gel,n.a.,TCIN 94823720,Target,https://www.target.com/p/hello-whipped-dream-toothpaste-mellow-mint-4oz/-/A-94823720,Retailer listing,High,2026-08-31
CL-USA-HELLO-2033,USA,hello,Toothpaste,Toothpaste,hello,Hello Whipped Toothpaste Peppermint Stick 4Oz,Target.com retailer listing.,Peppermint,4 oz,Paste / Gel,n.a.,TCIN 94823742,Target,https://www.target.com/p/hello-whipped-toothpaste-peppermint-stick-4oz/-/A-94823742,Retailer listing,High,2026-08-31
CL-USA-HELLO-2034,USA,hello,Oral Care Kits,Gift set / bundle,hello,family fluoride faves bundle,"something for everyone, all in one place. this bundle brings together fluoride favorites across the whole lineup. for grown-ups, there’s a mighty multi-tasker fluoride toothpaste and an extra mint mouthwash to keep things fresh. for younger brushers, a strawberry fluoride toothpaste and unicorn splash mouthwash add a berry good twist to brushing and rinsing. toothbrushes are covered too, with unic",n.a.,n.a.,n.a.,n.a.,fluoridefaves,hello brand site (DTC),https://www.hello-products.com/products/family-fluoride-faves-bundle,Brand site,Medium,2026-08-31
CL-USA-HELLO-2035,USA,hello,Toothbrush,Manual toothbrush,hello,hello classic toothbrush in black,"hello's activated charcoal bpa-free black toothbrush has soft, super-cool black bristles infused with charcoal from bamboo that are meant to match your charcoal routine! these bristles are soft enough for your gums and strong enough to brush away dirt and grime from your beautiful pearlies. the comfy handle is made with plant-based materials for extra-friendliness. hello is also vegan, cruelty fre",n.a.,n.a.,Brush,n.a.,61012816,hello brand site (DTC),https://www.hello-products.com/products/classic-toothbrush-in-black,Brand site,Medium,2026-08-31
CL-USA-HELLO-2036,USA,hello,Toothbrush,Manual toothbrush,hello,hello colorful soft toothbrush twin pack,"say hello to maximum brushing happiness with the hello adult soft bristle toothbrush pack. designed with soft, precision-tapered bristles, these bpa-free adult toothbrushes help polish away stains and remove pesky plaque buildup. the soft toothbrush bristles are gentle enough for your gums and they’re strong enough for your teeth. each hello toothbrush in this twin pack is bpa-free, vegan, cruelty",n.a.,n.a.,Brush,n.a.,61038752,hello brand site (DTC),https://www.hello-products.com/products/colorful-soft-toothbrush-twin-pack,Brand site,Medium,2026-08-31
CL-USA-HELLO-2037,USA,hello,Oral Care Kits,Gift set / bundle,hello,hello complete charcoal care bundle,"a powerhouse trio packed with the power of charcoal. this bundle includes a fluoride-free whitening toothpaste, a refreshing mouthwash, and an aluminum-free deodorant—each crafted to help keep your smile bright, breath fresh, and underarms feeling clean. the perfect set for your complete charcoal care routine.",Charcoal,n.a.,n.a.,n.a.,charcoalkit,hello brand site (DTC),https://www.hello-products.com/products/hello-complete-charcoal-care-bundle,Brand site,Medium,2026-08-31
CL-USA-HELLO-2038,USA,hello,Mouthwash & Rinse,Mouthwash / rinse,hello,hello extra minty alcohol free mouthwash,"say hello to our ultimate breath-freshening mint mouthwash made with our highest cooling intensity yet* with hello extra minty alcohol free mouthwash with extra cooling. this cool fluoride free bad breath mouthwash is extra freshening and is formulated to fight gingivitis, moisturize, and promote healthy gums. thoughtfully crafted with refreshing farm grown mint, aloe vera, coconut oil, and zero a",n.a.,n.a.,Liquid Rinse,n.a.,61053532,hello brand site (DTC),https://www.hello-products.com/products/hello-extra-minty-alcohol-free-mouthwash,Brand site,Medium,2026-08-31
CL-USA-HELLO-2039,USA,hello,Toothpaste,Toothpaste,hello,hello family toothpaste duo,"a toothpaste bundle designed for the whole family. this set includes an adult antiplaque and whitening toothpaste for a fresh, clean feel and a fun, fluoride toothpaste for kids—perfect for little grins. with flavors and formulas made for all ages, brushing together just got even better.",n.a.,n.a.,Paste / Gel,n.a.,familykit,hello brand site (DTC),https://www.hello-products.com/products/hello-family-toothpaste-duo,Brand site,Medium,2026-08-31
CL-USA-HELLO-2040,USA,hello,Toothpaste,Toothpaste,hello,hello mighty multi-tasker fluoride toothpaste,"say hello to your new squeeze, the totally epic hello 8 in 1 mighty multi-tasker fluoride toothpaste. this sls free toothpaste is thoughtfully formulated to help crush cavities, tartar, plaque, gingivitis, and tooth sensitivity. hello 8 in 1 mighty multi-tasker fluoride toothpaste does all this while brilliantly whitening your teeth and strengthening your teeth enamel. plus, this hello toothpaste ",n.a.,n.a.,Paste / Gel,n.a.,61038888,hello brand site (DTC),https://www.hello-products.com/products/mighty-multi-tasker-fluoride-toothpaste,Brand site,Medium,2026-08-31
CL-USA-HELLO-2041,USA,hello,Mouthwash & Rinse,Mouthwash / rinse,hello,hello mouthwash must-have bundle,"Give your rinse routine a serious upgrade with this mighty mouthwash trio. featuring charcoal, mint, and antigingivitis formulas, this bundle is packed with friendly ingredients and fresh flavors to keep your mouth clean and happy. each rinse is thoughtfully crafted to tackle plaque, freshen breath, and support a healthy mouth—whether you’re looking for a soothing swish, a brightening boost, or a ",n.a.,n.a.,Liquid Rinse,n.a.,mouthwashkit,hello brand site (DTC),https://www.hello-products.com/products/mouthwash-must-have-bundle,Brand site,Medium,2026-08-31
CL-USA-HELLO-2042,USA,hello,Mouthwash & Rinse,Mouthwash / rinse,hello,"hello peace out, plaque antigingivitis mouthwash","say hello to hello peace out plaque alcohol free mouthwash* an unbelievably fresh and minty fluoride free mouthwash that freshens like crazy. this thoughtfully crafted non-alcoholic and fluoride free mouthwash kicks bad breath straight to the curb and uses a combination of natural mint and a touch of coconut oil and aloe vera. with every swish, this mint mouthwash obliterates bad breath and leaves",n.a.,n.a.,Liquid Rinse,n.a.,61027719,hello brand site (DTC),https://www.hello-products.com/products/peace-out-plaque-antigingivitis-mouthwash,Brand site,Medium,2026-08-31
CL-USA-HELLO-2043,USA,hello,Oral Care Kits,Gift set / bundle,hello,hello unicorn magic + sparkle bundle,"shimmer all over with our unicorn sparkle set. this collection lets you unleash the unicorn within and includes our hello kids unicorn sparkle fluoride toothpaste, hello kids unicorn deodorant with shea butter, hello kids unicorn splash fluoride anticavity mouthwash with bubble gum flavor, and a hello unicorn toothbrush with super-soft BPA-free bristles.",n.a.,n.a.,n.a.,n.a.,HI36,hello brand site (DTC),https://www.hello-products.com/products/unicorn-magic-sparkle-set-1,Brand site,Medium,2026-08-31
CL-USA-HELLO-2044,USA,hello,Toothpaste,Toothpaste,hello,hello whipped fluoride toothpaste variety pack,"say hello to double the foam and double the flavor. the whipped toothpaste variety pack brings together two minty whipped favorites, each powered by fast foam technology for a lush, foamy brushing experience. whether you like your mint mellow or more pep-forward, this duo keeps your routine feeling fresh while helping fight cavities with fluoride. it’s the perfect pair for anyone who loves a littl",n.a.,n.a.,Paste / Gel,n.a.,whipvarietypack,hello brand site (DTC),https://www.hello-products.com/products/whipped-toothpaste-variety-pack,Brand site,Medium,2026-08-31
CL-USA-HELLO-2045,USA,hello,Toothpaste,Toothpaste,hello,hello whipped mellow mint dream fluoride toothpaste,"say hello to dreamy, foamy, cavity-fighting mint toothpaste for adults that will leave your breath feeling on cloud nine with hello whipped mellow mint dream adult fluoride toothpaste. powered by fast foam technology, this hello toothpaste with fluoride delivers an amazing foaming texture, freshens breath, and is tough on cavities. get ready to be mesmerized by a mint flavored foaming toothpaste t",Mint,n.a.,Paste / Gel,n.a.,61045055,hello brand site (DTC),https://www.hello-products.com/products/hello-whipped-mellow-mint-dream-fluoride-toothpaste,Brand site,Medium,2026-08-31
CL-USA-HELLO-2046,USA,hello,Toothpaste,Toothpaste,hello,hello whipped peppermint stick fluoride toothpaste,"say hello to a dreamy, foamy, cavity-fighting mint toothpaste for adults that will leave your breath feeling on cloud nine with hello whipped peppermint stick adult fluoride toothpaste. powered by fast foam technology, this dreamy hello toothpaste with fluoride delivers an amazing foaming texture, freshens breath, and is tough on cavities. start your day with a fresh zing and a twirl with this pep",Peppermint,n.a.,Paste / Gel,n.a.,61046273,hello brand site (DTC),https://www.hello-products.com/products/hello-whipped-peppermint-stick-fluoride-toothpaste,Brand site,Medium,2026-08-31
CL-USA-HELLO-2047,USA,hello,Oral Care Kits,Gift set / bundle,hello,mint condition bundle,"if mint’s your thing, this one’s for you. this bundle brings together the hello superfresh peppermint fluoride-free toothpaste and hello extra mint mouthwash for a routine that doesn’t hold back. from brush to swish, it’s a full-on mint moment, with a rinse that keeps things extra fresh and a toothpaste that feels mint to be.",Mint,n.a.,n.a.,n.a.,mintcondition,hello brand site (DTC),https://www.hello-products.com/products/mint-condition-bundle,Brand site,Medium,2026-08-31
CL-USA-HELLO-2048,USA,hello,Oral Care Kits,Gift set / bundle,hello,take me away bundle,"ready when you are! this bundle brings together two travel-size antiplaque + whitening fluoride-free toothpastes, a sunny daze aluminum-free deodorant, and the hello colorful soft toothbrush twin pack, so you’re set wherever the day takes you. the toothpastes are made for on-the-go brushing, the deodorant adds a bright, citrusy moment to your routine, and the toothbrushes are easy to toss in and t",n.a.,n.a.,n.a.,n.a.,takemeaway,hello brand site (DTC),https://www.hello-products.com/products/take-me-away-bundle,Brand site,Medium,2026-08-31
CL-USA-HELLO-2049,USA,hello,Oral Care Kits,Gift set / bundle,hello,watermelon wave bundle,"bring on the watermelon fun. this bundle lines up a fresh watermelon fluoride-free toothpaste, a matching watermelon mouthwash, and a unicorn toothbrush to round out the routine. the toothpaste and mouthwash are fluoride-free, while the juicy watermelon flavor adds a little slice of summer to every brush and swish. paired with a toothbrush that’s ready to join in, it’s a lineup that brings a littl",Watermelon,n.a.,n.a.,n.a.,watermelonwave,hello brand site (DTC),https://www.hello-products.com/products/watermelon-wave-bundle,Brand site,Medium,2026-08-31
CL-USA-HELLO-2050,USA,hello,Toothpaste,Toothpaste,hello Activated Charcoal,Hello Activated Charcoal Epic Whitening Toothpaste Fresh Mint Coconut Oil 4 Oz,CVS.com retailer listing.,Fresh Mint,4 oz,Paste / Gel,n.a.,prodid 635480,CVS Pharmacy,https://www.cvs.com/shop/hello-activated-charcoal-epic-whitening-toothpaste-fresh-mint-coconut-oil-4-oz-prodid-635480,Retailer listing,High,2026-08-31
CL-USA-HELLO-2051,USA,hello,Toothpaste,Toothpaste,hello Activated Charcoal,Hello Activated Charcoal Whitening Toothpaste,Target.com retailer listing.,Charcoal,n.a.,Paste / Gel,n.a.,TCIN 79177054,Target,https://www.target.com/p/hello-activated-charcoal-whitening-toothpaste/-/A-79177054,Retailer listing,High,2026-08-31
CL-USA-HELLO-2052,USA,hello,Toothpaste,Toothpaste,hello Activated Charcoal,hello activated charcoal epic whitening fluoride free toothpaste,"say hello to friendly teeth whitening toothpaste with hello epic whitening activated charcoal toothpaste. this fluoride free toothpaste is thoughtfully formulated with high quality ingredients like fresh mint, coconut oil, and activated charcoal. it is safe for enamel and freshens your breath like nobody’s business. made with activated charcoal from bamboo, this black toothpaste might look weird b",Charcoal,n.a.,Paste / Gel,n.a.,US07308A,hello brand site (DTC),https://www.hello-products.com/products/activated-charcoal-epic-whitening-fluoride-free-toothpaste,Brand site,Medium,2026-08-31
CL-USA-HELLO-2053,USA,hello,Oral Care Kits,Gift set / bundle,hello Activated Charcoal,hello activated charcoal essentials bundle,"this brilliant bundle includes hello activated charcoal fluoride free whitening toothpaste, award-winning hello activated charcoal extra freshening mouthwash (no spit, we’ve won multiple awards), and a hello BPA-free toothbrush with activated charcoal bristles.",Charcoal,n.a.,n.a.,n.a.,HI01,hello brand site (DTC),https://www.hello-products.com/products/activated-charcoal-essentials-bundle,Brand site,Medium,2026-08-31
CL-USA-HELLO-2054,USA,hello,Mouthwash & Rinse,Mouthwash / rinse,hello Activated Charcoal,hello chill mint with activated charcoal mouthwash,"take a swish on the wild side with hello chill mint alcohol free mouthwash with activated charcoal, a minty fluoride free mouthwash. this thoughtfully crafted zero alcohol mouthwash contains activated charcoal made from sustainable bamboo. while the black-colored oral rinse might look weird, it works brilliantly. formulated with refreshing farm grown mint and coconut oil, this no alcohol mouthwash",Charcoal,n.a.,Liquid Rinse,n.a.,61053492,hello brand site (DTC),https://www.hello-products.com/products/hello-chill-mint-with-activated-charcoal-mouthwash,Brand site,Medium,2026-08-31
CL-USA-HELLO-2055,USA,hello,Mouthwash & Rinse,Mouthwash / rinse,hello Antiplaque + Whitening,"hello Peace out, plaque Antigingivitis/antiplaque mouthwash",Open barcode database record (barcode 0819156023432); brands field: Hello.,n.a.,n.a.,Liquid Rinse,819156023432,n.a.,n.a. (open barcode database),"https://world.openbeautyfacts.org/api/v2/search?brands_tags=hello&countries_tags=en%3Aunited-states&fields=code,product_name,generic_name,brands,quantity,categories_tags,product_quantity,labels_tags,url&page_size=100&page=1",UPC database,Medium,2026-08-31
CL-USA-HELLO-2056,USA,hello,Toothpaste,Toothpaste,hello Fluoride-Free,Hello Fluoride Free Toothpaste Peppermint 10Oz,Target.com retailer listing.,Peppermint,10 oz,Paste / Gel,n.a.,TCIN 94823735,Target,https://www.target.com/p/hello-fluoride-free-toothpaste-peppermint-10oz/-/A-94823735,Retailer listing,High,2026-08-31
CL-USA-HELLO-2057,USA,hello,Toothpaste,Toothpaste,hello Fluoride-Free,Hello Fluoride Free Toothpaste Peppermint 5Oz,Target.com retailer listing.,Peppermint,5 oz,Paste / Gel,n.a.,TCIN 94823722,Target,https://www.target.com/p/hello-fluoride-free-toothpaste-peppermint-5oz/-/A-94823722,Retailer listing,High,2026-08-31
CL-USA-HELLO-2058,USA,hello,Mouthwash & Rinse,Mouthwash / rinse,hello Fluoride-Free,Hello Peace Out Plaque Fluoride Free And Alcohol Free Mouthwash Natural Mint 16 Fl Oz Bottle,Dollar General retailer listing.,Mint,16 fl oz,Liquid Rinse,n.a.,Dollar General item 854296004996,Dollar General,https://www.dollargeneral.com/p/hello-peace-out-plaque-fluoride-free-and-alcohol-free-mouthwash-natural-mint-16-fl-oz-bottle/854296004996,Retailer listing,High,2026-08-31
CL-USA-HELLO-2059,USA,hello,Toothpaste,Toothpaste,hello Fluoride-Free,Hello Super Fresh Fluoride Free Toothpaste Natural Spearmint 4.7 Oz Tube,Dollar General retailer listing.,Spearmint,7 oz,Paste / Gel,n.a.,Dollar General item 819156023234,Dollar General,https://www.dollargeneral.com/p/hello-super-fresh-fluoride-free-toothpaste-natural-spearmint-4-7-oz-tube/819156023234,Retailer listing,High,2026-08-31
CL-USA-HELLO-2060,USA,hello,Toothpaste,Toothpaste,hello Fluoride-Free,Hello Superfresh Fluoride Free Toothpaste 5.0 Oz 3 Pk,Sam's Club retailer listing.,n.a.,"5.0 oz, 3 ct",Paste / Gel,n.a.,Sam's Club item 20605015732,Sam's Club,https://www.samsclub.com/ip/hello-superfresh-fluoride-free-toothpaste-5-0-oz-3-pk/20605015732,Retailer listing,High,2026-08-31
CL-USA-HELLO-2061,USA,hello,Toothpaste,Toothpaste,hello Fluoride-Free,Hello Superfresh Fluoride Free Toothpaste For Bad Breath Natural Spearmint 5 Oz,Dollar General retailer listing.,Spearmint,5 oz,Paste / Gel,n.a.,Dollar General item 827854026402,Dollar General,https://www.dollargeneral.com/p/hello-superfresh-fluoride-free-toothpaste-for-bad-breath-natural-spearmint-5-oz/827854026402,Retailer listing,High,2026-08-31
CL-USA-HELLO-2062,USA,hello,Toothpaste,Toothpaste,hello Fluoride-Free,hello Smiling Shark Fluoride Free Toothpaste,Open barcode database record (barcode 0819156023630); brands field: Hello.,n.a.,n.a.,Paste / Gel,819156023630,n.a.,n.a. (open barcode database),"https://world.openbeautyfacts.org/api/v2/search?brands_tags=hello&countries_tags=en%3Aunited-states&fields=code,product_name,generic_name,brands,quantity,categories_tags,product_quantity,labels_tags,url&page_size=100&page=1",UPC database,Medium,2026-08-31
CL-USA-HELLO-2063,USA,hello,Toothpaste,Toothpaste,hello Fluoride-Free,hello superfresh peppermint fluoride free toothpaste,"say hello to a friendly fluoride free toothpaste for bad breath that offers unbelievable coolness and takes your freshness up to 11 with hello superfresh fluoride free natural peppermint flavor toothpaste. this bold, natural peppermint flavored mint toothpaste means business and is thoughtfully made with farm grown mint for unbelievable freshness. beyond next-level freshness, this bad breath tooth",Peppermint,n.a.,Paste / Gel,n.a.,61053405,hello brand site (DTC),https://www.hello-products.com/products/hello-superfresh-peppermint-fluoride-free-toothpaste,Brand site,Medium,2026-08-31
CL-USA-HELLO-2064,USA,hello,Toothpaste,Toothpaste,hello Fluoride-Free,hello superfresh spearmint fluoride free toothpaste,"say hello to a friendly toothpaste for bad breath with hello super fresh natural spearmint toothpaste. this fluoride free toothpaste is thoughtfully formulated with a bold blend of high quality ingredients like natural spearmint for unbelievable freshness. beyond offering unbelievable freshness and moisturization, this fresh breath toothpaste also whitens by removing surface stains. plus, this flu",Spearmint,n.a.,Paste / Gel,n.a.,61053202,hello brand site (DTC),https://www.hello-products.com/products/hello-super-fresh-friendly-fluoride-free-toothpaste,Brand site,Medium,2026-08-31
CL-USA-HELLO-2065,USA,hello,Toothpaste,Toothpaste,hello Kids,Hello Kids Fluoride Free Toothpaste Fresh Watermelon 4.2 Oz,CVS.com retailer listing.,Watermelon,2 oz,Paste / Gel,n.a.,prodid 801578,CVS Pharmacy,https://www.cvs.com/shop/hello-kids-fluoride-free-toothpaste-fresh-watermelon-4-2-oz-prodid-801578,Retailer listing,High,2026-08-31
CL-USA-HELLO-2066,USA,hello,Toothpaste,Toothpaste,hello Kids,Hello Kids Fluoride Free Toothpaste Watermelon 4.2 Oz,Target.com retailer listing.,Watermelon,2 oz,Paste / Gel,n.a.,TCIN 94876723,Target,https://www.target.com/p/hello-kids-fluoride-free-toothpaste-watermelon-4-2oz/-/A-94876723,Retailer listing,High,2026-08-31
CL-USA-HELLO-2067,USA,hello,Toothpaste,Toothpaste,hello Kids,Hello Kids Magical Mermaid Anticavity Fluoride Toothpaste Orange Dreamsicle Natural Flavor Ages 2,CVS.com retailer listing.,n.a.,n.a.,Paste / Gel,n.a.,prodid 318308,CVS Pharmacy,https://www.cvs.com/shop/hello-kids-magical-mermaid-anticavity-fluoride-toothpaste-orange-dreamsicle-natural-flavor-ages-2-prodid-318308,Retailer listing,High,2026-08-31
CL-USA-HELLO-2068,USA,hello,Toothpaste,Toothpaste,hello Kids,Hello Kids Smiling Shark Fluoride Free Toothpaste Fruit Punch 4.2 Oz,CVS.com retailer listing.,n.a.,2 oz,Paste / Gel,n.a.,prodid 108015,CVS Pharmacy,https://www.cvs.com/shop/hello-kids-smiling-shark-fluoride-free-toothpaste-fruit-punch-4-2-oz-prodid-108015,Retailer listing,High,2026-08-31
CL-USA-HELLO-2069,USA,hello,Toothpaste,Toothpaste,hello Kids,Hello Kids Toothpaste Fluoride Variety Pack 3 Pk42 Oz,BJ's Wholesale Club retailer listing.,n.a.,42 oz,Paste / Gel,n.a.,BJ's article 3000000000005603293,BJ's Wholesale Club,https://www.bjs.com/product/hello-kids-toothpaste-fluoride-variety-pack-3-pk42-oz/3000000000005603293/,Retailer listing,High,2026-08-31
CL-USA-HELLO-2070,USA,hello,Toothpaste,Toothpaste,hello Kids,Hello Kids Unicorn Sparkle Fluoride Toothpaste For Ages 2 Bubble Gum,CVS.com retailer listing.,n.a.,n.a.,Paste / Gel,n.a.,prodid 354534,CVS Pharmacy,https://www.cvs.com/shop/hello-kids-unicorn-sparkle-fluoride-toothpaste-for-ages-2-bubble-gum-prodid-354534,Retailer listing,High,2026-08-31
CL-USA-HELLO-2071,USA,hello,Toothpaste,Toothpaste,hello Kids,Hello Unicorn Sparkle Kids Toothpaste With Fluoride Bubble Gum Toothpaste 4.2 Oz Tube,Dollar General retailer listing.,n.a.,2 oz,Paste / Gel,n.a.,Dollar General item 819156021742,Dollar General,https://www.dollargeneral.com/p/hello-unicorn-sparkle-kids-toothpaste-with-fluoride-bubble-gum-toothpaste-4-2-oz-tube/819156021742,Retailer listing,High,2026-08-31
CL-USA-HELLO-2072,USA,hello,Toothpaste,Toothpaste,hello Kids,hello kids cherry mint penguin chill fluoride toothpaste,"say hello to one of the coolest kids toothpaste flavors around with hello penguin chill cherry mint kids toothpaste with fluoride. this epic cherry and mint flavored hello kids toothpaste with fluoride is safe for children ages 2 and up and is sweet as cherry, cool as mint, and snow much fun for daily brushing. hello penguin chill cherry mint toothpaste is a kids mint toothpaste with fluoride that",Mint,n.a.,Paste / Gel,n.a.,61054596,hello brand site (DTC),https://www.hello-products.com/products/hello-kids-cherry-mint-penguin-chill-fluoride-toothpaste,Brand site,Medium,2026-08-31
CL-USA-HELLO-2073,USA,hello,Toothpaste,Toothpaste,hello Kids,hello kids dragon dazzle blue raspberry fluoride toothpaste,"hello dragon dazzle kids toothpaste with fluoride, blue raspberry toothpaste, 4.2 oz tube say hello to brush time magic and celebrate more everyday yay with hello dragon dazzle kids toothpaste with fluoride. this dragon dazzle children’s toothpaste tastes like adventure and glory and works brilliantly. this kids fluoride toothpaste is safe for kids ages 2 and up and the blue raspberry toothpaste f",n.a.,4.2 oz,Paste / Gel,n.a.,61038924,hello brand site (DTC),https://www.hello-products.com/products/kids-dragon-dazzle-blue-raspberry-fluoride-toothpaste,Brand site,Medium,2026-08-31
CL-USA-HELLO-2074,USA,hello,Oral Care Kits,Gift set / bundle,hello Kids,hello kids fluoride starter bundle,"make brush time extra fun with this kid-approved starter kit! designed for ages 6 and up, this bundle is packed with fluoride toothpaste in playful flavors, a magical bubblegum mouthwash, and a soft-bristle toothbrush—helping little brushers build a fresh routine with smiles all around.",n.a.,n.a.,n.a.,n.a.,kidstarterkit,hello brand site (DTC),https://www.hello-products.com/products/kids-fluoride-starter-bundle,Brand site,Medium,2026-08-31
CL-USA-HELLO-2075,USA,hello,Toothpaste,Toothpaste,hello Kids,hello kids fluoride-free toothpaste bundle,"a fun-filled toothpaste duo made just for kids. this fluoride-free bundle features two playful flavors, with formulas made for tiny teeth. with a smooth texture and easy-squeeze tubes, it’s designed to make brushing magical and enjoyable—perfect for little smiles who love a fresh and fruity clean.",n.a.,n.a.,Paste / Gel,n.a.,kidsffkit,hello brand site (DTC),https://www.hello-products.com/products/kids-fluoride-free-toothpaste-bundle,Brand site,Medium,2026-08-31
CL-USA-HELLO-2076,USA,hello,Toothpaste,Toothpaste,hello Kids,hello kids fresh watermelon fluoride free toothpaste,"hello fresh watermelon fluoride free kids toothpaste, 4.2 oz tube say goodbye to brush time fighting and hello to more everyday yay with hello fresh watermelon fluoride free kids toothpaste. this one in a melon kids fluoride free toothpaste helps remove plaque with regular brushing and tastes brilliant with its natural watermelon flavor. plus, this kids watermelon toothpaste is safe for all ages a",Watermelon,4.2 oz,Paste / Gel,n.a.,US07310A,hello brand site (DTC),https://www.hello-products.com/products/kids-watermelon-fluoride-free-toothpaste,Brand site,Medium,2026-08-31
CL-USA-HELLO-2077,USA,hello,Toothpaste,Toothpaste,hello Kids,hello kids magical mermaid fluoride toothpaste,say goodbye to brush time negotiations and hello to everyday yay with hello magical mermaid kids toothpaste with fluoride. this mermaid children’s toothpaste tastes magical and works brilliantly. this kids fluoride toothpaste is safe for kids ages 2 and up and the orange dreamsicle kids toothpaste flavor will make them rush to brush. hello magical mermaid kids toothpaste with fluoride is thoughtfu,n.a.,n.a.,Paste / Gel,n.a.,61044442,hello brand site (DTC),https://www.hello-products.com/products/kids-magical-mermaid-fluoride-toothpaste,Brand site,Medium,2026-08-31
CL-USA-HELLO-2078,USA,hello,Toothpaste,Toothpaste,hello Kids,hello kids natural wild strawberry fluoride toothpaste,say goodbye to brush time negotiations and hello to everyday yay with hello wild strawberry kids toothpaste with fluoride. this children’s toothpaste tastes awesome and works brilliantly. this kids fluoride toothpaste is safe for ages 2 and up and the strawberry toothpaste flavor will make them rush to brush. hello wild strawberry kids fluoride toothpaste tastes awesome and works brilliantly. this,Strawberry,n.a.,Paste / Gel,n.a.,61038928,hello brand site (DTC),https://www.hello-products.com/products/kids-natural-wild-strawberry-fluoride-toothpaste,Brand site,Medium,2026-08-31
CL-USA-HELLO-2079,USA,hello,Toothpaste,Toothpaste,hello Kids,hello kids smiling shark fluoride free toothpaste,"hello smiling shark fluoride free kids toothpaste, natural fruit punch, 4.2 oz tube say hello to brush time magic and celebrate more everyday yay with hello smiling shark fluoride free kids toothpaste. this jawsome kids fluoride free toothpaste helps remove plaque with regular brushing and tastes magical with its fab fruit punch flavor. this children's toothpaste is safe for all ages and the great",n.a.,4.2 oz,Paste / Gel,n.a.,61038926,hello brand site (DTC),https://www.hello-products.com/products/smiling-shark-fluoride-free-kids-toothpaste,Brand site,Medium,2026-08-31
CL-USA-HELLO-2080,USA,hello,Toothbrush,Manual toothbrush,hello Kids,hello kids toothpaste and toothbrush variety bundle,"say hello to the kids toothpaste and toothbrush variety pack your kids will go wild for! kids can pick between three magical kids fluoride toothpaste flavors including dragon dazzle (blue raspberry toothpaste), magical mermaid (orange dreamsicle toothpaste), and unicorn sparkle (bubble gum toothpaste). they taste so delish they’ll rush to brush. plus, these tubefuls of magic contain fluoride to he",n.a.,n.a.,Paste / Gel,n.a.,kidsvarietybundle,hello brand site (DTC),https://www.hello-products.com/products/hello-kids-toothpaste-and-toothbrush-variety-bundle,Brand site,Medium,2026-08-31
CL-USA-HELLO-2081,USA,hello,Toothpaste,Toothpaste,hello Kids,hello kids unicorn sparkle fluoride toothpaste,say hello to brush time magic and celebrate more everyday yay with hello unicorn sparkle kids toothpaste with fluoride. this unicorn sparkle children’s toothpaste tastes like rainbows and sparkles and works brilliantly. this kids fluoride toothpaste is safe for kids ages 2 and up and the magical bubble gum toothpaste flavor is a fun way to encourage regular brushing habits at an early age. hello u,n.a.,n.a.,Paste / Gel,n.a.,61012771,hello brand site (DTC),https://www.hello-products.com/products/kids-unicorn-sparkle-fluoride-toothpaste,Brand site,Medium,2026-08-31
CL-USA-HELLO-2082,USA,hello,Mouthwash & Rinse,Mouthwash / rinse,hello Kids,hello kids unicorn splash fluoride mouthwash,"say hello to a magical fluoride mouthwash for kids that tastes like rainbows and sunshine (aka bubble gum) with hello unicorn splash kids mouthwash. thoughtfully crafted with fluoride, this bubble gum mouthwash is designed to prevent cavities to help strengthen little smiles. this delightful tasting kids anticavity fluoride rinse is a fun way to protect their smile and add a bit of joy to their da",n.a.,n.a.,Liquid Rinse,n.a.,61053493,hello brand site (DTC),https://www.hello-products.com/products/hello-kids-unicorn-splash-fluoride-mouthwash,Brand site,Medium,2026-08-31
CL-USA-HELLO-2083,USA,hello,Toothbrush,Manual toothbrush,hello Kids,hello kids unicorn toothpaste + toothbrush,"say hello to brush time magic. unicorn toothpaste tastes like rainbows and sunshine (aka bubble gum!), and works brilliantly. this bundle comes with a super-soft and BPA-free kids unicorn toothbrush that’s sure to make your little one rush to brush without the fuss. #crushingbrushing",n.a.,n.a.,Paste / Gel,n.a.,HI22,hello brand site (DTC),https://www.hello-products.com/products/hello-unicorn-toothpaste-toothbrush,Brand site,Medium,2026-08-31
CL-USA-HELLO-2084,USA,hello,Mouthwash & Rinse,Mouthwash / rinse,hello Kids,hello kids watermelon fluoride free mouthwash,say hello to a one-in-a-melon kids fluoride free mouthwash that tastes so delicious they’ll rush to rinse with hello fresh watermelon kids mouthwash. this hello mouthwash for kids is thoughtfully crafted with natural watermelon flavor that tastes awesome and helps freshen breath like nobody’s business. the fun and refreshing kids watermelon mouthwash is here to make cleaning those little smiles fu,Watermelon,n.a.,Liquid Rinse,n.a.,61053547,hello brand site (DTC),https://www.hello-products.com/products/hello-kids-watermelon-fluoride-free-mouthwash,Brand site,Medium,2026-08-31
CL-USA-HELLO-2085,USA,hello,Toothbrush,Manual toothbrush,hello Kids,hello unicorn soft kids toothbrush,"say hello to a brush worthy of a unicorn with the hello unicorn soft kids toothbrush. made for kids of all ages, this colorful unicorn toothbrush is designed with super-soft bristles and a wide, grippy handle that’s perfect for little hands to hold. bright, bold, and bpa-free, this unicorn themed kids toothbrush is as fun as it is functional. plus, this hello kids toothbrush comes with super-soft ",n.a.,n.a.,Brush,n.a.,61012728,hello brand site (DTC),https://www.hello-products.com/products/kids-unicorn-toothbrush,Brand site,Medium,2026-08-31
CL-USA-HELLO-2086,USA,hello,Toothpaste,Toothpaste,hello Whitening,Hello Antiplaque And Whitening Fluoride Free Toothpaste 1Oz,Target.com retailer listing.,n.a.,1 oz,Paste / Gel,n.a.,TCIN 94903481,Target,https://www.target.com/p/hello-antiplaque-and-whitening-fluoride-free-toothpaste-1oz/-/A-94903481,Retailer listing,High,2026-08-31
CL-USA-HELLO-2087,USA,hello,Toothpaste,Toothpaste,hello Whitening,Hello Antiplaque And Whitening Fluoride Free Toothpaste Natural Peppermint 4 Oz,Dollar General retailer listing.,Peppermint,4 oz,Paste / Gel,n.a.,Dollar General item 827854027263,Dollar General,https://www.dollargeneral.com/p/hello-antiplaque-and-whitening-fluoride-free-toothpaste-natural-peppermint-4-oz/827854027263,Retailer listing,High,2026-08-31
CL-USA-HELLO-2088,USA,hello,Toothpaste,Toothpaste,hello Whitening,Hello Antiplaque And Whitening Fluoride Free Toothpaste Natural Peppermint 4.7 Oz,Dollar General retailer listing.,Peppermint,7 oz,Paste / Gel,n.a.,Dollar General item 819156020240,Dollar General,https://www.dollargeneral.com/p/hello-antiplaque-and-whitening-fluoride-free-toothpaste-natural-peppermint-4-7-oz/819156020240,Retailer listing,High,2026-08-31
CL-USA-HELLO-2089,USA,hello,Toothpaste,Toothpaste,hello Whitening,Hello Antiplaque Whitening Toothpaste Natural Peppermint 5 Oz,CVS.com retailer listing.,Peppermint,5 oz,Paste / Gel,n.a.,prodid 447384,CVS Pharmacy,https://www.cvs.com/shop/hello-antiplaque-whitening-toothpaste-natural-peppermint-5-oz-prodid-447384,Retailer listing,High,2026-08-31
CL-USA-HELLO-2090,USA,hello,Toothpaste,Toothpaste,hello Whitening,Hello Epic Whitening Charcoal Fluoride Free Toothpaste Fresh Mint 4.0 Oz Tube,Dollar General retailer listing.,Fresh Mint,4.0 oz,Paste / Gel,n.a.,Dollar General item 819156020035,Dollar General,https://www.dollargeneral.com/p/hello-epic-whitening-charcoal-fluoride-free-toothpaste-fresh-mint-4-0-oz-tube/819156020035,Retailer listing,High,2026-08-31
CL-USA-HELLO-2091,USA,hello,Toothpaste,Toothpaste,hello Whitening,Hello Natural Whitening Toothpaste 5Oz,Target.com retailer listing.,n.a.,5 oz,Paste / Gel,n.a.,TCIN 94823744,Target,https://www.target.com/p/hello-natural-whitening-toothpaste-5oz/-/A-94823744,Retailer listing,High,2026-08-31
CL-USA-HELLO-2092,USA,hello,Toothpaste,Toothpaste,hello Whitening,Hello Vitamin C Whitening The Sparkle Toothpaste Natural Peppermint 4 Oz,CVS.com retailer listing.,Peppermint,4 oz,Paste / Gel,n.a.,prodid 108424,CVS Pharmacy,https://www.cvs.com/shop/hello-vitamin-c-whitening-the-sparkle-toothpaste-natural-peppermint-4-oz-prodid-108424,Retailer listing,High,2026-08-31
CL-USA-HELLO-2093,USA,hello,Toothpaste,Toothpaste,hello Whitening,Hello Vitamin C Whitening Toothpaste 4Oz,Target.com retailer listing.,n.a.,4 oz,Paste / Gel,n.a.,TCIN 89419224,Target,https://www.target.com/p/hello-vitamin-c-whitening-toothpaste-4oz/-/A-89419224,Retailer listing,High,2026-08-31
CL-USA-HELLO-2094,USA,hello,Toothpaste,Toothpaste,hello Whitening,hello antiplaque + whitening fluoride free toothpaste,Open barcode database record (barcode 0827854027317); brands field: hello.,n.a.,n.a.,Paste / Gel,827854027317,n.a.,n.a. (open barcode database),"https://world.openbeautyfacts.org/api/v2/search?brands_tags=hello&countries_tags=en%3Aunited-states&fields=code,product_name,generic_name,brands,quantity,categories_tags,product_quantity,labels_tags,url&page_size=100&page=1",UPC database,Medium,2026-08-31
CL-USA-HELLO-2095,USA,hello,Toothpaste,Toothpaste,hello Whitening,hello antiplaque + whitening fluoride free toothpaste twin pack,"say hello to a friendly fluoride free toothpaste that helps whiten teeth and crush tartar with hello antiplaque whitening fluoride free toothpaste. this fluoride free toothpaste pack is thoughtfully formulated with high quality ingredients like farm grown peppermint, tea tree oil, and coconut oil to help tame bad breath. add a bit of friendly freshness to your brushing routine with this peppermint",n.a.,n.a.,Paste / Gel,n.a.,61053897,hello brand site (DTC),https://www.hello-products.com/products/hello-antiplaque-whitening-fluoride-free-toothpaste-twin-pack,Brand site,Medium,2026-08-31
CL-USA-HELLO-2096,USA,hello,Toothpaste,Toothpaste,hello Whitening,hello antiplaque + whitening fluoride free travel toothpaste,"say hello to a mighty and tiny fluoride free toothpaste that helps whiten teeth and crush tartar during your travels with hello antiplaque and whitening travel toothpaste. this travel friendly fluoride free teeth whitening toothpaste for adults is tsa-approved and helps brush away plaque with regular brushing and includes high quality ingredients like farm grown peppermint, tea tree oil, and cocon",n.a.,n.a.,Paste / Gel,n.a.,61052685,hello brand site (DTC),https://www.hello-products.com/products/hello-antiplaque-whitening-fluoride-free-travel-toothpaste,Brand site,Medium,2026-08-31
CL-USA-HELLO-2097,USA,hello,Toothpaste,Toothpaste,hello Whitening,hello epic whitening charcoal toothpaste twin pack,"say hello to a friendly teeth whitening toothpaste with hello epic whitening activated charcoal toothpaste. this fluoride free toothpaste pack is thoughtfully formulated with high quality ingredients like fresh mint, coconut oil, and activated charcoal. it is safe for enamel and freshens your breath like nobody’s business. made with activated charcoal from bamboo, this black toothpaste might look ",Charcoal,n.a.,Paste / Gel,n.a.,61048336,hello brand site (DTC),https://www.hello-products.com/products/epic-whitening-charcoal-toothpaste,Brand site,Medium,2026-08-31
CL-USA-HELLO-2098,USA,hello,Toothpaste,Toothpaste,hello Whitening,hello naturally whitening fluoride toothpaste,say hello to an everyday yay whitening toothpaste with mind-blowing freshness with the hello naturally whitening fluoride toothpaste. this minty whitening toothpaste tastes awesome and works brilliantly with a calcium mineral blend that helps naturally whiten teeth by removing surface stains. it’s thoughtfully formulated to tame bad breath and moisturize. made with high quality ingredients like fa,n.a.,n.a.,Paste / Gel,n.a.,61053728,hello brand site (DTC),https://www.hello-products.com/products/hello-naturally-whitening-fluoride-toothpaste,Brand site,Medium,2026-08-31
CL-USA-HELLO-2099,USA,hello,Toothpaste,Toothpaste,hello Whitening,hello vitamin c whitening toothpaste with fluoride - 1 Pack,"say hello to a brighter smile and c ya later stains with hello vitamin c whitening toothpaste with fluoride. this whitening sls free toothpaste has a delightful peppermint toothpaste flavor and can give you 2 shades whiter teeth.* plus, this fluoride toothpaste is infused with naturally derived vitamin c, an alternative to peroxide for teeth whitening, and is safe for everyday use. experience whit",n.a.,1 ct,Paste / Gel,n.a.,61038049,hello brand site (DTC),https://www.hello-products.com/products/vitamin-c-whitening-toothpaste-with-fluoride,Brand site,Medium,2026-08-31
CL-USA-HELLO-2100,USA,hello,Toothpaste,Toothpaste,hello Whitening,hello vitamin c whitening toothpaste with fluoride - 2 Pack,"say hello to a brighter smile and c ya later stains with hello vitamin c whitening toothpaste with fluoride. this whitening sls free toothpaste has a delightful peppermint toothpaste flavor and can give you 2 shades whiter teeth.* plus, this fluoride toothpaste is infused with naturally derived vitamin c, an alternative to peroxide for teeth whitening, and is safe for everyday use. experience whit",n.a.,2 ct,Paste / Gel,n.a.,vitc-2pack,hello brand site (DTC),https://www.hello-products.com/products/vitamin-c-whitening-toothpaste-with-fluoride,Brand site,Medium,2026-08-31
CL-USA-HELLO-2101,USA,hello,Toothpaste,Toothpaste,hello Whitening,hello vitamin c whitening toothpaste with fluoride - 3 Pack,"say hello to a brighter smile and c ya later stains with hello vitamin c whitening toothpaste with fluoride. this whitening sls free toothpaste has a delightful peppermint toothpaste flavor and can give you 2 shades whiter teeth.* plus, this fluoride toothpaste is infused with naturally derived vitamin c, an alternative to peroxide for teeth whitening, and is safe for everyday use. experience whit",n.a.,3 ct,Paste / Gel,n.a.,vitc-3pack,hello brand site (DTC),https://www.hello-products.com/products/vitamin-c-whitening-toothpaste-with-fluoride,Brand site,Medium,2026-08-31
